entity_id	platform	config_entry	device	area	name	disabled_by	hidden_by	unique_id
air_quality.bedroom	dyson				Bedroom	user		VS7-UK-MFA2757A
air_quality.upstairs	dyson				Upstairs	user		ZZ9-UK-NEA5537A
alarm_control_panel.aarlo_tojgarln	aarlo	Aarlo for tongai.maramba@gmail.com	tojgarln		tojgarln			tojgarln
automation.ac_alexa_helper_fan_speed	automation				AC Alexa Helper - Fan Speed			1752418667570
automation.ac_alexa_helper_snooze	automation				AC Alexa Helper - Snooze			1752418702841
automation.ac_energy_saver_automation	automation				AC Energy Saver Automation			1752418581260
automation.ac_energy_saver_ignore_handler	automation				AC Energy Saver Ignore Handler			1752418503015
automation.ac_reset_scenario_flags_when_ac_turns_off	automation				AC Reset Scenario Flags When AC Turns Off			1752418625672
automation.audio	automation				Audio			1656705377102
automation.audio_change	automation				audio change			1712681075907
automation.away_door_alarm	automation				away door alarm			1671457535844
automation.battery_first_scheduler	automation				Battery First Scheduler			1710089973439
automation.bedside_controller	automation				bedside controller			1752418954085
automation.boost_main_tag_scan	automation				Study lamp			1669496534955
automation.car_perimeter_alarm_mode	automation				Car Perimeter Alarm Mode			1691440278084
automation.dawn_lamp	automation				Dawn lamp			1739571868760
automation.domane_alarm	automation				Domane alarm			1722015002107
automation.domane_alert	automation				Domane alert			1722017723783
automation.downstairs_off	automation				downstairs off			1736714739898
automation.downstairs_off_tag	automation				Downstairs off tag			1669495424339
automation.dyson_night_mode	automation				Dyson Night Mode			1673909236249
automation.ellie_nightlight_goes_off	automation				Ellie Nightlight goes off			1704060038348
automation.eva_lock_backup	automation				Eva Lock Backup			1753979825308
automation.evie_security	automation				Evie Security			1684917455507
automation.export_optimiser	automation				Export optimiser			1709480751318
automation.favetune	automation				favetune			1659303236672
automation.fingerprint_enrollment_workflow	automation				Fingerprint Enrollment Management			1749894430384
automation.force_litra_beam_state_sync	automation				Force Litra Beam State Sync			1744811803504
automation.fp_access_granted	automation				FP Access			1747764905471
automation.garage_light_timer	automation				Garage light timer			1646081816959
automation.hannah_moving	automation				Hannah moving 			1684702121322
automation.hannah_phone_charging	automation				Hannah Phone Charging			1696798002604
automation.home_alarm	automation				home alarm			1686684796572
automation.loghts_for_betytoo	automation				lights for Robert			1645567096937
automation.manage_loft_blind	automation				Manage Loft Blind			1704312712410
automation.manager_car_perimeter_alarm	automation				Manager Car Perimeter Alarm			1691440079846
automation.mojgan_iphone_wifi	automation				Mojgan Iphone WiFi			1606917291219
automation.morning	automation				Morning 			1642112099034
automation.on_air	automation				On air - Meta laptop			1703931685757
automation.on_air_desk_button	automation				[out of date] On air desk button			1703971587073
automation.on_air_light_family_mbp	automation				On-air - Family laptop			1708505312139
automation.parents_presence	automation				Parents Presence 			1690232792612
automation.patio_and_lamps_on	automation				patio and lamps			1641497968693
automation.patio_and_worktop	automation				patio and worktop			1642517830283
automation.perimeter	automation				Perimeter 			1688715055838
automation.perimeter_alarm	automation				perimeter alarm (away)			1595834576124
automation.perimeter_alarm_at_home	automation				perimeter alarm (at home)			1618488926197
automation.proxy_to_mock_tap_combined_debounce	automation				Proxy to mock tap (combined, debounce, and reset)			1764098343827
automation.reset_alarm_mute_3	automation				Reset Alarm Mute			1689623801210
automation.run_speedtest	automation				Run speedtest			1742664762678
automation.solar_mode_force	automation				solar mode force			1752419002586
automation.sync_fp_metadata_to_esphome_on_boot	automation				Sync FP Metadata to ESPHome on Boot			1750269427938
automation.tag_downstairs_lights_off_is_scanned	automation				Tag Downstairs Lights Off is scanned			1659019447358
automation.tag_t_light_is_scanned	automation				Tag T-light is scanned			1659304799679
automation.tap	automation				Tap 3 - dining			1683826970594
automation.tap_1_lounge_lamps	automation				Tap 1 - lounge lamps			1683972591632
automation.tap_2	automation				Tap 2 - music room			1683911066946
automation.tap_4	automation				Tap 4 - dining wall lights			1683972433242
automation.test_temp	automation				Test temp			1709496362515
automation.test_temp_wait	automation				test temp wait			1709909184554
automation.timed_pump	automation				timed pump			1668696568745
automation.work_status	automation				Work Status 			1703934406917
automation.work_status_bookends	automation				Work Status Bookends			1704793770116
binary_sensor.aarlo_connected_garden_c	aarlo	Aarlo for tongai.maramba@gmail.com	Garden C		Connected Garden C			connected_garden_c
binary_sensor.aarlo_connected_swings	aarlo	Aarlo for tongai.maramba@gmail.com	swings		Connected swings			connected_swings
binary_sensor.aarlo_connected_tojgarln	aarlo	Aarlo for tongai.maramba@gmail.com	tojgarln		Connected tojgarln			connected_tojgarln
binary_sensor.aarlo_motion_garden_c	aarlo	Aarlo for tongai.maramba@gmail.com	Garden C		Motion Garden C			motion_garden_c
binary_sensor.aarlo_motion_swings	aarlo	Aarlo for tongai.maramba@gmail.com	swings		Motion swings			motion_swings
binary_sensor.aarlo_sound_garden_c	aarlo	Aarlo for tongai.maramba@gmail.com	Garden C		Sound Garden C			sound_garden_c
binary_sensor.aarlo_sound_swings	aarlo	Aarlo for tongai.maramba@gmail.com	swings		Sound swings			sound_swings
binary_sensor.advanced_ssh_web_terminal_running	hassio	Supervisor	Advanced SSH & Web Terminal		Running	integration		ccf28a08_ssh_state
binary_sensor.appdaemon_4_running	hassio	Supervisor	AppDaemon		Running			a0d7b954_appdaemon_state
binary_sensor.appdaemon_4_update_available	hassio	Supervisor	AppDaemon		Update available	integration		a0d7b954_appdaemon_update_available
binary_sensor.bathroom_motion	hue	Hue Bridge 0017882791a0	Bathroom	Bathroom	Motion			1d9cc0e6-2f7d-4122-90cd-9f42e776c39e
binary_sensor.bathroom_sink_motion	hue	Hue Bridge 0017882791a0	Bathroom Sink	Bathroom	Motion			dffb3e3d-9480-4c62-a7a6-6f492fef6439
binary_sensor.car_security	group	Car Security			Car Security			32512a8a1e1341f8ca6d8d8f791537e9
binary_sensor.cloudflared_running	hassio	Supervisor	Cloudflared		Running	integration		9074a9fa_cloudflared_state
binary_sensor.coats_motion	hue	Hue Bridge 0017882791a0	Coats	Hallway	Motion			265cef33-851c-4bc0-98b9-5d436059dd82
binary_sensor.coats_motion_2	hue	Hue Bridge 0017882791a0	Coats	Coats	Motion			9fffb4ac-6b8b-43e9-83e9-ac66fff9499d
binary_sensor.domane_lost	tile	tongaimaramba@gmail.com	Domane	Garage	Lost			tongaimaramba@gmail.com_93a9f62adee24a79_lost
binary_sensor.downstairs_indoor_movement	group	Downstairs Indoor Movement			Downstairs Indoor Movement			60bed65316a7857969c58ad2fcbf18f9
binary_sensor.ellie_s_gym_bag_lost	tile	tongaimaramba@gmail.com	Ellie's Gym Bag		Lost			tongaimaramba@gmail.com_e4bba3984d007315_lost
binary_sensor.ellie_s_hockey_bag_lost	tile	tongaimaramba@gmail.com	Ellie's Hockey Bag		Lost			tongaimaramba@gmail.com_3c22b05cbd0f0356_lost
binary_sensor.ellie_s_phone_lost	tile	tongaimaramba@gmail.com	Ellie's Phone		Lost			tongaimaramba@gmail.com_3c9084d6616575bd_lost
binary_sensor.ellie_s_phone_lost_2	tile	tongaimaramba@gmail.com	Ellie's Phone		Lost			tongaimaramba@gmail.com_9fac610bf616b6d8_lost
binary_sensor.ellie_s_school_bag_lost	tile	tongaimaramba@gmail.com	Ellie's School Bag	Coats	Lost			tongaimaramba@gmail.com_92dee031bfd76ee3_lost
binary_sensor.esphome_device_builder_running	hassio	Supervisor	ESPHome Device Builder		Running	integration		5c53de3b_esphome_state
binary_sensor.expensive_grid	tod	Expensive Grid			Peak Electric Time			50927a8ead8f82fc58015b029996f384
binary_sensor.family_mac_active	mobile_app	family_mac	family_mac		family_mac Active			2fca3312f88edc81ada813e7612bb62b55bf1acddd7d661d1d53f631938400e7_active
binary_sensor.family_mac_audio_input_in_use	mobile_app	family_mac	family_mac		family_mac Audio Input In Use			2fca3312f88edc81ada813e7612bb62b55bf1acddd7d661d1d53f631938400e7_microphone_in_use
binary_sensor.family_mac_audio_output_in_use	mobile_app	family_mac	family_mac		family_mac Audio Output In Use			2fca3312f88edc81ada813e7612bb62b55bf1acddd7d661d1d53f631938400e7_audio_output_in_use
binary_sensor.family_mac_camera_in_use	mobile_app	family_mac	family_mac		family_mac Camera In Use			2fca3312f88edc81ada813e7612bb62b55bf1acddd7d661d1d53f631938400e7_camera_in_use
binary_sensor.family_mac_focus	mobile_app	family_mac	family_mac		family_mac Focus			2fca3312f88edc81ada813e7612bb62b55bf1acddd7d661d1d53f631938400e7_focus
binary_sensor.family_mbp_active	mobile_app	MacBook Pro	family-mbp		family-mbp Active			f57af69d251e9b013f0128e9809fca7125077245575ceede81fd46cb5f680e45_active
binary_sensor.family_mbp_audio_input_in_use	mobile_app	MacBook Pro	family-mbp		family-mbp Audio Input In Use			f57af69d251e9b013f0128e9809fca7125077245575ceede81fd46cb5f680e45_microphone_in_use
binary_sensor.family_mbp_audio_output_in_use	mobile_app	MacBook Pro	family-mbp		family-mbp Audio Output In Use			f57af69d251e9b013f0128e9809fca7125077245575ceede81fd46cb5f680e45_audio_output_in_use
binary_sensor.family_mbp_camera_in_use	mobile_app	MacBook Pro	family-mbp		family-mbp Camera In Use			f57af69d251e9b013f0128e9809fca7125077245575ceede81fd46cb5f680e45_camera_in_use
binary_sensor.family_mbp_focus	mobile_app	MacBook Pro	family-mbp		family-mbp Focus			f57af69d251e9b013f0128e9809fca7125077245575ceede81fd46cb5f680e45_focus
binary_sensor.file_editor_running	hassio	Supervisor	File editor		Running	integration		core_configurator_state
binary_sensor.file_editor_update_available	hassio	Supervisor	File editor		Update available	integration		core_configurator_update_available
binary_sensor.fp_auth_button_a	esphome	Fingerprint Authoriser	Fingerprint Authoriser	Hallway	Button A			C8:F0:9E:4E:4A:5C-binary_sensor-button_a
binary_sensor.fp_auth_button_b	esphome	Fingerprint Authoriser	Fingerprint Authoriser	Hallway	Button B			C8:F0:9E:4E:4A:5C-binary_sensor-button_b
binary_sensor.fp_auth_device_status	esphome	Fingerprint Authoriser	Fingerprint Authoriser	Hallway	Device Status			C8:F0:9E:4E:4A:5C-binary_sensor-device_status
binary_sensor.fp_button_a	esphome	c3	Fingerprint Authoriser	Garage	Button A			D8:3B:DA:73:D9:F4-binary_sensor-button_a
binary_sensor.fp_button_b	esphome	c3	Fingerprint Authoriser	Garage	Button B			D8:3B:DA:73:D9:F4-binary_sensor-button_b
binary_sensor.fp_device_status	esphome	c3	Fingerprint Authoriser	Garage	Device Status			D8:3B:DA:73:D9:F4-binary_sensor-device_status
binary_sensor.front_perimeter_contact	group	Front Perimeter Contact			Front Perimeter Contact			aac00270760a49337665a3788afa04a9
binary_sensor.front_perimeter_movement	group	Front Perimeter Movement			Front Perimeter Movement			4a5b2578b6f5d1a0d194a1cc02b7dcf2
binary_sensor.garmin_device_battery_is_charging	mobile_app	Garmin Device	Garmin Device		Garmin Device Battery is Charging	integration		af61dee633a644bcf6ee5f21817c868ed00087e3c55f771699f5b1eea217c3e2_battery_is_charging
binary_sensor.get_hacs_running	hassio	Supervisor	Get HACS		Running	integration		cb646a50_get_state
binary_sensor.hannah_hockey_bag_lost	tile	tongaimaramba@gmail.com	Hannah Hockey Bag		Lost			tongaimaramba@gmail.com_4bead49220aebc67_lost
binary_sensor.hannah_keys_lost	tile	tongaimaramba@gmail.com	Hannah Keys	Coats	Lost			tongaimaramba@gmail.com_3f1f04667e938b3e_lost
binary_sensor.hannahs_iphone13_camera_motion	mobile_app	Hannah’s iPhone13	Hannah’s iPhone13		Hannah’s iPhone13 Camera Motion			5a0399337c77622c5b3b0e5e6968e03df905618dd2d1720561ce04d0e5086078_cameraMotion
binary_sensor.hannahs_iphone13_focus	mobile_app	Hannah’s iPhone13	Hannah’s iPhone13		Hannah’s iPhone13 Focus			5a0399337c77622c5b3b0e5e6968e03df905618dd2d1720561ce04d0e5086078_focus
binary_sensor.hannahs_iphone13_kiosk_mode	mobile_app	Hannah’s iPhone13	Hannah’s iPhone13		Hannah’s iPhone13 Kiosk Mode			5a0399337c77622c5b3b0e5e6968e03df905618dd2d1720561ce04d0e5086078_kioskMode
binary_sensor.hannahs_iphone13_kiosk_screensaver	mobile_app	Hannah’s iPhone13	Hannah’s iPhone13		Hannah’s iPhone13 Kiosk Screensaver			5a0399337c77622c5b3b0e5e6968e03df905618dd2d1720561ce04d0e5086078_kioskScreensaver
binary_sensor.hannahs_iphone_focus	mobile_app	Hannah’s iPhone	Hannah’s iPhone		Hannah’s iPhone Focus			0932139ad7451413777296f0cb5a91cc1e41f06aa37b4e74a614c4da1507373b_focus
binary_sensor.home_assistant_google_drive_backup_running	hassio	Supervisor	Home Assistant Google Drive Backup		Running	integration		cebe7a76_hassio_google_drive_backup_state
binary_sensor.home_assistant_google_drive_backup_update_available	hassio	Supervisor	Home Assistant Google Drive Backup		Update available	integration		cebe7a76_hassio_google_drive_backup_update_available
binary_sensor.home_assistant_operating_system_running	hassio	Supervisor	Home Assistant Operating System		Home Assistant Operating System: Running	integration		home_assistant_os_state
binary_sensor.home_assistant_operating_system_update_available	hassio	Supervisor	Home Assistant Operating System		Update available	integration		home_assistant_os_update_available
binary_sensor.hue_motion_sensor_1_motion	hue	Hue Bridge 0017882791a0	Loft Bathroom 	Loft Bathroom	Motion			2b9c5f43-f5a8-49b6-af8f-a7a0eda29240
binary_sensor.hue_motion_sensor_2_motion	hue	Hue Bridge 0017882791a0	Garage Laundry	Kitchen	Motion			f16b3ee0-4986-45d1-b8ca-ad76fb0053d6
binary_sensor.iphone_32_focus	mobile_app	iPhone (32)	iPhone (32)		iPhone (32) Focus			42545204a0774ca1cf08f3e3fa7566c5dcbeb3db4658f3915199c8fb0d916027_focus
binary_sensor.kitchen_motion	hue	Hue Bridge 0017882791a0	Kitchen	Kitchen	Motion			d02614b7-d1a2-4547-a6eb-6691276df2c6
binary_sensor.loft32_desk_switch	esphome	study work status	work status	Study	Desk Switch			94:3C:C6:37:67:84-binary_sensor-desk_switch
binary_sensor.loft_bathroom_motion	hue	Hue Bridge 0017882791a0	Loft Bathroom	Loft Bathroom	Motion			fdb0eabd-9031-4adb-90d4-0b1fb2ce11f0
binary_sensor.loft_controller_atom_button	esphome	Loft Controller	Loft Controller	Loft	Atom Button			F4:65:0B:07:AB:34-binary_sensor-atom_button
binary_sensor.loft_controller_bed_area	esphome	Loft Controller	Loft Controller	Loft	Bed Area			F4:65:0B:07:AB:34-binary_sensor-bed_area
binary_sensor.loft_controller_bedroom_door	esphome	Loft Controller	Loft Controller	Loft	Bedroom Door			F4:65:0B:07:AB:34-binary_sensor-bedroom_door
binary_sensor.loft_controller_person_present	esphome	Loft Controller	Loft Controller	Loft	Person Present			F4:65:0B:07:AB:34-binary_sensor-person_present
binary_sensor.loft_controller_window_area	esphome	Loft Controller	Loft Controller	Loft	Window Area			F4:65:0B:07:AB:34-binary_sensor-window_area
binary_sensor.loft_pir_bed_area	esphome	Bedroom Presence	Bedroom Presence	Loft	Bed Area			D8:3B:DA:75:E6:90-binary_sensor-bed_area
binary_sensor.loft_pir_bedroom_door	esphome	Bedroom Presence	Bedroom Presence	Loft	Bedroom Door			D8:3B:DA:75:E6:90-binary_sensor-bedroom_door
binary_sensor.loft_pir_person_present	esphome	Bedroom Presence	Bedroom Presence	Loft	Person Present			D8:3B:DA:75:E6:90-binary_sensor-person_present
binary_sensor.loft_pir_window_area	esphome	Bedroom Presence	Bedroom Presence	Loft	Window Area			D8:3B:DA:75:E6:90-binary_sensor-window_area
binary_sensor.matter_server_running	hassio	Supervisor	Matter Server		Running	integration		core_matter_server_state
binary_sensor.mm_iphone_focus	mobile_app	iPhone (3)	mm iphone		mm iphone Focus			1e4f4f5c243b4c297da73c9e6bfbccb4ea668fe9a42d2e729ff38a7b30eeee14_focus
binary_sensor.mosquitto_broker_running	hassio	Supervisor	Mosquitto broker		Running			core_mosquitto_state
binary_sensor.mosquitto_broker_update_available	hassio	Supervisor	Mosquitto broker		Update available	integration		core_mosquitto_update_available
binary_sensor.mummy_s_keys_lost	tile	tongaimaramba@gmail.com	Mummy's Keys		Lost			tongaimaramba@gmail.com_e331cdcbc83d600e_lost
binary_sensor.network_ups_tools_running	hassio	Supervisor	Network UPS Tools		Running	integration		ccf28a08_nut_state
binary_sensor.network_ups_tools_update_available	hassio	Supervisor	Network UPS Tools		Update available	integration		ccf28a08_nut_update_available
binary_sensor.nginx_home_assistant_ssl_proxy_running	hassio	Supervisor	NGINX Home Assistant SSL proxy		Running	integration		core_nginx_proxy_state
binary_sensor.nginx_home_assistant_ssl_proxy_update_available	hassio	Supervisor	NGINX Home Assistant SSL proxy		Update available	integration		core_nginx_proxy_update_available
binary_sensor.peak_window	tod	peak window			peak window			833a2c8b1fbaf18dd54691091202be7b
binary_sensor.perimeter_contacts	group	Perimeter Contacts			Perimeter Contacts			7bb42dcf512573dd7abdbedb0ebe1528
binary_sensor.perimeter_movement	group	Perimeter Movement			Perimeter Movement			38652b66a5ab91af73e3560989e05f03
binary_sensor.perimeter_status	group	Perimeter Status			Perimeter Status			6ca223bdaa566da071a7c144272819e4
binary_sensor.pir_gpio_driveway	rpi_gpio				pir_gpio_driveway			pir_17_gpio_driveway
binary_sensor.rear_perimeter_contact	group	Rear Perimeter Contact			Rear Perimeter Contact			649d350668ae2bbf1f287a862e79aab4
binary_sensor.rear_perimeter_movement	group	Rear Perimeter Movement			Rear Perimeter Movement			c9adb969e7a7822ef68d92fb529c83b2
binary_sensor.robert_bin_full	roomba	Robert	Robert		Bin full			bin_4320C0BC4988426D9ADA72F6C3CD8499
binary_sensor.rpi_power_status	rpi_power	Raspberry Pi Power Supply Checker			RPi Power status			rpi_power
binary_sensor.samba_share_running	hassio	Supervisor	Samba share		Running	integration		core_samba_state
binary_sensor.samba_share_update_available	hassio	Supervisor	Samba share		Update available	integration		core_samba_update_available
binary_sensor.speedtest_running	hassio	Supervisor	Speedtest		Running	integration		6b87c29e_speedtest_addon_state
binary_sensor.sqlite_web_running	hassio	Supervisor	SQLite Web		Running	integration		a0d7b954_sqlite-web_state
binary_sensor.sqlite_web_update_available	hassio	Supervisor	SQLite Web		Update available	integration		a0d7b954_sqlite-web_update_available
binary_sensor.sun_solar_rising	sun	Sun	Sun		Solar rising	integration		fb23c1fe8cd83a23977a89578999be3f-solar_rising
binary_sensor.tagreader_status	esphome	kitchen-nfc	Kitchen-Nfc	Kitchen	TagReader Status			KITCHEN-NFC-binary_sensor-tagreader_status
binary_sensor.tagreader_status_2	esphome	kitchen-nfc	Kitchen-Nfc	Kitchen	TagReader Status			40:91:51:4E:DB:EA-binary_sensor-tagreader_status
binary_sensor.terminal_ssh_running	hassio	Supervisor	Terminal & SSH		Running	integration		core_ssh_state
binary_sensor.terminal_ssh_update_available	hassio	Supervisor	Terminal & SSH		Update available	integration		core_ssh_update_available
binary_sensor.tongai_mbp_2_active	mobile_app	tongai-mbp (2)	tongai-mbp (2)		tongai-mbp (2) Active			f346a7eb50ef87b09b506a5ffaac485cc119eb667b010fe3258006d72dc66614_active
binary_sensor.tongai_mbp_2_audio_input_in_use	mobile_app	tongai-mbp (2)	tongai-mbp (2)		tongai-mbp (2) Audio Input In Use			f346a7eb50ef87b09b506a5ffaac485cc119eb667b010fe3258006d72dc66614_microphone_in_use
binary_sensor.tongai_mbp_2_audio_output_in_use	mobile_app	tongai-mbp (2)	tongai-mbp (2)		tongai-mbp (2) Audio Output In Use			f346a7eb50ef87b09b506a5ffaac485cc119eb667b010fe3258006d72dc66614_audio_output_in_use
binary_sensor.tongai_mbp_2_camera_in_use	mobile_app	tongai-mbp (2)	tongai-mbp (2)		tongai-mbp (2) Camera In Use			f346a7eb50ef87b09b506a5ffaac485cc119eb667b010fe3258006d72dc66614_camera_in_use
binary_sensor.tongai_mbp_2_focus	mobile_app	tongai-mbp (2)	tongai-mbp (2)		tongai-mbp (2) Focus			f346a7eb50ef87b09b506a5ffaac485cc119eb667b010fe3258006d72dc66614_focus
binary_sensor.tongai_mbp_wk_active	mobile_app	tongai-mbp_wk	tongai-mbp_wk		tongai-mbp_wk Active			56a2de65e9040f5b37483a13fcd580414ae734ca9ef1b3a919e3f9e40e33cd01_active
binary_sensor.tongai_mbp_wk_audio_input_in_use	mobile_app	tongai-mbp_wk	tongai-mbp_wk		tongai-mbp_wk Audio Input In Use			56a2de65e9040f5b37483a13fcd580414ae734ca9ef1b3a919e3f9e40e33cd01_microphone_in_use
binary_sensor.tongai_mbp_wk_audio_output_in_use	mobile_app	tongai-mbp_wk	tongai-mbp_wk		tongai-mbp_wk Audio Output In Use			56a2de65e9040f5b37483a13fcd580414ae734ca9ef1b3a919e3f9e40e33cd01_audio_output_in_use
binary_sensor.tongai_mbp_wk_camera_in_use	mobile_app	tongai-mbp_wk	tongai-mbp_wk		tongai-mbp_wk Camera In Use			56a2de65e9040f5b37483a13fcd580414ae734ca9ef1b3a919e3f9e40e33cd01_camera_in_use
binary_sensor.tongai_mbp_wk_focus	mobile_app	tongai-mbp_wk	tongai-mbp_wk		tongai-mbp_wk Focus			56a2de65e9040f5b37483a13fcd580414ae734ca9ef1b3a919e3f9e40e33cd01_focus
binary_sensor.tongai_s_s22_lost	tile	tongaimaramba@gmail.com	Tongai's S22		Lost			tongaimaramba@gmail.com_p!8b31ff69408dd021b6e617588e7c0d42_lost
binary_sensor.tongai_s_s25_lost	tile	tongaimaramba@gmail.com	Tongai's S25		Lost			tongaimaramba@gmail.com_p!f17009b3f7ef01e2acb653d4044eb46b_lost
binary_sensor.tongaism25_android_auto	mobile_app	TongaiSM25	TongaiSM25		TongaiSM25 Android Auto	integration		5b07d3912c117b9060449adc8188884fc897deacdf80162f660eed3dd07f8b74_android_auto
binary_sensor.tongaism25_app_inactive	mobile_app	TongaiSM25	TongaiSM25		TongaiSM25 App inactive	integration		5b07d3912c117b9060449adc8188884fc897deacdf80162f660eed3dd07f8b74_app_inactive
binary_sensor.tongaism25_bluetooth_state	mobile_app	TongaiSM25	TongaiSM25		TongaiSM25 Bluetooth state	integration		5b07d3912c117b9060449adc8188884fc897deacdf80162f660eed3dd07f8b74_bluetooth_state
binary_sensor.tongaism25_device_locked	mobile_app	TongaiSM25	TongaiSM25		TongaiSM25 Device locked	integration		5b07d3912c117b9060449adc8188884fc897deacdf80162f660eed3dd07f8b74_device_locked
binary_sensor.tongaism25_device_secure	mobile_app	TongaiSM25	TongaiSM25		TongaiSM25 Device secure	integration		5b07d3912c117b9060449adc8188884fc897deacdf80162f660eed3dd07f8b74_device_secure
binary_sensor.tongaism25_doze_mode	mobile_app	TongaiSM25	TongaiSM25		TongaiSM25 Doze mode	integration		5b07d3912c117b9060449adc8188884fc897deacdf80162f660eed3dd07f8b74_is_idle
binary_sensor.tongaism25_headphones	mobile_app	TongaiSM25	TongaiSM25		TongaiSM25 Headphones	integration		5b07d3912c117b9060449adc8188884fc897deacdf80162f660eed3dd07f8b74_headphone_state
binary_sensor.tongaism25_high_accuracy_mode	mobile_app	TongaiSM25	TongaiSM25		TongaiSM25 High accuracy mode			5b07d3912c117b9060449adc8188884fc897deacdf80162f660eed3dd07f8b74_high_accuracy_mode
binary_sensor.tongaism25_hotspot_state	mobile_app	TongaiSM25	TongaiSM25		TongaiSM25 Hotspot state	integration		5b07d3912c117b9060449adc8188884fc897deacdf80162f660eed3dd07f8b74_hotspot_state
binary_sensor.tongaism25_interactive	mobile_app	TongaiSM25	TongaiSM25		TongaiSM25 Interactive	integration		5b07d3912c117b9060449adc8188884fc897deacdf80162f660eed3dd07f8b74_is_interactive
binary_sensor.tongaism25_is_charging	mobile_app	TongaiSM25	TongaiSM25		TongaiSM25 Is charging	integration		5b07d3912c117b9060449adc8188884fc897deacdf80162f660eed3dd07f8b74_is_charging
binary_sensor.tongaism25_keyguard_locked	mobile_app	TongaiSM25	TongaiSM25		TongaiSM25 Keyguard locked	integration		5b07d3912c117b9060449adc8188884fc897deacdf80162f660eed3dd07f8b74_keyguard_locked
binary_sensor.tongaism25_keyguard_secure	mobile_app	TongaiSM25	TongaiSM25		TongaiSM25 Keyguard secure	integration		5b07d3912c117b9060449adc8188884fc897deacdf80162f660eed3dd07f8b74_keyguard_secure
binary_sensor.tongaism25_mic_muted	mobile_app	TongaiSM25	TongaiSM25		TongaiSM25 Mic muted	integration		5b07d3912c117b9060449adc8188884fc897deacdf80162f660eed3dd07f8b74_mic_muted
binary_sensor.tongaism25_mobile_data	mobile_app	TongaiSM25	TongaiSM25		TongaiSM25 Mobile data	integration		5b07d3912c117b9060449adc8188884fc897deacdf80162f660eed3dd07f8b74_mobile_data
binary_sensor.tongaism25_mobile_data_roaming	mobile_app	TongaiSM25	TongaiSM25		TongaiSM25 Mobile data roaming	integration		5b07d3912c117b9060449adc8188884fc897deacdf80162f660eed3dd07f8b74_mobile_data_roaming
binary_sensor.tongaism25_music_active	mobile_app	TongaiSM25	TongaiSM25		TongaiSM25 Music active	integration		5b07d3912c117b9060449adc8188884fc897deacdf80162f660eed3dd07f8b74_music_active
binary_sensor.tongaism25_nfc_state	mobile_app	TongaiSM25	TongaiSM25		TongaiSM25 NFC state	integration		5b07d3912c117b9060449adc8188884fc897deacdf80162f660eed3dd07f8b74_nfc_state
binary_sensor.tongaism25_power_save	mobile_app	TongaiSM25	TongaiSM25		TongaiSM25 Power save	integration		5b07d3912c117b9060449adc8188884fc897deacdf80162f660eed3dd07f8b74_power_save
binary_sensor.tongaism25_speakerphone	mobile_app	TongaiSM25	TongaiSM25		TongaiSM25 Speakerphone	integration		5b07d3912c117b9060449adc8188884fc897deacdf80162f660eed3dd07f8b74_speakerphone_state
binary_sensor.tongaism25_wi_fi_state	mobile_app	TongaiSM25	TongaiSM25		TongaiSM25 Wi-Fi state	integration		5b07d3912c117b9060449adc8188884fc897deacdf80162f660eed3dd07f8b74_wifi_state
binary_sensor.tongaism25_work_profile	mobile_app	TongaiSM25	TongaiSM25		TongaiSM25 Work profile	integration		5b07d3912c117b9060449adc8188884fc897deacdf80162f660eed3dd07f8b74_is_work_profile
binary_sensor.updater	updater				Updater	user		updater
binary_sensor.upstairs_indoor_motion	group	Upstairs Indoor Motion			Upstairs Indoor Motion			361b9a06a3b2cb159d38521763c2c00d
binary_sensor.utility_motion_motion	hue	Hue Bridge 0017882791a0	Utility Motion	Utility	Motion			fe4b2176-fd5d-4c3c-a0c2-5a3e302ab64c
binary_sensor.volvo_eva_brake_fluid_level_warning	volvo_cars	Volvo EX40 (YV1XZEHR5T2686253)	Eva	Driveway	Brake fluid			volvo_yv1xzehr5t2686253_brake_fluid_level_warning
binary_sensor.volvo_eva_brake_light_center_warning	volvo_cars	Volvo EX40 (YV1XZEHR5T2686253)	Eva	Driveway	Brake light center			volvo_yv1xzehr5t2686253_brake_light_center_warning
binary_sensor.volvo_eva_brake_light_left_warning	volvo_cars	Volvo EX40 (YV1XZEHR5T2686253)	Eva	Driveway	Brake light left			volvo_yv1xzehr5t2686253_brake_light_left_warning
binary_sensor.volvo_eva_brake_light_right_warning	volvo_cars	Volvo EX40 (YV1XZEHR5T2686253)	Eva	Driveway	Brake light right			volvo_yv1xzehr5t2686253_brake_light_right_warning
binary_sensor.volvo_eva_coolant_level_warning	volvo_cars	Volvo EX40 (YV1XZEHR5T2686253)	Eva	Driveway	Coolant level			volvo_yv1xzehr5t2686253_coolant_level_warning
binary_sensor.volvo_eva_daytime_running_light_left_warning	volvo_cars	Volvo EX40 (YV1XZEHR5T2686253)	Eva	Driveway	Daytime running light left			volvo_yv1xzehr5t2686253_daytime_running_light_left_warning
binary_sensor.volvo_eva_daytime_running_light_right_warning	volvo_cars	Volvo EX40 (YV1XZEHR5T2686253)	Eva	Driveway	Daytime running light right			volvo_yv1xzehr5t2686253_daytime_running_light_right_warning
binary_sensor.volvo_eva_door_front_left	volvo_cars	Volvo EX40 (YV1XZEHR5T2686253)	Eva	Driveway	Door front left			volvo_yv1xzehr5t2686253_door_front_left
binary_sensor.volvo_eva_door_front_right	volvo_cars	Volvo EX40 (YV1XZEHR5T2686253)	Eva	Driveway	Door front right			volvo_yv1xzehr5t2686253_door_front_right
binary_sensor.volvo_eva_door_rear_left	volvo_cars	Volvo EX40 (YV1XZEHR5T2686253)	Eva	Driveway	Door rear left			volvo_yv1xzehr5t2686253_door_rear_left
binary_sensor.volvo_eva_door_rear_right	volvo_cars	Volvo EX40 (YV1XZEHR5T2686253)	Eva	Driveway	Door rear right			volvo_yv1xzehr5t2686253_door_rear_right
binary_sensor.volvo_eva_engine_status	volvo_cars	Volvo EX40 (YV1XZEHR5T2686253)	Eva	Driveway	Engine status			volvo_yv1xzehr5t2686253_engine_status
binary_sensor.volvo_eva_fog_light_front_warning	volvo_cars	Volvo EX40 (YV1XZEHR5T2686253)	Eva	Driveway	Fog light front			volvo_yv1xzehr5t2686253_fog_light_front_warning
binary_sensor.volvo_eva_fog_light_rear_warning	volvo_cars	Volvo EX40 (YV1XZEHR5T2686253)	Eva	Driveway	Fog light rear			volvo_yv1xzehr5t2686253_fog_light_rear_warning
binary_sensor.volvo_eva_high_beam_left_warning	volvo_cars	Volvo EX40 (YV1XZEHR5T2686253)	Eva	Driveway	High beam left			volvo_yv1xzehr5t2686253_high_beam_left_warning
binary_sensor.volvo_eva_high_beam_right_warning	volvo_cars	Volvo EX40 (YV1XZEHR5T2686253)	Eva	Driveway	High beam right			volvo_yv1xzehr5t2686253_high_beam_right_warning
binary_sensor.volvo_eva_hood	volvo_cars	Volvo EX40 (YV1XZEHR5T2686253)	Eva	Driveway	Hood			volvo_yv1xzehr5t2686253_hood
binary_sensor.volvo_eva_low_beam_left_warning	volvo_cars	Volvo EX40 (YV1XZEHR5T2686253)	Eva	Driveway	Low beam left			volvo_yv1xzehr5t2686253_low_beam_left_warning
binary_sensor.volvo_eva_low_beam_right_warning	volvo_cars	Volvo EX40 (YV1XZEHR5T2686253)	Eva	Driveway	Low beam right			volvo_yv1xzehr5t2686253_low_beam_right_warning
binary_sensor.volvo_eva_oil_level_warning	volvo_cars	Volvo EX40 (YV1XZEHR5T2686253)	Eva	Driveway	Oil level			volvo_yv1xzehr5t2686253_oil_level_warning
binary_sensor.volvo_eva_position_light_front_left_warning	volvo_cars	Volvo EX40 (YV1XZEHR5T2686253)	Eva	Driveway	Position light front left			volvo_yv1xzehr5t2686253_position_light_front_left_warning
binary_sensor.volvo_eva_position_light_front_right_warning	volvo_cars	Volvo EX40 (YV1XZEHR5T2686253)	Eva	Driveway	Position light front right			volvo_yv1xzehr5t2686253_position_light_front_right_warning
binary_sensor.volvo_eva_position_light_rear_left_warning	volvo_cars	Volvo EX40 (YV1XZEHR5T2686253)	Eva	Driveway	Position light rear left			volvo_yv1xzehr5t2686253_position_light_rear_left_warning
binary_sensor.volvo_eva_position_light_rear_right_warning	volvo_cars	Volvo EX40 (YV1XZEHR5T2686253)	Eva	Driveway	Position light rear right			volvo_yv1xzehr5t2686253_position_light_rear_right_warning
binary_sensor.volvo_eva_registration_plate_light_warning	volvo_cars	Volvo EX40 (YV1XZEHR5T2686253)	Eva	Driveway	Registration plate light			volvo_yv1xzehr5t2686253_registration_plate_light_warning
binary_sensor.volvo_eva_service_warning	volvo_cars	Volvo EX40 (YV1XZEHR5T2686253)	Eva	Driveway	Service			volvo_yv1xzehr5t2686253_service_warning
binary_sensor.volvo_eva_side_mark_lights_warning	volvo_cars	Volvo EX40 (YV1XZEHR5T2686253)	Eva	Driveway	Side mark lights			volvo_yv1xzehr5t2686253_side_mark_lights_warning
binary_sensor.volvo_eva_sunroof	volvo_cars	Volvo EX40 (YV1XZEHR5T2686253)	Eva	Driveway	Sunroof			volvo_yv1xzehr5t2686253_sunroof
binary_sensor.volvo_eva_tailgate	volvo_cars	Volvo EX40 (YV1XZEHR5T2686253)	Eva	Driveway	Tailgate			volvo_yv1xzehr5t2686253_tailgate
binary_sensor.volvo_eva_tank_lid	volvo_cars	Volvo EX40 (YV1XZEHR5T2686253)	Eva	Driveway	Tank lid			volvo_yv1xzehr5t2686253_tank_lid
binary_sensor.volvo_eva_turn_indication_front_left_warning	volvo_cars	Volvo EX40 (YV1XZEHR5T2686253)	Eva	Driveway	Turn indication front left			volvo_yv1xzehr5t2686253_turn_indication_front_left_warning
binary_sensor.volvo_eva_turn_indication_front_right_warning	volvo_cars	Volvo EX40 (YV1XZEHR5T2686253)	Eva	Driveway	Turn indication front right			volvo_yv1xzehr5t2686253_turn_indication_front_right_warning
binary_sensor.volvo_eva_turn_indication_rear_left_warning	volvo_cars	Volvo EX40 (YV1XZEHR5T2686253)	Eva	Driveway	Turn indication rear left			volvo_yv1xzehr5t2686253_turn_indication_rear_left_warning
binary_sensor.volvo_eva_turn_indication_rear_right_warning	volvo_cars	Volvo EX40 (YV1XZEHR5T2686253)	Eva	Driveway	Turn indication rear right			volvo_yv1xzehr5t2686253_turn_indication_rear_right_warning
binary_sensor.volvo_eva_washer_fluid_level_warning	volvo_cars	Volvo EX40 (YV1XZEHR5T2686253)	Eva	Driveway	Washer fluid			volvo_yv1xzehr5t2686253_washer_fluid_level_warning
binary_sensor.volvo_eva_window_front_left	volvo_cars	Volvo EX40 (YV1XZEHR5T2686253)	Eva	Driveway	Window front left			volvo_yv1xzehr5t2686253_window_front_left
binary_sensor.volvo_eva_window_front_right	volvo_cars	Volvo EX40 (YV1XZEHR5T2686253)	Eva	Driveway	Window front right			volvo_yv1xzehr5t2686253_window_front_right
binary_sensor.volvo_eva_window_rear_left	volvo_cars	Volvo EX40 (YV1XZEHR5T2686253)	Eva	Driveway	Window rear left			volvo_yv1xzehr5t2686253_window_rear_left
binary_sensor.volvo_eva_window_rear_right	volvo_cars	Volvo EX40 (YV1XZEHR5T2686253)	Eva	Driveway	Window rear right			volvo_yv1xzehr5t2686253_window_rear_right
binary_sensor.worktop_sensor_motion	hue	Hue Bridge 0017882791a0	Worktop Sensor	Kitchen	Motion			e069b5fc-2ed4-477d-93f3-9a0beeb0806f
binary_sensor.z_wave_js_running	hassio	Supervisor	Z-Wave JS		Running	integration		core_zwave_js_state
button.cancel_writing	esphome	kitchen-nfc	Kitchen-Nfc	Kitchen	Cancel writing			KITCHEN-NFC-button-cancel_writing
button.cancel_writing_2	esphome	kitchen-nfc	Kitchen-Nfc	Kitchen	Cancel writing			40:91:51:4E:DB:EA-button-cancel_writing
button.clean_tag	esphome	kitchen-nfc	Kitchen-Nfc	Kitchen	Clean Tag			KITCHEN-NFC-button-clean_tag
button.clean_tag_2	esphome	kitchen-nfc	Kitchen-Nfc	Kitchen	Clean Tag			40:91:51:4E:DB:EA-button-clean_tag
button.tagreader_restart	esphome	kitchen-nfc	Kitchen-Nfc	Kitchen	TagReader Restart			KITCHEN-NFC-button-tagreader_restart
button.tagreader_restart_2	esphome	kitchen-nfc	Kitchen-Nfc	Kitchen	TagReader Restart			40:91:51:4E:DB:EA-button-tagreader_restart
button.volvo_eva_climatization_start	volvo_cars	Volvo EX40 (YV1XZEHR5T2686253)	Eva	Driveway	Start climatization			volvo_yv1xzehr5t2686253_climatization_start
button.volvo_eva_climatization_stop	volvo_cars	Volvo EX40 (YV1XZEHR5T2686253)	Eva	Driveway	Stop climatization			volvo_yv1xzehr5t2686253_climatization_stop
button.volvo_eva_flash	volvo_cars	Volvo EX40 (YV1XZEHR5T2686253)	Eva	Driveway	Flash			volvo_yv1xzehr5t2686253_flash
button.volvo_eva_honk	volvo_cars	Volvo EX40 (YV1XZEHR5T2686253)	Eva	Driveway	Honk			volvo_yv1xzehr5t2686253_honk
button.volvo_eva_honk_flash	volvo_cars	Volvo EX40 (YV1XZEHR5T2686253)	Eva	Driveway	Honk & flash			volvo_yv1xzehr5t2686253_honk_flash
button.volvo_eva_update_data	volvo_cars	Volvo EX40 (YV1XZEHR5T2686253)	Eva	Driveway	Update data			volvo_yv1xzehr5t2686253_update_data
button.write_tag_random	esphome	kitchen-nfc	Kitchen-Nfc	Kitchen	Write Tag Random			KITCHEN-NFC-button-write_tag_random
button.write_tag_random_2	esphome	kitchen-nfc	Kitchen-Nfc	Kitchen	Write Tag Random			40:91:51:4E:DB:EA-button-write_tag_random
camera.aarlo_garden_c	aarlo	Aarlo for tongai.maramba@gmail.com	Garden C		Garden C			garden_c
camera.aarlo_swings	aarlo	Aarlo for tongai.maramba@gmail.com	swings		swings			swings
camera.backyard	nest	Configuration.yaml	Garden A	Garden				enterprises/e949facd-de30-4290-be28-6de353666a4d/devices/AVPHwEu6qU2UEAhM-6DrBkRX1Y0M2Rb1q4mU09ZrEi0mywEWAXhC8HGTp-34OmCPKbexeyKMIBMC9GD8c9nqVtwcoguYQw-camera
camera.camera	nest	Configuration.yaml	Front Door	Hallway				enterprises/e949facd-de30-4290-be28-6de353666a4d/devices/AVPHwEuYx2lOrKzt__TxtP903Nh8rgPROYSnZINT6xc8EndRyPHjsmA_685j38W9L7enu5vvwVtXme8x0ozn1fahFs0aRA-camera
climate.downstairs	nest	Configuration.yaml	Downstairs	Dining Area				enterprises/e949facd-de30-4290-be28-6de353666a4d/devices/AVPHwEssTDR9_ygVmYN2oKqxXtb6OYTKDwdqgAwF9Jirs8_-jSngTrVJlyz2phYOiCOuGLTtQoRsow5PsHp-LL54nxvUrA
climate.downstairs_2	nest	Configuration.yaml	Downstairs	Downstairs				enterprises/e949facd-de30-4290-be28-6de353666a4d/devices/AVPHwEsiSLe_vNJ-rAO1ZeTpGVRRFj5u3bFhvjeONfWuBHyMmZFksynhdHuN9iYJDSdh8TSd4Fe941zBTzuToT74e4CkNA
climate.pure_hot_cool	dyson_local	Pure Hot+Cool	Pure Hot+Cool	Isla	Pure Hot+Cool			ZZ9-UK-NEA5537A
conversation.mhuka	ollama	http://192.168.179.137:11434	mhuka					01KAQ3Q0SAK1J7FEJHP88BE901
counter.event_counting	counter				event counting			event_counting
cover.blind_left	template				Loft Blind			loft_blind
cover.landing_blind_landing_blind	esphome	landing-blind	landing-blind	Loft	Landing Blind			34:85:18:03:D8:A8-cover-landing_blind
cover.loft_blind_loft_suite_blind	esphome	loft-blind	loft-blind		Loft Suite Blind			AC:0B:FB:D7:F6:97-cover-loft_suite_blind
cover.loft_controller_loft_suite_blind	esphome	Loft Controller	Loft Controller	Loft	Loft Suite Blind			F4:65:0B:07:AB:34-cover-loft_suite_blind
device_tracker.976_2e61	ibeacon	iBeacon Tracker	976 2E61					fda50693-a4e2-4fb1-afcf-c6eb07647825_10065_26049_DC:0D:30:79:2E:61
device_tracker.accm92523e1d3eccde5e_106b	ibeacon	iBeacon Tracker	ACCM92523e1d3eccde5e 106B					4340640c-cc56-5c2c-bace-d13a2b2a1ffe_0_56926_CC:CC:CC:34:10:6B
device_tracker.asustek_computer_33_91_68	nmap_tracker	patio_nmap			ASUSTek Computer 33:91:68	integration		04:42:1a:33:91:68
device_tracker.bacpl_286_077d	ibeacon	iBeacon Tracker	bacpl 286 077D					7777772e-6b6b-6d63-6e2e-636f6d000001_0_286_BC:57:29:06:07:7D
device_tracker.bacpl_4953_014f	ibeacon	iBeacon Tracker	bacpl 4953 014F					7777772e-6b6b-6d63-6e2e-636f6d000001_0_4953_BC:57:29:23:01:4F
device_tracker.bacpl_lr_2714_adb0	ibeacon	iBeacon Tracker	bacpl-LR 2714 ADB0					7777772e-6b6b-6d63-6e2e-636f6d000001_0_2714_BC:57:29:1D:AD:B0
device_tracker.bacpl_lr_2748_add2	ibeacon	iBeacon Tracker	bacpl-LR 2748 ADD2					7777772e-6b6b-6d63-6e2e-636f6d000001_0_2748_BC:57:29:1D:AD:D2
device_tracker.bacpl_lr_2796_ae02	ibeacon	iBeacon Tracker	bacpl-LR 2796 AE02					7777772e-6b6b-6d63-6e2e-636f6d000001_0_2796_BC:57:29:1D:AE:02
device_tracker.bacpl_lr_3179_9d1a	ibeacon	iBeacon Tracker	bacpl-LR 3179 9D1A					7777772e-6b6b-6d63-6e2e-636f6d000001_0_3179_BC:57:29:1E:9D:1A
device_tracker.bacpl_lr_3499_9e5a	ibeacon	iBeacon Tracker	bacpl-LR 3499 9E5A					7777772e-6b6b-6d63-6e2e-636f6d000001_0_3499_BC:57:29:1E:9E:5A
device_tracker.bacpl_lr_3689_9f18	ibeacon	iBeacon Tracker	bacpl-LR 3689 9F18					7777772e-6b6b-6d63-6e2e-636f6d000001_0_3689_BC:57:29:1E:9F:18
device_tracker.bacpl_lr_4344_118e	ibeacon	iBeacon Tracker	bacpl-LR 4344 118E					7777772e-6b6b-6d63-6e2e-636f6d000001_0_4344_BC:57:29:1F:11:8E
device_tracker.bacpl_lr_4455_11fd	ibeacon	iBeacon Tracker	bacpl-LR 4455 11FD					7777772e-6b6b-6d63-6e2e-636f6d000001_0_4455_BC:57:29:1F:11:FD
device_tracker.bacpl_lr_4818_00c8	ibeacon	iBeacon Tracker	bacpl-LR 4818 00C8					7777772e-6b6b-6d63-6e2e-636f6d000001_0_4818_BC:57:29:23:00:C8
device_tracker.bacpl_lr_4821_00cb	ibeacon	iBeacon Tracker	bacpl-LR 4821 00CB					7777772e-6b6b-6d63-6e2e-636f6d000001_0_4821_BC:57:29:23:00:CB
device_tracker.battery_monitor_a130	ibeacon	iBeacon Tracker	Battery Monitor A130					655f83ca-ae16-a10a-702e-31f30d58dd82_63044_14066_F8:30:02:14:A1:30
device_tracker.bermuda_tongai_phone_bermuda_tracker	bermuda	Bermuda BLE Trilateration	Tongai's SM25		Bermuda Tracker			94332533261f4c25806d5320a803683b_100_40004
device_tracker.carabc_bt_le_4a22	ibeacon	iBeacon Tracker	CARABC-BT-LE 4A22					fda50693-a4e2-4fb1-afcf-c6eb07647825_10065_26049_DD:0D:30:24:4A:22
device_tracker.care_01ea	ibeacon	iBeacon Tracker	CARe 01EA					8063ae90-d8b7-11e6-9598-0800200c9a66_490_22804_B4:B8:59:14:01:EA
device_tracker.care_02bd	ibeacon	iBeacon Tracker	CARe 02BD					8063ae90-d8b7-11e6-9598-0800200c9a66_701_22795_B4:B8:59:0B:02:BD
device_tracker.care_03b3	ibeacon	iBeacon Tracker	DP_2_0_TOVHT125940  03B3					8063ae90-d8b7-11e6-9598-0800200c9a66_947_22789_B4:B8:59:05:03:B3
device_tracker.care_03bb	ibeacon	iBeacon Tracker	CARe 03BB					8063ae90-d8b7-11e6-9598-0800200c9a66_955_22845_B4:B8:59:3D:03:BB
device_tracker.care_0661	ibeacon	iBeacon Tracker	DP_2_0_TOVJX272369  0661					8063ae90-d8b7-11e6-9598-0800200c9a66_1633_22804_B4:B8:59:14:06:61
device_tracker.care_0704	ibeacon	iBeacon Tracker	CARe 0704					8063ae90-d8b7-11e6-9598-0800200c9a66_1796_22832_B4:B8:59:30:07:04
device_tracker.care_075d	ibeacon	iBeacon Tracker	CARe 075D					8063ae90-d8b7-11e6-9598-0800200c9a66_1885_22848_B4:B8:59:40:07:5D
device_tracker.care_0760	ibeacon	iBeacon Tracker	DP_2_1_TORNY061592  0760					8063ae90-d8b7-11e6-9598-0800200c9a66_1888_22848_B4:B8:59:40:07:60
device_tracker.care_0b31	ibeacon	iBeacon Tracker	CARe 0B31					8063ae90-d8b7-11e6-9598-0800200c9a66_2865_22848_B4:B8:59:40:0B:31
device_tracker.care_0c06	ibeacon	iBeacon Tracker	CARe 0C06					8063ae90-d8b7-11e6-9598-0800200c9a66_3078_22796_B4:B8:59:0C:0C:06
device_tracker.care_118c	ibeacon	iBeacon Tracker	CARe 118C					8063ae90-d8b7-11e6-9598-0800200c9a66_4492_22818_B4:B8:59:22:11:8C
device_tracker.care_144e	ibeacon	iBeacon Tracker	DP_2_0_TOVHX311313  144E					8063ae90-d8b7-11e6-9598-0800200c9a66_5198_22797_B4:B8:59:0D:14:4E
device_tracker.care_1581	ibeacon	iBeacon Tracker	CARe 1581					8063ae90-d8b7-11e6-9598-0800200c9a66_5505_22792_B4:B8:59:08:15:81
device_tracker.care_163c	ibeacon	iBeacon Tracker	CARe 163C					8063ae90-d8b7-11e6-9598-0800200c9a66_5692_22795_B4:B8:59:0B:16:3C
device_tracker.care_1ae1	ibeacon	iBeacon Tracker	CARe 1AE1					8063ae90-d8b7-11e6-9598-0800200c9a66_6881_22788_B4:B8:59:04:1A:E1
device_tracker.care_1c59	ibeacon	iBeacon Tracker	CARe 1C59					8063ae90-d8b7-11e6-9598-0800200c9a66_7257_22796_B4:B8:59:0C:1C:59
device_tracker.care_1f40	ibeacon	iBeacon Tracker	CARe 1F40					8063ae90-d8b7-11e6-9598-0800200c9a66_8000_22808_B4:B8:59:18:1F:40
device_tracker.care_2289	ibeacon	iBeacon Tracker	DP_2_0_TOVHT160756  2289					8063ae90-d8b7-11e6-9598-0800200c9a66_8841_22791_B4:B8:59:07:22:89
device_tracker.care_364f	ibeacon	iBeacon Tracker	CARe 364F					8063ae90-d8b7-11e6-9598-0800200c9a66_13903_22854_B4:B8:59:46:36:4F
device_tracker.care_375c	ibeacon	iBeacon Tracker	CARe 375C					8063ae90-d8b7-11e6-9598-0800200c9a66_14172_22841_B4:B8:59:39:37:5C
device_tracker.care_3ea5	ibeacon	iBeacon Tracker	CARe 3EA5					8063ae90-d8b7-11e6-9598-0800200c9a66_16037_22850_B4:B8:59:42:3E:A5
device_tracker.care_4d06	ibeacon	iBeacon Tracker	CARe 4D06					8063ae90-d8b7-11e6-9598-0800200c9a66_19718_22798_B4:B8:59:0E:4D:06
device_tracker.care_50ac	ibeacon	iBeacon Tracker	CARe 50AC					8063ae90-d8b7-11e6-9598-0800200c9a66_20652_22791_B4:B8:59:07:50:AC
device_tracker.care_5735	ibeacon	iBeacon Tracker	CARe 5735					8063ae90-d8b7-11e6-9598-0800200c9a66_22325_22846_B4:B8:59:3E:57:35
device_tracker.care_6192	ibeacon	iBeacon Tracker	CARe 6192					8063ae90-d8b7-11e6-9598-0800200c9a66_24978_22854_B4:B8:59:46:61:92
device_tracker.care_621d	ibeacon	iBeacon Tracker	CARe 621D					8063ae90-d8b7-11e6-9598-0800200c9a66_25117_22854_B4:B8:59:46:62:1D
device_tracker.care_633c	ibeacon	iBeacon Tracker	CARe 633C					8063ae90-d8b7-11e6-9598-0800200c9a66_25404_22846_B4:B8:59:3E:63:3C
device_tracker.care_6a15	ibeacon	iBeacon Tracker	CARe 6A15					8063ae90-d8b7-11e6-9598-0800200c9a66_27157_22826_B4:B8:59:2A:6A:15
device_tracker.care_6bd7	ibeacon	iBeacon Tracker	CARe 6BD7					8063ae90-d8b7-11e6-9598-0800200c9a66_27607_22854_B4:B8:59:46:6B:D7
device_tracker.care_6d36	ibeacon	iBeacon Tracker	CARe 6D36					8063ae90-d8b7-11e6-9598-0800200c9a66_27958_22842_B4:B8:59:3A:6D:36
device_tracker.care_6dfc	ibeacon	iBeacon Tracker	CARe 6DFC					8063ae90-d8b7-11e6-9598-0800200c9a66_28156_22796_B4:B8:59:0C:6D:FC
device_tracker.care_7fec	ibeacon	iBeacon Tracker	CARe 7FEC					8063ae90-d8b7-11e6-9598-0800200c9a66_32748_22796_B4:B8:59:0C:7F:EC
device_tracker.care_86ce	ibeacon	iBeacon Tracker	CARe 86CE					8063ae90-d8b7-11e6-9598-0800200c9a66_34510_22797_B4:B8:59:0D:86:CE
device_tracker.care_9c9b	ibeacon	iBeacon Tracker	CARe 9C9B					8063ae90-d8b7-11e6-9598-0800200c9a66_40091_22842_B4:B8:59:3A:9C:9B
device_tracker.care_a4d8	ibeacon	iBeacon Tracker	CARe A4D8					8063ae90-d8b7-11e6-9598-0800200c9a66_42200_22797_B4:B8:59:0D:A4:D8
device_tracker.care_a557	ibeacon	iBeacon Tracker	DP_2_0_TOVHX334971  A557					8063ae90-d8b7-11e6-9598-0800200c9a66_42327_22797_B4:B8:59:0D:A5:57
device_tracker.care_c75d	ibeacon	iBeacon Tracker	CARe C75D					8063ae90-d8b7-11e6-9598-0800200c9a66_51037_22796_B4:B8:59:0C:C7:5D
device_tracker.care_c8a0	ibeacon	iBeacon Tracker	DP_2_0_TOVHX300480  C8A0					8063ae90-d8b7-11e6-9598-0800200c9a66_51360_22796_B4:B8:59:0C:C8:A0
device_tracker.care_cdd4	ibeacon	iBeacon Tracker	CARe CDD4					8063ae90-d8b7-11e6-9598-0800200c9a66_52692_22847_B4:B8:59:3F:CD:D4
device_tracker.care_d467	ibeacon	iBeacon Tracker	CARe D467					8063ae90-d8b7-11e6-9598-0800200c9a66_54375_22788_B4:B8:59:04:D4:67
device_tracker.care_d6ce	ibeacon	iBeacon Tracker	CARe D6CE					8063ae90-d8b7-11e6-9598-0800200c9a66_54990_22841_B4:B8:59:39:D6:CE
device_tracker.care_d910	ibeacon	iBeacon Tracker	CARe D910					8063ae90-d8b7-11e6-9598-0800200c9a66_55568_22820_B4:B8:59:24:D9:10
device_tracker.care_d9a0	ibeacon	iBeacon Tracker	CARe D9A0					8063ae90-d8b7-11e6-9598-0800200c9a66_55712_22793_B4:B8:59:09:D9:A0
device_tracker.care_e8b7	ibeacon	iBeacon Tracker	CARe E8B7					8063ae90-d8b7-11e6-9598-0800200c9a66_59575_22844_B4:B8:59:3C:E8:B7
device_tracker.care_eb38	ibeacon	iBeacon Tracker	CARe EB38					8063ae90-d8b7-11e6-9598-0800200c9a66_60216_22805_B4:B8:59:15:EB:38
device_tracker.care_efaf	ibeacon	iBeacon Tracker	CARe EFAF					8063ae90-d8b7-11e6-9598-0800200c9a66_61359_22820_B4:B8:59:24:EF:AF
device_tracker.care_f65e	ibeacon	iBeacon Tracker	CARe F65E					8063ae90-d8b7-11e6-9598-0800200c9a66_63070_22789_B4:B8:59:05:F6:5E
device_tracker.cas6c3e0m6sf607534_7dd7	ibeacon	iBeacon Tracker	CAS6C3E0M6SF607534 7DD7					9f6f7f2b-0809-2ef0-6773-a383936308c7_1_2_00:60:37:78:7D:D7
device_tracker.cas6c3e0m6sf607534_7dd7_2	ibeacon	iBeacon Tracker	CAS6C3E0M6SF607534 7DD7					2bb47b38-4bc1-99ac-5bac-53ea54600cb0_1_2_00:60:37:78:7D:D7
device_tracker.domane	tile	tongaimaramba@gmail.com	Domane	Garage				tongaimaramba@gmail.com_93a9f62adee24a79
device_tracker.dp_2_0_tovht067072_f26b	ibeacon	iBeacon Tracker	DP_2_0_TOVHT067072  F26B					8063ae90-d8b7-11e6-9598-0800200c9a66_62059_22787_B4:B8:59:03:F2:6B
device_tracker.dp_2_0_tovhx094489_5d30	ibeacon	iBeacon Tracker	DP_2_0_TOVHX094489  5D30					8063ae90-d8b7-11e6-9598-0800200c9a66_23856_22791_B4:B8:59:07:5D:30
device_tracker.dp_2_0_tovhx288267_83e7	ibeacon	iBeacon Tracker	DP_2_0_TOVHX288267  83E7					8063ae90-d8b7-11e6-9598-0800200c9a66_33767_22796_B4:B8:59:0C:83:E7
device_tracker.dp_2_0_tovhx325558_6dd7	ibeacon	iBeacon Tracker	DP_2_0_TOVHX325558  6DD7					8063ae90-d8b7-11e6-9598-0800200c9a66_28119_22797_B4:B8:59:0D:6D:D7
device_tracker.dp_2_0_tovjt076630_a46b	ibeacon	iBeacon Tracker	CARe A46B					8063ae90-d8b7-11e6-9598-0800200c9a66_42091_22804_B4:B8:59:14:A4:6B
device_tracker.dp_2_0_tovjt101970_9b35	ibeacon	iBeacon Tracker	CARe 9B35					8063ae90-d8b7-11e6-9598-0800200c9a66_39733_22806_B4:B8:59:16:9B:35
device_tracker.dp_2_0_tovjt229263_a4a4	ibeacon	iBeacon Tracker	CARe A4A4					8063ae90-d8b7-11e6-9598-0800200c9a66_42148_22812_B4:B8:59:1C:A4:A4
device_tracker.dp_2_0_tovjx011750_50f2	ibeacon	iBeacon Tracker	DP_2_0_TOVJX011750  50F2					8063ae90-d8b7-11e6-9598-0800200c9a66_20722_22798_B4:B8:59:0E:50:F2
device_tracker.dp_2_0_tovjx036112_d8f5	ibeacon	iBeacon Tracker	CARe D8F5					8063ae90-d8b7-11e6-9598-0800200c9a66_55541_22798_B4:B8:59:0E:D8:F5
device_tracker.dp_2_0_tovjx136320_1142	ibeacon	iBeacon Tracker	CARe 1142					8063ae90-d8b7-11e6-9598-0800200c9a66_4418_22801_B4:B8:59:11:11:42
device_tracker.dp_2_0_tovjx137228_18c2	ibeacon	iBeacon Tracker	DP_2_0_TOVJX137228  18C2					8063ae90-d8b7-11e6-9598-0800200c9a66_6338_22801_B4:B8:59:11:18:C2
device_tracker.dp_2_0_tovjx207599_a517	ibeacon	iBeacon Tracker	DP_2_0_TOVJX207599  A517					8063ae90-d8b7-11e6-9598-0800200c9a66_42263_22802_B4:B8:59:12:A5:17
device_tracker.dp_2_0_tovjx211516_b64c	ibeacon	iBeacon Tracker	DP_2_0_TOVJX211516  B64C					8063ae90-d8b7-11e6-9598-0800200c9a66_46668_22802_B4:B8:59:12:B6:4C
device_tracker.dp_2_0_tovjx330290_f8c1	ibeacon	iBeacon Tracker	DP_2_0_TOVJX330290  F8C1					8063ae90-d8b7-11e6-9598-0800200c9a66_63681_22805_B4:B8:59:15:F8:C1
device_tracker.dp_2_0_tovjx359186_b2bf	ibeacon	iBeacon Tracker	CARe B2BF					8063ae90-d8b7-11e6-9598-0800200c9a66_45759_22806_B4:B8:59:16:B2:BF
device_tracker.dp_2_0_tovjx365218_db35	ibeacon	iBeacon Tracker	DP_2_0_TOVJX365218  DB35					8063ae90-d8b7-11e6-9598-0800200c9a66_56117_22806_B4:B8:59:16:DB:35
device_tracker.dp_2_1_togjy034638_bd61	ibeacon	iBeacon Tracker	DP_2_1_TOGJY034638  BD61					8063ae90-d8b7-11e6-9598-0800200c9a66_48481_22815_B4:B8:59:1F:BD:61
device_tracker.dp_2_1_togkx173498_4dc7	ibeacon	iBeacon Tracker	CARe 4DC7					8063ae90-d8b7-11e6-9598-0800200c9a66_19911_22822_B4:B8:59:26:4D:C7
device_tracker.dp_2_1_togkx230125_4054	ibeacon	iBeacon Tracker	CARe 4054					8063ae90-d8b7-11e6-9598-0800200c9a66_16468_22825_B4:B8:59:29:40:54
device_tracker.dp_2_1_togkx405536_4902	ibeacon	iBeacon Tracker	DP_2_1_TOGKX405536  4902					8063ae90-d8b7-11e6-9598-0800200c9a66_18690_22831_B4:B8:59:2F:49:02
device_tracker.dp_2_1_toglx018004_f9f4	ibeacon	iBeacon Tracker	DP_2_1_TOGLX018004  F9F4					8063ae90-d8b7-11e6-9598-0800200c9a66_63988_22831_B4:B8:59:2F:F9:F4
device_tracker.dp_2_1_tormx054934_63bd	ibeacon	iBeacon Tracker	DP_2_1_TORMX054934  63BD					8063ae90-d8b7-11e6-9598-0800200c9a66_25533_22841_B4:B8:59:39:63:BD
device_tracker.dp_2_1_tormx058557_ea3c	ibeacon	iBeacon Tracker	DP_2_1_TORMX058557  EA3C					8063ae90-d8b7-11e6-9598-0800200c9a66_59964_22841_B4:B8:59:39:EA:3C
device_tracker.dp_2_1_tormx073796_677d	ibeacon	iBeacon Tracker	DP_2_1_TORMX073796  677D					8063ae90-d8b7-11e6-9598-0800200c9a66_26493_22842_B4:B8:59:3A:67:7D
device_tracker.dp_2_1_tormx084138_b739	ibeacon	iBeacon Tracker	DP_2_1_TORMX084138  B739					8063ae90-d8b7-11e6-9598-0800200c9a66_46905_22842_B4:B8:59:3A:B7:39
device_tracker.dp_2_1_tormx116443_fd32	ibeacon	iBeacon Tracker	CARe FD32					8063ae90-d8b7-11e6-9598-0800200c9a66_64818_22844_B4:B8:59:3C:FD:32
device_tracker.dp_2_1_tormx118239_0a90	ibeacon	iBeacon Tracker	CARe 0A90					8063ae90-d8b7-11e6-9598-0800200c9a66_2704_22845_B4:B8:59:3D:0A:90
device_tracker.dp_2_1_tormx130072_e218	ibeacon	iBeacon Tracker	CARe E218					8063ae90-d8b7-11e6-9598-0800200c9a66_57880_22845_B4:B8:59:3D:E2:18
device_tracker.dp_2_1_tormy016828_27e1	ibeacon	iBeacon Tracker	DP_2_1_TORMY016828  27E1					8063ae90-d8b7-11e6-9598-0800200c9a66_10209_22840_B4:B8:59:38:27:E1
device_tracker.dp_2_1_tormy017735_3045	ibeacon	iBeacon Tracker	CARe 3045					8063ae90-d8b7-11e6-9598-0800200c9a66_12357_22840_B4:B8:59:38:30:45
device_tracker.dp_2_1_tormy065128_9810	ibeacon	iBeacon Tracker	DP_2_1_TORMY065128  9810					8063ae90-d8b7-11e6-9598-0800200c9a66_38928_22842_B4:B8:59:3A:98:10
device_tracker.dp_2_1_tormy101605_03b1	ibeacon	iBeacon Tracker	DP_2_1_TORMY101605  03B1					8063ae90-d8b7-11e6-9598-0800200c9a66_945_22845_B4:B8:59:3D:03:B1
device_tracker.dp_2_1_tornx065456_50ae	ibeacon	iBeacon Tracker	CARe 50AE					8063ae90-d8b7-11e6-9598-0800200c9a66_20654_22848_B4:B8:59:40:50:AE
device_tracker.dp_2_1_tornx188063_d93a	ibeacon	iBeacon Tracker	DP_2_1_TORNX188063  D93A					8063ae90-d8b7-11e6-9598-0800200c9a66_55610_22853_B4:B8:59:45:D9:3A
device_tracker.dp_2_1_torpy007808_69af	ibeacon	iBeacon Tracker	DP_2_1_TORPY007808  69AF					8063ae90-d8b7-11e6-9598-0800200c9a66_27055_22854_B4:B8:59:46:69:AF
device_tracker.ellie_bag	tile	tongaimaramba@gmail.com	Ellie's School Bag	Coats				tongaimaramba@gmail.com_92dee031bfd76ee3
device_tracker.ellie_nokia_phone_bermuda_tracker	bermuda	Bermuda BLE Trilateration	Ellie Nokia Phone	Home General	Bermuda Tracker			64:16:66:71:9f:74
device_tracker.ellie_s_gym_bag	tile	tongaimaramba@gmail.com	Ellie's Gym Bag					tongaimaramba@gmail.com_e4bba3984d007315
device_tracker.ellie_s_hockey_bag	tile	tongaimaramba@gmail.com	Ellie's Hockey Bag					tongaimaramba@gmail.com_3c22b05cbd0f0356
device_tracker.ellie_s_phone	tile	tongaimaramba@gmail.com	Ellie's Phone					tongaimaramba@gmail.com_3c9084d6616575bd
device_tracker.ellie_s_phone_2	tile	tongaimaramba@gmail.com	Ellie's Phone					tongaimaramba@gmail.com_9fac610bf616b6d8
device_tracker.ellie_school_bag_bermuda_tracker	bermuda	Bermuda BLE Trilateration	Ellie School Bag	Home General	Bermuda Tracker			d2:de:e0:31:bf:d7
device_tracker.family_mac	mobile_app	family_mac	family_mac		family_mac			459BAD8B-5140-5A8F-A332-79EBDE949618
device_tracker.family_mbp	mobile_app	MacBook Pro	family-mbp		family-mbp			1AF77685-A533-55FA-A755-BD3B1768556E
device_tracker.frontdoor_nmap	nmap_tracker	frontdoor_nmap			frontdoor_nmap			b8:27:eb:5f:4e:7b
device_tracker.garmin_device	mobile_app	Garmin Device	Garmin Device		Garmin Device			65abf65b9e89e406d6ebba78d5cb35a1e2995bd6
device_tracker.gvh5075_194e	ibeacon	iBeacon Tracker	GVH5075_194E					494e5445-4c4c-495f-524f-434b535f4857_20597_62207_A4:C1:38:43:19:4E
device_tracker.gvh5075_ff9b	ibeacon	iBeacon Tracker	GVH5075_FF9B					494e5445-4c4c-495f-524f-434b535f4857_20597_62207_A4:C1:38:0D:FF:9B
device_tracker.hannah_hockey_bag	tile	tongaimaramba@gmail.com	Hannah Hockey Bag					tongaimaramba@gmail.com_4bead49220aebc67
device_tracker.hannah_iphone	mobile_app	Hannah’s iPhone	Hannah’s iPhone		Hannah’s iPhone			7330C4C8-571F-4470-A1B1-F98EA4D4FCED
device_tracker.hannah_iphone13	private_ble_device	54:6C:8D:27:C1:1C	Hannah iPhone13	Home General				3e965b2a301d81c5895fa7957e771120_device_tracker
device_tracker.hannah_iphone13_bermuda_tracker	bermuda	Bermuda BLE Trilateration	Hannah iPhone13	Home General	Bermuda Tracker			3e965b2a301d81c5895fa7957e771120
device_tracker.hannah_keys	tile	tongaimaramba@gmail.com	Hannah Keys	Coats				tongaimaramba@gmail.com_3f1f04667e938b3e
device_tracker.hannah_keys_bermuda_tracker	bermuda	Bermuda BLE Trilateration	Hannah Keys		Bermuda Tracker			ff:1f:04:66:7e:93
device_tracker.hannahs_iphone	mobile_app	Hannah’s iPhone	Hannah’s iPhone		Hannah’s iPhone			A8591101-F5CB-443D-A0B8-FD57A937E457
device_tracker.hannahs_iphone13	mobile_app	Hannah’s iPhone13	Hannah’s iPhone13		Hannah’s iPhone13			4B5C009B-C745-420C-8318-3C681F53E330
device_tracker.ims_0152_10d3	ibeacon	iBeacon Tracker	IMS-0152 10D3					e08d4118-15d6-11e6-a148-3e1d05defe78_8898_7128_EA:C3:78:5C:10:D3
device_tracker.ims_1628_bd61	ibeacon	iBeacon Tracker	IMS-1628 BD61					e08d4118-15d6-11e6-a148-3e1d05defe78_19862_18012_FF:0E:AE:29:BD:61
device_tracker.ims_1940_6772	ibeacon	iBeacon Tracker	IMS-1940 6772					e08d4118-15d6-11e6-a148-3e1d05defe78_17646_17748_D1:AA:D2:4F:67:72
device_tracker.ims_2005_30d0	ibeacon	iBeacon Tracker	IMS-2005 30D0					e08d4118-15d6-11e6-a148-3e1d05defe78_29040_61077_C2:03:0E:0D:30:D0
device_tracker.ims_2110_f584	ibeacon	iBeacon Tracker	IMS-2110 F584					e08d4118-15d6-11e6-a148-3e1d05defe78_1500_31534_E9:8F:A2:F6:F5:84
device_tracker.ims_2429_8496	ibeacon	iBeacon Tracker	IMS-2429 8496					e08d4118-15d6-11e6-a148-3e1d05defe78_15594_36973_E9:EB:1C:D6:84:96
device_tracker.ims_3179_d4ee	ibeacon	iBeacon Tracker	IMS-3179 D4EE					e08d4118-15d6-11e6-a148-3e1d05defe78_27518_37387_D6:F8:40:5B:D4:EE
device_tracker.ims_3289_62ca	ibeacon	iBeacon Tracker	IMS-3289 62CA					e08d4118-15d6-11e6-a148-3e1d05defe78_19206_56425_F6:E6:7A:69:62:CA
device_tracker.ims_4561_cdb0	ibeacon	iBeacon Tracker	IMS-4561 CDB0					e08d4118-15d6-11e6-a148-3e1d05defe78_62570_63233_EC:64:09:14:CD:B0
device_tracker.ims_5193_1d48	ibeacon	iBeacon Tracker	IMS-5193 1D48					e08d4118-15d6-11e6-a148-3e1d05defe78_48372_19465_D9:8F:7A:83:1D:48
device_tracker.ims_5514_3ea1	ibeacon	iBeacon Tracker	IMS-5514 3EA1					e08d4118-15d6-11e6-a148-3e1d05defe78_42759_58762_D3:40:CB:A3:3E:A1
device_tracker.ims_7046_0aa3	ibeacon	iBeacon Tracker	IMS-7046 0AA3					e08d4118-15d6-11e6-a148-3e1d05defe78_53246_50614_D6:1C:B4:73:0A:A3
device_tracker.ims_7658_ae46	ibeacon	iBeacon Tracker	IMS-7658 AE46					e08d4118-15d6-11e6-a148-3e1d05defe78_28717_24010_E5:02:F3:D4:AE:46
device_tracker.ipad	mobile_app	iPad	Hanpad		Hanpad			0AB541E1-497F-4057-A2E6-8E3649F446B3
device_tracker.iphone_32	mobile_app	iPhone (32)	iPhone (32)		iPhone (32)			D3A0E2E2-EF12-4169-A8EC-83FC0B887C04
device_tracker.leapmotor_digitalkey_6b0c	ibeacon	iBeacon Tracker	Leapmotor_DigitalKey 6B0C					feff0000-0000-0000-0000-000000000000_0_0_44:3E:8A:9D:6B:0C
device_tracker.leapmotor_digitalkey_8e54	ibeacon	iBeacon Tracker	Leapmotor_DigitalKey 8E54					feff0000-0000-0000-0000-000000000000_0_0_34:C4:59:C3:8E:54
device_tracker.litra_beam_463b	ibeacon	iBeacon Tracker	Litra Beam 463B					a92ee200-5501-11e4-916c-0800200c9a66_12278_16893_E2:0F:08:22:46:3B
device_tracker.m2_connect_d1c62a252a64	ibeacon	iBeacon Tracker	M2+ Connect_D1C62A252A64					18bae0e7-a7f7-4148-8b65-396f1ec41684_1_1_D1:C6:2A:25:2A:64
device_tracker.mm_iphone	mobile_app	iPhone (3)	mm iphone		mm iphone			8B5159F5-CCA4-4CDA-BD26-786BC595FCAC
device_tracker.mojgan_iphone11	private_ble_device	4E:CA:38:46:96:96	Mojgan iPhone11	Home General				81f0112b21aab4c0981fb4ba75aa239a_device_tracker
device_tracker.mojgan_iphone11_bermuda_tracker	bermuda	Bermuda BLE Trilateration	Mojgan iPhone11	Home General	Bermuda Tracker			81f0112b21aab4c0981fb4ba75aa239a
device_tracker.mummy_s_keys	tile	tongaimaramba@gmail.com	Mummy's Keys					tongaimaramba@gmail.com_e331cdcbc83d600e
device_tracker.nmap_tracker_02_90_8f_b5_9e_41	nmap_tracker	patio_nmap			Nmap Tracker 02:90:8F:B5:9E:41	integration		02:90:8f:b5:9e:41
device_tracker.nmap_tracker_4e_72_7e_d5_d3_91	nmap_tracker	swings_nmap			Nmap Tracker 4E:72:7E:D5:D3:91	integration		4e:72:7e:d5:d3:91
device_tracker.nmap_tracker_ca_ee_60_18_15_1a	nmap_tracker	swings_nmap			Nmap Tracker CA:EE:60:18:15:1A	integration		ca:ee:60:18:15:1a
device_tracker.nuki_2ff641fd	ibeacon	iBeacon Tracker	Nuki_2FF641FD					a92ee200-5501-11e4-916c-0800200c9a66_12278_16893_54:D2:72:F6:41:FD
device_tracker.nuki_493e09d7	ibeacon	iBeacon Tracker	Nuki_493E09D7					a92ee200-5501-11e4-916c-0800200c9a66_18750_2519_54:D2:72:3E:09:D7
device_tracker.nuki_49e9ef2f	ibeacon	iBeacon Tracker	Nuki_49E9EF2F					a92ee200-5501-11e4-916c-0800200c9a66_18921_61231_54:D2:72:E9:EF:2F
device_tracker.ooono_bcc8	ibeacon	iBeacon Tracker	Ooono BCC8					cf757c79-d27a-4bea-aaf2-a2908e49fc19_1_1_C8:51:56:99:BC:C8
device_tracker.patio_nmap	nmap_tracker	patio_nmap			patio_nmap			b8:27:eb:e7:09:90
device_tracker.ps2525a0150179_0eaf	ibeacon	iBeacon Tracker	PS2525A0150179 0EAF					2f234454-cf6d-4a0f-adf2-f4911ba9ffa6_10_7_11:89:01:A1:0E:AF
device_tracker.ps2525a0255426_0aa5	ibeacon	iBeacon Tracker	PS2525A0255426 0AA5					2f234454-cf6d-4a0f-adf2-f4911ba9ffa6_10_7_11:89:01:A1:0A:A5
device_tracker.ps2525a0255426_0aa5_2	ibeacon	iBeacon Tracker	PS2525A0255426 0AA5					2f234454-cf6d-0f09-5053-323532354130_12853_13620_11:89:01:A1:0A:A5
device_tracker.ps2525a0369781_086c	ibeacon	iBeacon Tracker	PS2525A0369781 086C					2f234454-cf6d-4a0f-adf2-f4911ba9ffa6_10_7_11:89:01:A1:08:6C
device_tracker.qmhconnect_0399_3966	ibeacon	iBeacon Tracker	QMHConnect-0399 3966					e08d4118-15d6-11e6-a148-3e1d05defe78_17683_2671_E6:1B:45:26:39:66
device_tracker.qmhconnect_0568_1390	ibeacon	iBeacon Tracker	QMHConnect-0568 1390					e08d4118-15d6-11e6-a148-3e1d05defe78_4488_38488_FF:7B:4D:EB:13:90
device_tracker.qmhconnect_0916_9b4b	ibeacon	iBeacon Tracker	QMHConnect-0916 9B4B					e08d4118-15d6-11e6-a148-3e1d05defe78_40358_52836_F9:22:DA:C1:9B:4B
device_tracker.qmhconnect_0958_0bbe	ibeacon	iBeacon Tracker	QMHConnect-0958 0BBE					e08d4118-15d6-11e6-a148-3e1d05defe78_55308_8142_EA:C1:56:B5:0B:BE
device_tracker.qmhconnect_0975_9034	ibeacon	iBeacon Tracker	QMHConnect-0975 9034					e08d4118-15d6-11e6-a148-3e1d05defe78_3611_30415_FF:72:9C:E3:90:34
device_tracker.qmhconnect_1143_1bf1	ibeacon	iBeacon Tracker	QMHConnect-1143 1BF1					e08d4118-15d6-11e6-a148-3e1d05defe78_39641_25111_EA:4C:73:4C:1B:F1
device_tracker.qmhconnect_1324_d815	ibeacon	iBeacon Tracker	QMHConnect-1324 D815					e08d4118-15d6-11e6-a148-3e1d05defe78_8585_43212_DD:58:56:E1:D8:15
device_tracker.qmhconnect_1588_76f4	ibeacon	iBeacon Tracker	QMHConnect-1588 76F4					e08d4118-15d6-11e6-a148-3e1d05defe78_56810_23108_E4:5D:A2:E5:76:F4
device_tracker.qmhconnect_1653_1e63	ibeacon	iBeacon Tracker	QMHConnect-1653 1E63					e08d4118-15d6-11e6-a148-3e1d05defe78_35038_29621_D0:1B:7D:3D:1E:63
device_tracker.qmhconnect_1770_93a6	ibeacon	iBeacon Tracker	QMHConnect-1770 93A6					e08d4118-15d6-11e6-a148-3e1d05defe78_32373_20890_FC:42:F2:C4:93:A6
device_tracker.qmhconnect_2226_ea54	ibeacon	iBeacon Tracker	QMHConnect-2226 EA54					e08d4118-15d6-11e6-a148-3e1d05defe78_30465_47266_FE:C8:65:E0:EA:54
device_tracker.qmhconnect_2536_4d47	ibeacon	iBeacon Tracker	QMHConnect-2536 4D47					e08d4118-15d6-11e6-a148-3e1d05defe78_58889_9880_DD:6C:68:51:4D:47
device_tracker.qmhconnect_2545_6694	ibeacon	iBeacon Tracker	QMHConnect-2545 6694					e08d4118-15d6-11e6-a148-3e1d05defe78_47118_47985_E4:BB:AF:31:66:94
device_tracker.qmhconnect_2909_df98	ibeacon	iBeacon Tracker	QMHConnect-2909 DF98					e08d4118-15d6-11e6-a148-3e1d05defe78_28104_21885_CF:C7:55:A5:DF:98
device_tracker.qmhconnect_3368_5439	ibeacon	iBeacon Tracker	QMHConnect-3368 5439					e08d4118-15d6-11e6-a148-3e1d05defe78_24660_51624_D6:C3:E6:F1:54:39
device_tracker.qmhconnect_3544_ebc1	ibeacon	iBeacon Tracker	QMHConnect-3544 EBC1					e08d4118-15d6-11e6-a148-3e1d05defe78_12024_59704_F4:49:CC:A2:EB:C1
device_tracker.qmhconnect_4287_304d	ibeacon	iBeacon Tracker	QMHConnect-4287 304D					e08d4118-15d6-11e6-a148-3e1d05defe78_28701_7119_EC:3F:CB:7D:30:4D
device_tracker.qmhconnect_4361_51fe	ibeacon	iBeacon Tracker	QMHConnect-4361 51FE					e08d4118-15d6-11e6-a148-3e1d05defe78_8002_34889_D4:F9:C4:03:51:FE
device_tracker.qmhconnect_5074_cfb9	ibeacon	iBeacon Tracker	QMHConnect-5074 CFB9					e08d4118-15d6-11e6-a148-3e1d05defe78_22243_9314_E4:A9:D1:4B:CF:B9
device_tracker.qmhconnect_5207_f87a	ibeacon	iBeacon Tracker	QMHConnect-5207 F87A					e08d4118-15d6-11e6-a148-3e1d05defe78_25920_17079_EB:CC:F4:31:F8:7A
device_tracker.qmhconnect_5317_82be	ibeacon	iBeacon Tracker	QMHConnect-5317 82BE					e08d4118-15d6-11e6-a148-3e1d05defe78_42798_58645_E1:51:6F:37:82:BE
device_tracker.qmhconnect_5411_6198	ibeacon	iBeacon Tracker	QMHConnect-5411 6198					e08d4118-15d6-11e6-a148-3e1d05defe78_61703_54947_F3:0D:66:A0:61:98
device_tracker.qmhconnect_5888_4a5b	ibeacon	iBeacon Tracker	QMHConnect-5888 4A5B					e08d4118-15d6-11e6-a148-3e1d05defe78_51874_14272_EA:F5:1C:58:4A:5B
device_tracker.qmhconnect_6686_3416	ibeacon	iBeacon Tracker	QMHConnect-6686 3416					e08d4118-15d6-11e6-a148-3e1d05defe78_54484_19710_FB:12:92:CA:34:16
device_tracker.qmhconnect_7209_2051	ibeacon	iBeacon Tracker	QMHConnect-7209 2051					e08d4118-15d6-11e6-a148-3e1d05defe78_42437_27577_CF:2C:13:72:20:51
device_tracker.qmhconnect_7626_e425	ibeacon	iBeacon Tracker	QMHConnect-7626 E425					e08d4118-15d6-11e6-a148-3e1d05defe78_30404_33530_F2:F0:2C:7E:E4:25
device_tracker.qmhconnect_7787_381a	ibeacon	iBeacon Tracker	QMHConnect-7787 381A					e08d4118-15d6-11e6-a148-3e1d05defe78_56023_50315_E9:7D:6C:DB:38:1A
device_tracker.qmhconnect_8202_9c66	ibeacon	iBeacon Tracker	QMHConnect-8202 9C66					e08d4118-15d6-11e6-a148-3e1d05defe78_13920_7898_F0:CD:50:5E:9C:66
device_tracker.qmhconnect_9272_3fda	ibeacon	iBeacon Tracker	QMHConnect-9272 3FDA					e08d4118-15d6-11e6-a148-3e1d05defe78_42481_55368_D0:CE:4A:0B:3F:DA
device_tracker.qmhconnect_9393_9a57	ibeacon	iBeacon Tracker	QMHConnect-9393 9A57					e08d4118-15d6-11e6-a148-3e1d05defe78_41595_12881_E5:AE:88:BE:9A:57
device_tracker.qmhconnect_9434_0171	ibeacon	iBeacon Tracker	QMHConnect-9434 0171					e08d4118-15d6-11e6-a148-3e1d05defe78_56512_15610_EC:06:71:7A:01:71
device_tracker.qmhconnect_9645_1b29	ibeacon	iBeacon Tracker	QMHConnect-9645 1B29					e08d4118-15d6-11e6-a148-3e1d05defe78_10078_19869_C6:9A:C7:07:1B:29
device_tracker.qmhconnect_9727_925a	ibeacon	iBeacon Tracker	QMHConnect-9727 925A					e08d4118-15d6-11e6-a148-3e1d05defe78_9225_41663_FB:A7:09:4F:92:5A
device_tracker.qmhconnect_9983_c72e	ibeacon	iBeacon Tracker	QMHConnect-9983 C72E					e08d4118-15d6-11e6-a148-3e1d05defe78_2279_6623_EF:B6:49:05:C7:2E
device_tracker.se559a297aaca9e00c_db27	ibeacon	iBeacon Tracker	Se559a297aaca9e00C DB27					74278bda-b644-4520-8f0c-720eaf059935_0_50955_80:C4:1B:92:DB:27
device_tracker.smartvehicle869_1c7f	ibeacon	iBeacon Tracker	smartVehicle869 1C7F					a6b084c7-4ebb-4fb8-929b-ee9e448a75fe_0_0_6A:BB:27:53:1C:7F
device_tracker.smartvehicle869_7e90	ibeacon	iBeacon Tracker	smartVehicle869 7E90					a6b084c7-4ebb-4fb8-929b-ee9e448a75fe_0_0_5B:8A:D2:98:7E:90
device_tracker.smartvehicle869_8ccd	ibeacon	iBeacon Tracker	smartVehicle869 8CCD					a6b084c7-4ebb-4fb8-929b-ee9e448a75fe_0_0_63:1E:1D:0A:8C:CD
device_tracker.smartvehicle869_f53c	ibeacon	iBeacon Tracker	smartVehicle869 F53C					a6b084c7-4ebb-4fb8-929b-ee9e448a75fe_0_0_6F:9B:2F:FC:F5:3C
device_tracker.spr20_0af9	ibeacon	iBeacon Tracker	SPR20             0AF9					fda50693-a4e2-4fb1-afcf-c6eb07647825_10100_27629_10:15:00:00:0A:F9
device_tracker.swings_nmap	nmap_tracker	swings_nmap			swings_nmap			b8:27:eb:0a:60:97
device_tracker.tongai_mbp_2	mobile_app	tongai-mbp (2)	tongai-mbp (2)		tongai-mbp (2)			8E0FE9E5-9AF1-59F0-99C9-4B38BA45C38D
device_tracker.tongai_mbp_wk	mobile_app	tongai-mbp_wk	tongai-mbp_wk		tongai-mbp_wk			6C618A7A-9C9D-5F33-852D-877E2F2593F6
device_tracker.tongai_s_s22	tile	tongaimaramba@gmail.com	Tongai's S22					tongaimaramba@gmail.com_p!8b31ff69408dd021b6e617588e7c0d42
device_tracker.tongai_s_s25	tile	tongaimaramba@gmail.com	Tongai's S25					tongaimaramba@gmail.com_p!f17009b3f7ef01e2acb653d4044eb46b
device_tracker.tongai_samsung25	ibeacon	iBeacon Tracker	Tongai Samsung25					94332533-261f-4c25-806d-5320a803683b_100_40004
device_tracker.tongaism25	mobile_app	TongaiSM25	TongaiSM25		TongaiSM25			dff7a66141b72a6a
device_tracker.volvo_eva_location	volvo_cars	Volvo EX40 (YV1XZEHR5T2686253)	Eva	Driveway	Location			volvo_yv1xzehr5t2686253_location
device_tracker.wsbc002015575t_1b05	ibeacon	iBeacon Tracker	WSBC002015575T 1B05					54555242-4f48-4d49-3230-313701000000_55100_13062_D0:66:BD:77:1B:05
device_tracker.wsbc014415574v_7026	ibeacon	iBeacon Tracker	WSBC014415574V 7026					54555242-4f48-4d49-3230-313701000000_54844_13063_F7:EF:23:EF:70:26
device_tracker.wsbc025073760v_36c0	ibeacon	iBeacon Tracker	WSBC025073760V 36C0					54555242-4f48-4d49-3230-313701000000_45070_13062_D0:A1:98:7A:36:C0
device_tracker.wsbc025088514v_0bbd	ibeacon	iBeacon Tracker	WSBC025088514V 0BBD					54555242-4f48-4d49-3230-313701000000_16929_13062_D9:0A:33:2E:0B:BD
device_tracker.wsbc025100240t_b362	ibeacon	iBeacon Tracker	WSBC025100240T B362					54555242-4f48-4d49-3230-313701000000_61440_13062_CB:A1:E8:B9:B3:62
event.audio_button_1	hue	Hue Bridge 0017882791a0	Piano Lamp	Media area	Button 1			2b3a26ba-ae72-4d6c-b3b0-466698b9181f
event.backup_automatic_backup	backup	Backup	Backup		Automatic backup			automatic_backup_event
event.bathroom_dimmer_button_1	hue	Hue Bridge 0017882791a0	Bathroom Dimmer	Bathroom	Button 1			d98c86ba-2ca3-4bea-af01-c2dd38247cab
event.bathroom_dimmer_button_2	hue	Hue Bridge 0017882791a0	Bathroom Dimmer	Bathroom	Button 2			99d5b229-d120-4d9e-a581-64ce7d2e7f6e
event.bathroom_dimmer_button_3	hue	Hue Bridge 0017882791a0	Bathroom Dimmer	Bathroom	Button 3			d98cbd70-6198-4859-887e-449ee8b0835d
event.bathroom_dimmer_button_4	hue	Hue Bridge 0017882791a0	Bathroom Dimmer	Bathroom	Button 4			97743fea-11d5-438b-b7c4-dc5e6d8d8589
event.bathroom_heater_button_1	hue	Hue Bridge 0017882791a0	Bathroom heater	Bathroom	Button 1			0fbe0502-cf64-43ca-991e-3eab4fe3e9a8
event.ellie_switch_button_1	hue	Hue Bridge 0017882791a0	Piano Lamp Dimmer		Button 1			79f28da1-14f4-4489-a267-37a31d937d0e
event.ellie_switch_button_2	hue	Hue Bridge 0017882791a0	Piano Lamp Dimmer		Button 2			907974eb-e15f-450c-bb9c-c8ce7f781310
event.ellie_switch_button_3	hue	Hue Bridge 0017882791a0	Piano Lamp Dimmer		Button 3			511cfd87-d52f-4977-8e49-7acc68deb0d7
event.ellie_switch_button_4	hue	Hue Bridge 0017882791a0	Piano Lamp Dimmer		Button 4			40cda1bf-aa7a-426b-8970-7382796d9e9f
event.front_door_chime	nest	Configuration.yaml	Front Door	Hallway	Chime			enterprises/e949facd-de30-4290-be28-6de353666a4d/devices/AVPHwEuYx2lOrKzt__TxtP903Nh8rgPROYSnZINT6xc8EndRyPHjsmA_685j38W9L7enu5vvwVtXme8x0ozn1fahFs0aRA-doorbell_chime
event.front_door_motion	nest	Configuration.yaml	Front Door	Hallway	Motion			enterprises/e949facd-de30-4290-be28-6de353666a4d/devices/AVPHwEuYx2lOrKzt__TxtP903Nh8rgPROYSnZINT6xc8EndRyPHjsmA_685j38W9L7enu5vvwVtXme8x0ozn1fahFs0aRA-camera_motion
event.garden_a_motion	nest	Configuration.yaml	Garden A	Garden	Motion			enterprises/e949facd-de30-4290-be28-6de353666a4d/devices/AVPHwEu6qU2UEAhM-6DrBkRX1Y0M2Rb1q4mU09ZrEi0mywEWAXhC8HGTp-34OmCPKbexeyKMIBMC9GD8c9nqVtwcoguYQw-camera_motion
event.hannah_switch_button_1	hue	Hue Bridge 0017882791a0	Study Switch	Isla Bedroom	Button 1			200cb44d-b280-439e-9420-34ef3a161d8d
event.hannah_switch_button_2	hue	Hue Bridge 0017882791a0	Study Switch	Isla Bedroom	Button 2			de7f44f3-f899-45e3-89ca-b737772fbbe6
event.hannah_switch_button_3	hue	Hue Bridge 0017882791a0	Study Switch	Isla Bedroom	Button 3			61fb60da-3d87-4c8d-84de-cf92db8c770e
event.hannah_switch_button_4	hue	Hue Bridge 0017882791a0	Study Switch	Isla Bedroom	Button 4			e0095477-8e2e-476b-8a30-6dc12b1656c1
event.hue_dimmer_switch_1_button_1	hue	Hue Bridge 0017882791a0	Hannah Hue Dimmer 	Hannahs Bedroom	Button 1			ec5fd8f3-a79b-444e-bb12-7c80510b846b
event.hue_dimmer_switch_1_button_2	hue	Hue Bridge 0017882791a0	Hannah Hue Dimmer 	Hannahs Bedroom	Button 2			82624ae1-0030-4bb9-a26b-f56486d24caa
event.hue_dimmer_switch_1_button_3	hue	Hue Bridge 0017882791a0	Hannah Hue Dimmer 	Hannahs Bedroom	Button 3			886957bd-6e20-4042-90ab-ad55ea865693
event.hue_dimmer_switch_1_button_4	hue	Hue Bridge 0017882791a0	Hannah Hue Dimmer 	Hannahs Bedroom	Button 4			2e747f35-0a8a-44be-bd9d-73d3b9ee3847
event.hue_dimmer_switch_2_button_1	hue	Hue Bridge 0017882791a0	Ellie Hue Dimmer	Ellies Bedroom	Button 1			c4e9dcc4-064d-42c5-85fb-f80908687c42
event.hue_dimmer_switch_2_button_2	hue	Hue Bridge 0017882791a0	Ellie Hue Dimmer	Ellies Bedroom	Button 2			c09587ed-f90e-46fa-88b8-aae87cdf374b
event.hue_dimmer_switch_2_button_3	hue	Hue Bridge 0017882791a0	Ellie Hue Dimmer	Ellies Bedroom	Button 3			1c9aa94c-2b39-41bf-9a4d-a8f4a87ab275
event.hue_dimmer_switch_2_button_4	hue	Hue Bridge 0017882791a0	Ellie Hue Dimmer	Ellies Bedroom	Button 4			c6d48f9c-26ee-4d30-beb5-07cd7340f99f
event.hue_tap_dial_switch_1_button_1	hue	Hue Bridge 0017882791a0	Lamps Dial		Button 1			c7195756-9a19-432f-80a5-629450c46c46
event.hue_tap_dial_switch_1_button_2	hue	Hue Bridge 0017882791a0	Lamps Dial		Button 2			2a75f202-2179-490a-bb96-1b32965d45a5
event.hue_tap_dial_switch_1_button_3	hue	Hue Bridge 0017882791a0	Lamps Dial		Button 3			3bd21845-e5e8-4fc2-9dfa-cecf617e9816
event.hue_tap_dial_switch_1_button_4	hue	Hue Bridge 0017882791a0	Lamps Dial		Button 4			62b270a7-77d9-428e-a9af-f25ee21c2c72
event.hue_tap_dial_switch_1_rotary	hue	Hue Bridge 0017882791a0	Lamps Dial		Rotary			6f3d9483-09e9-43bf-ac2d-3aa921284551
event.kitchen_switch_button_1	hue	Hue Bridge 0017882791a0	Kitchen switch	Kitchen	Button 1			47f0065a-9cd1-4d7e-9f27-62ead27629c3
event.kitchen_switch_button_2	hue	Hue Bridge 0017882791a0	Kitchen switch	Kitchen	Button 2			a7d28817-014f-41cf-8f9b-d7d2c956c361
event.kitchen_switch_button_3	hue	Hue Bridge 0017882791a0	Kitchen switch	Kitchen	Button 3			b1b0e613-c0bb-4f37-ab9b-ad13ebd0b5bc
event.kitchen_switch_button_4	hue	Hue Bridge 0017882791a0	Kitchen switch	Kitchen	Button 4			93b90fe0-9836-4e1a-b329-517657d3f6ef
event.loft_controller_loft_controller_events	esphome	Loft Controller	Loft Controller	Loft	Loft Controller Events			F4:65:0B:07:AB:34-event-loft_controller_events
event.loft_pir_bedroom_presence_events	esphome	Bedroom Presence	Bedroom Presence	Loft	Bedroom Presence Events			D8:3B:DA:75:E6:90-event-bedroom_presence_events
event.loft_sink_switch_button_1	hue	Hue Bridge 0017882791a0	Loft Sink Switch	Loft Bathroom	Button 1			2701cfb2-9b85-4654-adf9-73de57da71e3
event.loft_sink_switch_button_2	hue	Hue Bridge 0017882791a0	Loft Sink Switch	Loft Bathroom	Button 2			1664d95e-e846-4694-b8d7-e3e74a3ecd85
event.loft_sink_switch_button_3	hue	Hue Bridge 0017882791a0	Loft Sink Switch	Loft Bathroom	Button 3			02d0d0bb-433d-4ecd-9331-5a4beb190545
event.loft_sink_switch_button_4	hue	Hue Bridge 0017882791a0	Loft Sink Switch	Loft Bathroom	Button 4			d2f318ca-c8c3-4977-95cb-f76d47bc22d9
event.m_bedside_light_button_1	hue	Hue Bridge 0017882791a0	M Bedside Light	Main Bedroom	Button 1			45437ce4-ffee-4cad-9dcd-9537ee60b522
event.utility_lights_button_1	hue	Hue Bridge 0017882791a0	Utility Lights	Utility	Button 1			71d4702b-ed58-4504-9b05-b3149868f449
event.utility_lights_button_2	hue	Hue Bridge 0017882791a0	Utility Lights	Utility	Button 2			7b8f4d08-720d-46b8-ac35-6290a2ab381c
event.utility_lights_button_3	hue	Hue Bridge 0017882791a0	Utility Lights	Utility	Button 3			814228f0-06fb-459f-883c-6f5d5ea93a8f
event.utility_lights_button_4	hue	Hue Bridge 0017882791a0	Utility Lights	Utility	Button 4			8af0c25a-b489-43c5-b190-dadf62bc90a0
fan.pure_cool	dyson_local	Pure Cool	Pure Cool	Main Bedroom	Pure Cool			VS7-UK-MFA2757A
fan.pure_hot_cool	dyson_local	Pure Hot+Cool	Pure Hot+Cool	Isla	Pure Hot+Cool			ZZ9-UK-NEA5537A
image.volvo_eva_exterior	volvo_cars	Volvo EX40 (YV1XZEHR5T2686253)	Eva	Driveway	Exterior side passenger			volvo_yv1xzehr5t2686253_exterior
image.volvo_eva_interior	volvo_cars	Volvo EX40 (YV1XZEHR5T2686253)	Eva	Driveway	Interior			volvo_yv1xzehr5t2686253_interior
image.volvo_yv1xzehr5t2686253_exterior_front	volvo_cars	Volvo EX40 (YV1XZEHR5T2686253)	Eva	Driveway	Exterior front			volvo_yv1xzehr5t2686253_exterior_front
input_boolean.a_parent_home	input_boolean				A Parent Home			a_parent_home
input_boolean.all_parents_home	input_boolean				All Parents Home			parents_home
input_boolean.audio_switch	input_boolean				audio-switch			audio_switch
input_boolean.away_on_holiday	input_boolean				away on holiday			just_got_home
input_boolean.battery_charging_window	input_boolean				Battery Charging Window			battery_charging_window
input_boolean.bedroom_presence_debug	input_boolean				Bedroom Presence Debug			bedroom_presence_debug
input_boolean.boiler_anomaly_alert	input_boolean				boiler_anomaly_alert			boiler_anomaly_alert
input_boolean.dawn_lamp	input_boolean				Dawn lamp			dawn_lamp
input_boolean.device_presence	input_boolean				device_presence			device_presence
input_boolean.disable_auto_modes	input_boolean				Disable Alarm Auto Modes			just_knocked
input_boolean.export_window	input_boolean				Export window			export_window
input_boolean.force_home_mode	input_boolean				Mode Override			force_home_mode
input_boolean.importing	input_boolean				Importing			tap_to_open
input_boolean.iphone_wifi	input_boolean				iphone_wifi			iphone_wifi
input_boolean.loft_blind_is_open	input_boolean				Loft blind is open			loft_blind_is_open
input_boolean.mock_door_locked	input_boolean				Mock Door Locked			mock_door_locked
input_boolean.mock_led_amber	input_boolean				Mock LED Amber			mock_led_amber
input_boolean.mock_led_green	input_boolean				Mock LED Green			mock_led_green
input_boolean.mock_led_red	input_boolean				Mock LED Red			mock_led_red
input_boolean.mock_tap_front_door	input_boolean				Mock Tap Front Door			mock_tap_front_door
input_boolean.mock_tap_front_door_cooldown	input_boolean				mock_tap_front_door_cooldown			mock_tap_front_door_cooldown
input_boolean.mock_tap_garage	input_boolean				Mock Tap Garage			mock_tap_garage
input_boolean.mock_tap_garage_cooldown	input_boolean				mock_tap_garage_cooldown			mock_tap_garage_cooldown
input_boolean.morning_heater	input_boolean				morning heater			morning_heater
input_boolean.motion_logger_start_hannah	input_boolean				Hannah			hannah
input_boolean.motion_logger_start_mojgan	input_boolean				Mojgan			mojgan
input_boolean.motion_logger_start_tongai	input_boolean				Tongai			tongai
input_boolean.motion_logger_stop	input_boolean				Stop Recording			stop_recording
input_boolean.motion_recording_active	input_boolean				Motion Recording Active			motion_recording_active
input_boolean.mute_alarm	input_boolean				Mute Alarm			m
input_boolean.nearly_home	input_boolean				Nearly Home			nearly_home
input_boolean.pump_timer	input_boolean				pump_timer			pump_timer
input_boolean.relaunch	input_boolean				relaunch			relaunch
input_boolean.test_bridge_from_rpi5	input_boolean				test bridge rpi5			test_bridge_rpi5
input_boolean.test_bridge_mirror	input_boolean				bridge sync			bridge_sync
input_boolean.we_took_the_car	input_boolean				We Took the Car			we_took_the_car
input_button.alx	input_button				alx			alx
input_button.delete_all_fingerprints	input_button				Delete All Fingerprints			delete_all_fingerprints
input_button.delete_fingerprint	input_button				Delete Fingerprint			delete_fingerprint
input_button.enroll_fingerprint	input_button				Enroll Fingerprint			enroll_fingerprint
input_button.fp_lockout_reset	input_button				Reset FP Lockout			fp_lockout_reset
input_button.speedtest	input_button				Speedtest			speedtest
input_datetime.end_window	input_datetime				End window			end_window
input_datetime.high_end	input_datetime				high end			high_end
input_datetime.high_start	input_datetime				high start			high_start
input_datetime.return	input_datetime				Return			return
input_datetime.start_window	input_datetime				Start Window			start_window
input_datetime.weekday_shower	input_datetime			Bathroom heating	weekday shower			weekday_shower
input_number.authentication_time_window	input_number				fp_authentication_time_window			authentication_time_window
input_number.battery_max_charge	input_number				Battery Max Charge			battery_max_charge
input_number.blind_close_duration	input_number				blind_close_duration			blind_close_duration
input_number.blind_open_duration	input_number				blind_open_duration			blind_open_duration
input_number.daily_event_count	input_number				daily event count			daily_event_count
input_number.fp_delete_id	input_number				Fingerprint ID to Delete			fp_delete_id
input_number.fp_enroll_id	input_number				Fingerprint ID (Auto-assigned)			fp_slot_id
input_number.fp_enroll_scans	input_number				fp_enroll_scans			fp_enroll_scans
input_number.lockout_duration	input_number				Lockout Duration			lockout_duration
input_number.max_lockout_attempts	input_number				Max Lockout Attempts			max_lockout_attempts
input_number.mock_ble_distance	input_number				Sandbox BLE Distance			mock_ble_distance
input_number.monitor_action	input_number				Monitor Action			monitor_action
input_number.off_peak_electric	input_number				Peak Grid Consumption Today			off_peak_electric
input_number.peak_electric_price	input_number				Peak Electric Price			peak_electric_price
input_number.timer_length	input_number				timer length			timer_length
input_select.calibration_location	input_select				Calibration Location			calibration_location
input_select.fp_enroll_finger	input_select				Finger Name			fp_enroll_finger
input_select.guest_access	input_select				Manage Guest Access			guest_access
input_select.inverter_mode	input_select				Inverter Mode			inverter_mode
input_select.matcher	input_select				matcher			matcher
input_select.mock_location_area	input_select				Sandbox Location Area			mock_location_area
input_select.motion_travel_path	input_select				Motion Travel Path			motion_travel_path
input_select.mqtt_messages	input_select				MQTT Messages			mqtt_messages
input_select.relationship	input_select				Relationship			device_type
input_select.relationship_2	input_select				Relationship			relationship
input_select.room_heater	input_select			Upstairs	Room Heater			room_heater
input_select.work_status	input_select				Work Status			work_status
input_text.alarm_status	input_text				alarm_status			alarm_status
input_text.app_reload	input_text				App Reload			app_reload
input_text.button_sequence	input_text				button sequence			button_sequence
input_text.ellie_today	input_text				Ellie Today			ellie_todat
input_text.fp_enroll_name	input_text				fp_enroll_name			fp_enroll_name
input_text.fp_metadata	input_text				Fingerprint Metadata			fp_metadata
input_text.fp_metadata_store	input_text				fp_metadata_store			fp_metadata_store
input_text.fp_slot_1	input_text				fp_slot_1			fp_slot_1
input_text.fp_slot_2	input_text				fp_slot_2			fp_slot_2
input_text.fp_slot_3	input_text				fp_slot_3			fp_slot_3
input_text.guest_name	input_text				Guest Name			guest_name
input_text.mac_addr	input_text				Bluetooth MAC Address			mac_addr
input_text.mock_user	input_text				Which User			mock_user
input_text.mqtt_cmd	input_text				mqtt_cmd			mqtt_cmd
input_text.mqtt_payload	input_text				mqtt_payload			mqtt_payload
input_text.n8n	input_text				n8n			n8n
input_text.runtime	input_text				runtime			runtime
input_text.valid_button_sequence	input_text				fp_valid_button_sequence			valid_button_sequence
input_text.web	input_text				Web			web
light.aarlo_garden_c	aarlo	Aarlo for tongai.maramba@gmail.com	Garden C		Garden C			garden_c
light.aarlo_swings	aarlo	Aarlo for tongai.maramba@gmail.com	swings		swings			swings
light.bathroom	hue	Hue Bridge 0017882791a0	Bathroom	Bathroom		integration		a05e5b21-c560-4e2a-bb22-aaf51584e558
light.bathroom_heating	hue	Hue Bridge 0017882791a0	Christmas!	Bathroom heating		integration		ecd59202-39f2-47d2-8e8b-0e01985b1c16
light.bathroom_sink	hue	Hue Bridge 0017882791a0	Bathroom Sink	Bathroom				e1f392fd-0175-4169-93a4-764ab59a0060
light.bookshelf_lamp	hue	Hue Bridge 0017882791a0	Loft Bedside Lamp	Study				3a20da4d-28b0-4569-885a-aca78702b919
light.coats	hue	Hue Bridge 0017882791a0	Coats	Hallway				2c3371bd-3bdd-481a-ac5c-d1e84062b383
light.coats_2	hue	Hue Bridge 0017882791a0	Coats	Coats		integration		23c32774-b442-4e42-8b1a-8c76bb04dc45
light.dining_spotlights	lightwave2	tongaimaramba@gmail.com	Dining Spotlights	Dining Area	Dining Spotlights			5d17143ac42a3075031ca5a8-5e68f516213a0d46ddf774a5
light.dining_spotlights_led_2	lightwave2	tongaimaramba@gmail.com	Dining Spotlights	Dining Area	Dining Spotlights LED		user	5d17143ac42a3075031ca5a8-5e68f516213a0d46ddf774a5_LED
light.dining_wall_light_garden	tuya	tongaimaramba@gmail.com	Dining Wall Light Garden	Dining Area			integration	tuya.bf6b7aeab49b03c1a6zkqqswitch_led
light.dining_wall_light_road	tuya	tongaimaramba@gmail.com	Dining Wall Light Road	Dining Area			integration	tuya.bf1e3d7cf5485e0a88zv2fswitch_led
light.dining_wall_lights	group	Dining Wall Lights			Dining Wall Lights			ad294e85652dade065b20ca89f7fa7e1
light.downstairs_lights	group	downstairs_new			Downstairs Lights			45059156ca02438bd551972a07b06359
light.driveway_detector_range_led	esphome	driveway detector	driveway detector	Garage	Range LED			FC:B4:67:93:64:5C-light-range_led
light.ellie_door_lamp	hue	Hue Bridge 0017882791a0	E Door side	M Bedside	Ellie Door Lamp			0cca8299-3346-4b44-8832-3561b384df58
light.ellie_window_lamp	hue	Hue Bridge 0017882791a0	E Window Side	Main Bedroom	Ellie Window Lamp			6ac35437-af9d-48a3-9b53-1e7c3ed04365
light.ellies_bedroom	hue	Hue Bridge 0017882791a0	Ellies Bedroom	Ellies Bedroom				5caca1a1-c90f-4016-abb8-dabf6bda3cdd
light.fp_auth_auth_status_led	esphome	Fingerprint Authoriser	Fingerprint Authoriser	Hallway	Auth Status LED			C8:F0:9E:4E:4A:5C-light-auth_status_led
light.fp_auth_status_led	esphome	c3	Fingerprint Authoriser	Garage	Auth Status LED			D8:3B:DA:73:D9:F4-light-auth_status_led
light.garage	hue	Hue Bridge 0017882791a0	Garage	Garage				233b74a8-9436-4644-844a-145849fed0c8
light.hall_downlights_led	lightwave2	tongaimaramba@gmail.com	Hall Downlights	Hallway	Hall Downlights LED		user	5d17143ac42a3075031ca5a8-5d250106b6c35d33e7bfe916_LED
light.hall_spotlights	lightwave2	tongaimaramba@gmail.com	Hall Downlights	Hallway	Hall Spotlights			5d17143ac42a3075031ca5a8-5d250106b6c35d33e7bfe916
light.hannah_lamp	hue	Hue Bridge 0017882791a0	Hannah Lamp	Dining Area	Hannah Lamp			f5955270-f97b-4e09-8035-9793b81fc1cb
light.hue_adore_wall_1	hue	Hue Bridge 0017882791a0	Loft Bathroom Sink	Loft Bathroom				ea881a12-41e6-4ae9-ac73-a018be8f291f
light.hue_lightstrip_1	hue	Hue Bridge 0017882791a0	Garage Light Strip					9ad9dd93-c580-4efc-a4df-39a853e4527b
light.hue_lightstrip_plus_1	hue	Hue Bridge 0017882791a0	Desk shelf	Study				076632e6-ebd7-4e71-a536-7b8a61f4e7bc
light.hue_smart_plug_1	hue	Hue Bridge 0017882791a0	Christmas Lights	Bathroom heating				ae2a44bc-ef2e-4eba-9d76-2bce6abf5cc0
light.hue_white_spot_1	hue	Hue Bridge 0017882791a0	Downstairs Loo					b69912db-82ab-40d1-8647-afa465aebf1e
light.identify_344_led	lightwave2	tongaimaramba@gmail.com	Media Room Wall Lights		Media Room Wall Lights LED			5d17143ac42a3075031ca5a8-665f686ff812fb9bda578a75_LED
light.identify_344_led_2	lightwave2	tongaimaramba@gmail.com	Lounge Wall Lights		Lounge Wall Lights LED			5d17143ac42a3075031ca5a8-665f686ff812fb9bda578a76_LED
light.isla	hue	Hue Bridge 0017882791a0	Hannahs Bedroom	Isla		integration		daec350c-199d-45b0-870f-202867a438d9
light.isla_spotlights	lightwave2	tongaimaramba@gmail.com	Isla Spotlights	Isla	Isla Spotlights			5d17143ac42a3075031ca5a8-5d1d1601c42a3075031cca4c
light.isla_spotlights_led	lightwave2	tongaimaramba@gmail.com	Isla Spotlights	Isla	Isla Spotlights LED		user	5d17143ac42a3075031ca5a8-5d1d1601c42a3075031cca4c_LED
light.kai_proxy_front_door_status_led	esphome	kai_proxy	kai_proxy	Hallway	Front Door Status LED			F4:65:0B:08:8B:88-light-front_door_status_led
light.kd_spots	group	kd_spots			kd_spots			cfeb22cf731ab8eda35a839aee9e8975
light.kd_spots_wall	group	KD_Sposts			KD Spots and Wall			09baafcbb51b087fd933a2ce9d65e9d9
light.kitchen	hue	Hue Bridge 0017882791a0	Kitchen	Kitchen		integration		1d39228d-1af0-499b-a95b-d2a7d19d7c11
light.kitchen_spotlights	lightwave2	tongaimaramba@gmail.com	Kitchen Spotlights	Dining Area	Kitchen Spotlights			5d17143ac42a3075031ca5a8-5e68f516213a0d46ddf774a4
light.kitchen_spotlights_led	lightwave2	tongaimaramba@gmail.com	Kitchen Spotlights	Dining Area	Kitchen Spotlights LED		user	5d17143ac42a3075031ca5a8-5e68f516213a0d46ddf774a4_LED
light.kitchen_worktop	hue	Hue Bridge 0017882791a0	Kitchen Worktop	Kitchen				e62ac51f-2026-4712-bd2e-2520c94ac494
light.lamps_downstairs	group	Lamps Downstairs 			Lamps Downstairs 			86492212a71ad40d9c3a2a714e43363b
light.landing	hue	Hue Bridge 0017882791a0	Landing	Landing				42541598-28b7-4596-aca6-ea9ae786f8e8
light.laundry	group	laundry			laundry			4e94c9b30d69fa0fd4b1ec3345778be7
light.linkplus_led	lightwave2	tongaimaramba@gmail.com	LinkPlus	Garage	LinkPlus LED		user	5d17143ac42a3075031ca5a8-5d17143ac42a3075031ca5b1_LED
light.litra_beam	template				Litra Beam			litra_beam_light
light.loft32_desk_light	esphome	study work status	work status	Study	Desk Light			94:3C:C6:37:67:84-light-desk_light
light.loft32_neopixel_light	esphome	study work status	work status	Study	NeoPixel Light			94:3C:C6:37:67:84-light-neopixel_light
light.loft_bathroom	hue	Hue Bridge 0017882791a0	Loft Bathroom	Loft Bathroom				bdaea831-995b-4d81-ae64-67787b96efc3
light.loft_controller_loft_controller_status_led	esphome	Loft Controller	Loft Controller	Loft	Loft Controller Status LED			F4:65:0B:07:AB:34-light-loft_controller_status_led
light.loft_suite	hue	Hue Bridge 0017882791a0	Loft Suite	Loft Suite				5b90cf8c-875a-4c6d-80fd-ebfdb62b63c7
light.loft_suite_spotlights	lightwave2	tongaimaramba@gmail.com	Loft Suite Spotlights	Loft Suite	Loft Suite Spotlights			5d17143ac42a3075031ca5a8-658da652fcf6321ec512ac19
light.loft_suite_spotlights_led	lightwave2	tongaimaramba@gmail.com	Loft Suite Spotlights	Loft Suite	Loft Suite Spotlights LED			5d17143ac42a3075031ca5a8-658da652fcf6321ec512ac19_LED
light.lounge_ceiling_lights	group	Lounge Ceiling Lights 			Lounge Ceiling Lights 			cf9c7f4eac7754a967ee62e95b6f6d50
light.lounge_dim_led	lightwave2	tongaimaramba@gmail.com	Lounge dim	Living Room	Lounge dim LED		user	5d17143ac42a3075031ca5a8-5dcfce99909866214d6f9632_LED
light.lounge_lamp_1	hue	Hue Bridge 0017882791a0	Ellie Standing Lamp	Living Room				24361d79-b7ac-4a15-8a60-da702224dca5
light.lounge_lamp_2	hue	Hue Bridge 0017882791a0	Lounge Lamp - Poppy	Living Room	Hall Lamp Front Door			ce40fdbd-f43b-4d3f-9a26-64c24b8fc3df
light.lounge_lamps	hue	Hue Bridge 0017882791a0	Lounge Lamps	Lounge Lamps		integration		635580e8-f2f3-4248-8a78-86c5c4f5dd77
light.lounge_lamps_2	group	Lounge Lamps			Lounge Lamps			85c5f9b15f38142b6fb98b75bd8e1416
light.lounge_lights	group	Lounge Lights			Lounge Lights			693800f92004b5b4fb4211a482b69eca
light.lounge_pendant	lightwave2	tongaimaramba@gmail.com	Lounge dim	Living Room	Lounge Pendant			5d17143ac42a3075031ca5a8-5dcfce99909866214d6f9632
light.lounge_spotlights	lightwave2	tongaimaramba@gmail.com	Lounge Spotlights	Living Room	Lounge Spotlights			5d17143ac42a3075031ca5a8-5dcfce99909866214d6f9633
light.lounge_spotlights_led_2	lightwave2	tongaimaramba@gmail.com	Lounge Spotlights	Living Room	Lounge Spotlights LED		user	5d17143ac42a3075031ca5a8-5dcfce99909866214d6f9633_LED
light.lounge_wall_lights	lightwave2	tongaimaramba@gmail.com	Lounge Wall Lights		Lounge Wall Lights			5d17143ac42a3075031ca5a8-665f686ff812fb9bda578a76
light.lounges_wall_lamps	group	lounges wall lamps			lounges wall lamps			b00596c1011e27faf50f9018b12ebe76
light.main_downlights_led	lightwave2	tongaimaramba@gmail.com	Main Downlights	Main Bedroom	Main Downlights LED		user	5d17143ac42a3075031ca5a8-5d25a447b6c35d33e7bfeb43_LED
light.main_spotlights	lightwave2	tongaimaramba@gmail.com	Main Downlights	Main Bedroom	Main Soptlights			5d17143ac42a3075031ca5a8-5d25a447b6c35d33e7bfeb43
light.media_room_spotlights	lightwave2	tongaimaramba@gmail.com	Media Room Spotlights		Media Room Spotlights			5d17143ac42a3075031ca5a8-665f686ff812fb9bda578a74
light.media_room_wall_lights	lightwave2	tongaimaramba@gmail.com	Media Room Wall Lights		Media Room Wall Lights			5d17143ac42a3075031ca5a8-665f686ff812fb9bda578a75
light.movie_lamp	hue	Hue Bridge 0017882791a0	Piano Lamp	Media area	Piano Lamp			4fafa5b7-a544-4bf3-b14e-13fad33fe675
light.pantry	group	pantry			pantry			790ad5d30ef222d99be7536aa683156f
light.study	hue	Hue Bridge 0017882791a0	Study	Study		integration		6248b345-5884-4a4d-a4b7-71e54bc377ea
light.study_desk_lamp	hue	Hue Bridge 0017882791a0	Side Board Lamp	Study				a999f4ca-420f-4344-8e8a-86d7ca603647
light.switch_276	lightwave2	tongaimaramba@gmail.com	switch 276		switch 276			5d17143ac42a3075031ca5a8-651404a8349ed709befcfa18
light.switch_351_led	lightwave2	tongaimaramba@gmail.com	Media Room Spotlights		Media Room Spotlights LED			5d17143ac42a3075031ca5a8-665f686ff812fb9bda578a74_LED
light.tagreader_led	esphome	kitchen-nfc	Kitchen-Nfc	Kitchen	TagReader LED			KITCHEN-NFC-light-tagreader_led
light.tagreader_led_2	esphome	kitchen-nfc	Kitchen-Nfc	Kitchen	TagReader LED			40:91:51:4E:DB:EA-light-tagreader_led
light.utility	group	utility			utility			18f440464495c1d0895424e4bab0cc15
light.utility_1	hue	Hue Bridge 0017882791a0	Utility 1	Utility - Laundry	Utility 1			fb8d2acf-9676-4d9d-9484-aa6b9ffa0cd9
light.utility_2	hue	Hue Bridge 0017882791a0	Utility 2	Utility - Laundry	Utility 2			939a6261-23ae-4eef-8f4f-e3231fbeb511
light.utility_3	hue	Hue Bridge 0017882791a0	Utility 3	Utility - Laundry	Utility 3			17baef4c-fb81-4a32-8fa9-18648826f309
light.utility_4	hue	Hue Bridge 0017882791a0	Utility 4	Utility - Laundry	Utility 4			c48bf678-0d99-46b7-95b2-47a267c4af40
light.utility_5	hue	Hue Bridge 0017882791a0	Utility 5	Utility - Laundry	Utility 5			b780729b-8534-4228-9376-fc67de5854f9
light.utility_6	hue	Hue Bridge 0017882791a0	Utility 6	Utility				ec815716-2f6a-4ae2-b765-08fa05bb25c4
light.utility_7	hue	Hue Bridge 0017882791a0	Utility 7	Utility				2c292044-ac5a-47a1-9958-38c2a9439ba9
light.utility_8	hue	Hue Bridge 0017882791a0	Utility 8	Utility				c25a1f0a-0d65-497b-acf0-ef49cd0d820b
light.utility_9	hue	Hue Bridge 0017882791a0	Utility 9	Utility				080ae07b-bb09-48af-aa89-60d5e7ff19b9
light.utility_laundry	hue	Hue Bridge 0017882791a0	Utility - Laundry	Utility - Laundry		integration		ebda7489-c468-4b32-8c0f-cbbc0b620ff2
light.utility_pantry	hue	Hue Bridge 0017882791a0	Utility - Pantry	Utility - Pantry		integration		d23c87ae-9739-4c3c-9991-d1c81aa2f032
light.wall_lamps	group	Wall Lamps			Wall Lamps			14d7315f10687ff1f98aa0249635414d
light.work_status_on_air_light	esphome	study work status	work status	Study	On-air Light			94:3C:C6:37:67:84-light-on-air_light
lock.downlights_lock	lightwave2	tongaimaramba@gmail.com	Isla Spotlights	Isla	Downlights Lock			5d17143ac42a3075031ca5a8-5d1d1601c42a3075031cca4c
lock.hall_downlights_lock	lightwave2	tongaimaramba@gmail.com	Hall Downlights	Hallway	Hall Downlights Lock			5d17143ac42a3075031ca5a8-5d250106b6c35d33e7bfe916
lock.identify_344_lock	lightwave2	tongaimaramba@gmail.com	Media Room Wall Lights		Media Room Wall Lights Lock			5d17143ac42a3075031ca5a8-665f686ff812fb9bda578a75
lock.identify_344_lock_2	lightwave2	tongaimaramba@gmail.com	Lounge Wall Lights		Lounge Wall Lights Lock			5d17143ac42a3075031ca5a8-665f686ff812fb9bda578a76
lock.kitchen_lock	lightwave2	tongaimaramba@gmail.com	Kitchen Spotlights	Dining Area	Kitchen Lock			5d17143ac42a3075031ca5a8-5e68f516213a0d46ddf774a4
lock.kitchen_lock_2	lightwave2	tongaimaramba@gmail.com	Dining Spotlights	Dining Area	Kitchen Lock			5d17143ac42a3075031ca5a8-5e68f516213a0d46ddf774a5
lock.loft_suite_spotlights_lock	lightwave2	tongaimaramba@gmail.com	Loft Suite Spotlights	Loft Suite	Loft Suite Spotlights Lock			5d17143ac42a3075031ca5a8-658da652fcf6321ec512ac19
lock.lounge_dim_lock	lightwave2	tongaimaramba@gmail.com	Lounge dim	Living Room	Lounge dim Lock			5d17143ac42a3075031ca5a8-5dcfce99909866214d6f9632
lock.lounge_dim_lock_2	lightwave2	tongaimaramba@gmail.com	Lounge Spotlights	Living Room	Lounge dim Lock			5d17143ac42a3075031ca5a8-5dcfce99909866214d6f9633
lock.main_downlights_lock	lightwave2	tongaimaramba@gmail.com	Main Downlights	Main Bedroom	Main Downlights Lock			5d17143ac42a3075031ca5a8-5d25a447b6c35d33e7bfeb43
lock.switch_276_lock	lightwave2	tongaimaramba@gmail.com	switch 276		switch 276 Lock			5d17143ac42a3075031ca5a8-651404a8349ed709befcfa18
lock.switch_351_lock	lightwave2	tongaimaramba@gmail.com	Media Room Spotlights		Media Room Spotlights Lock			5d17143ac42a3075031ca5a8-665f686ff812fb9bda578a74
lock.volvo_eva_lock	volvo_cars	Volvo EX40 (YV1XZEHR5T2686253)	Eva	Driveway	Central lock			volvo_yv1xzehr5t2686253_lock
lock.volvo_eva_lock_reduced_guard	volvo_cars	Volvo EX40 (YV1XZEHR5T2686253)	Eva	Driveway	Reduced guard lock			volvo_yv1xzehr5t2686253_lock_reduced_guard
media_player.projector	webostv	Projector	Projector	Media area				9e4bcbc6-4c28-2bf9-cd95-44b703a95532
media_player.shield	androidtv_remote	SHIELD	SHIELD	Media area				48:b0:2d:52:09:55
notify.file	file	Notify [/config/calibration_snapshots.csv]			File			01K9YE9R5FQJQPAFSR0HPVTMY9
number.bermuda_94332533261f4c25806d5320a803683b_100_40004_calibration_ref_power_at_1m_0_for_default	bermuda	Bermuda BLE Trilateration	Tongai's SM25		Calibration Ref Power at 1m. 0 for default.			94332533261f4c25806d5320a803683b_100_40004_ref_power
number.ellie_nokia_phone_calibration_ref_power_at_1m_0_for_default	bermuda	Bermuda BLE Trilateration	Ellie Nokia Phone	Home General	Calibration Ref Power at 1m. 0 for default.			64:16:66:71:9f:74_ref_power
number.ellie_school_bag_calibration_ref_power_at_1m_0_for_default	bermuda	Bermuda BLE Trilateration	Ellie School Bag	Home General	Calibration Ref Power at 1m. 0 for default.			d2:de:e0:31:bf:d7_ref_power
number.growatt_sph_battery_absorption_charge_voltage	mqtt	Mosquitto broker	Growatt SPH		Battery absorption charge voltage			inverter_1_battery_absorption_charge_voltage
number.growatt_sph_battery_first_charge_rate	mqtt	Mosquitto broker	Growatt SPH		Battery first charge rate			inverter_1_battery_first_charge_rate
number.growatt_sph_battery_first_stop_charge	mqtt	Mosquitto broker	Growatt SPH		Battery first stop charge			inverter_1_battery_first_stop_charge
number.growatt_sph_battery_float_charge_voltage	mqtt	Mosquitto broker	Growatt SPH		Battery float charge voltage			inverter_1_battery_float_charge_voltage
number.growatt_sph_export_power_rate	mqtt	Mosquitto broker	Growatt SPH		Export power rate			inverter_1_export_power_rate
number.growatt_sph_free_mode_charge_rate	mqtt	Mosquitto broker	Growatt SPH		Free mode charge rate			inverter_1_free_mode_charge_rate
number.growatt_sph_free_mode_discharge_rate	mqtt	Mosquitto broker	Growatt SPH		Free mode discharge rate			inverter_1_free_mode_discharge_rate
number.growatt_sph_grid_first_discharge_rate	mqtt	Mosquitto broker	Growatt SPH		Grid first discharge rate			inverter_1_grid_first_discharge_rate
number.growatt_sph_grid_first_stop_discharge	mqtt	Mosquitto broker	Growatt SPH		Grid first stop discharge			inverter_1_grid_first_stop_discharge
number.growatt_sph_grid_frequency_high	mqtt	Mosquitto broker	Growatt SPH		Grid frequency high			inverter_1_grid_frequency_high
number.growatt_sph_grid_frequency_low	mqtt	Mosquitto broker	Growatt SPH		Grid frequency low			inverter_1_grid_frequency_low
number.growatt_sph_grid_voltage_high	mqtt	Mosquitto broker	Growatt SPH		Grid voltage high			inverter_1_grid_voltage_high
number.growatt_sph_grid_voltage_low	mqtt	Mosquitto broker	Growatt SPH		Grid voltage low			inverter_1_grid_voltage_low
number.growatt_sph_load_first_stop_charge	mqtt	Mosquitto broker	Growatt SPH		Load first stop charge			inverter_1_load_first_stop_charge
number.growatt_sph_load_first_stop_discharge	mqtt	Mosquitto broker	Growatt SPH		Load first stop discharge			inverter_1_load_first_stop_discharge
number.hannah_iphone13_calibration_ref_power_at_1m_0_for_default	bermuda	Bermuda BLE Trilateration	Hannah iPhone13	Home General	Calibration Ref Power at 1m. 0 for default.			3e965b2a301d81c5895fa7957e771120_ref_power
number.hannah_keys_calibration_ref_power_at_1m_0_for_default	bermuda	Bermuda BLE Trilateration	Hannah Keys		Calibration Ref Power at 1m. 0 for default.			ff:1f:04:66:7e:93_ref_power
number.loft_controller_loft_controller_delay_off	esphome	Loft Controller	Loft Controller	Loft	Loft Controller Delay-Off			F4:65:0B:07:AB:34-number-loft_controller_delay-off
number.loft_controller_loft_controller_delay_on	esphome	Loft Controller	Loft Controller	Loft	Loft Controller Delay-On			F4:65:0B:07:AB:34-number-loft_controller_delay-on
number.loft_controller_loft_controller_timeout	esphome	Loft Controller	Loft Controller	Loft	Loft Controller Timeout			F4:65:0B:07:AB:34-number-loft_controller_timeout
number.loft_pir_bedroom_presence_delay_off	esphome	Bedroom Presence	Bedroom Presence	Loft	Bedroom Presence Delay-Off			D8:3B:DA:75:E6:90-number-bedroom_presence_delay-off
number.loft_pir_bedroom_presence_delay_on	esphome	Bedroom Presence	Bedroom Presence	Loft	Bedroom Presence Delay-On			D8:3B:DA:75:E6:90-number-bedroom_presence_delay-on
number.loft_pir_bedroom_presence_timeout	esphome	Bedroom Presence	Bedroom Presence	Loft	Bedroom Presence Timeout			D8:3B:DA:75:E6:90-number-bedroom_presence_timeout
number.mojgan_iphone11_calibration_ref_power_at_1m_0_for_default	bermuda	Bermuda BLE Trilateration	Mojgan iPhone11	Home General	Calibration Ref Power at 1m. 0 for default.			81f0112b21aab4c0981fb4ba75aa239a_ref_power
number.sonoff_1000eced8f_pulsewidth	sonoff	tongaimaramba@gmail.com	Fan		Fan INCHING Duration	integration		1000eced8f_pulseWidth
number.sonoff_100125dac5_pulsewidth	sonoff	tongaimaramba@gmail.com	patio lights		patio lights INCHING Duration	integration		100125dac5_pulseWidth
number.sonoff_100140291c_pulsewidth	sonoff	tongaimaramba@gmail.com	Garage		Garage INCHING Duration	integration		100140291c_pulseWidth
number.volvo_eva_data_update_interval	volvo_cars	Volvo EX40 (YV1XZEHR5T2686253)	Eva	Driveway	Data update interval			volvo_yv1xzehr5t2686253_data_update_interval
person.ellie	person				Ellie			ellie
person.feasby	person				Feasby			feasby
person.hannah	person				Hannah			hannah
person.mojgan	person				Mojgan			mojgan
person.tongai	person				Tongai			tongai
remote.shield	androidtv_remote	SHIELD	SHIELD	Media area				48:b0:2d:52:09:55
scene.bathroom_arctic_aurora	hue	Hue Bridge 0017882791a0	Bathroom	Bathroom	Arctic aurora			63fc480d-278b-42f9-8140-1cfb6208170a
scene.bathroom_bright	hue	Hue Bridge 0017882791a0	Bathroom	Bathroom	Bright			daaa5e7d-55af-4a2d-824a-91338bea0fbd
scene.bathroom_concentrate	hue	Hue Bridge 0017882791a0	Bathroom	Bathroom	Concentrate			649bbab6-3764-4079-b37b-301eea7a39e1
scene.bathroom_dimmed	hue	Hue Bridge 0017882791a0	Bathroom	Bathroom	Dimmed			cc16d500-ec00-4cc6-8421-b13087b4efb4
scene.bathroom_ellie	hue	Hue Bridge 0017882791a0	Bathroom	Bathroom	Ellie			f4d4bc51-baec-4319-bfe9-e632ba34e863
scene.bathroom_energize	hue	Hue Bridge 0017882791a0	Bathroom	Bathroom	Energize			4b2a63e9-6d48-4161-a5c5-d25f619bc990
scene.bathroom_hannah	hue	Hue Bridge 0017882791a0	Bathroom	Bathroom	Hannah			21fb3bf4-0727-4be8-af8f-938e9d2bc5fb
scene.bathroom_heating_bright	hue	Hue Bridge 0017882791a0	Christmas!	Bathroom heating	Bright			b1e7eae9-a877-4ee3-be33-5a5b4e8e1c7f
scene.bathroom_heating_dimmed	hue	Hue Bridge 0017882791a0	Christmas!	Bathroom heating	Dimmed			60d8aeaa-cc90-460f-8e91-b0895af87609
scene.bathroom_heating_nightlight	hue	Hue Bridge 0017882791a0	Christmas!	Bathroom heating	Nightlight			0e81e574-ac1f-494d-b190-cba670247bbd
scene.bathroom_nightlight	hue	Hue Bridge 0017882791a0	Bathroom	Bathroom	Nightlight			86896607-716d-4776-9899-3abb2a969529
scene.bathroom_read	hue	Hue Bridge 0017882791a0	Bathroom	Bathroom	Read			919a86bb-2f58-4ce5-aea1-2bd560d3e64e
scene.bathroom_relax	hue	Hue Bridge 0017882791a0	Bathroom	Bathroom	Relax			1f9d407a-a0b1-4c7a-882e-ddb1acc86d17
scene.bathroom_savanna_sunset	hue	Hue Bridge 0017882791a0	Bathroom	Bathroom	Savanna sunset			168055ee-0467-4a87-8114-b55842e7c8de
scene.bathroom_spring_blossom	hue	Hue Bridge 0017882791a0	Bathroom	Bathroom	Spring blossom			76ecf42a-e219-4d03-8637-80189ba42bc5
scene.bathroom_tropical_twilight	hue	Hue Bridge 0017882791a0	Bathroom	Bathroom	Tropical twilight			7c424f64-ec84-418a-a47a-eb15e79b9874
scene.coats_bright	hue	Hue Bridge 0017882791a0	Coats	Coats	Bright			a604ce92-3120-4bb5-8584-c434e3aaa072
scene.coats_dimmed	hue	Hue Bridge 0017882791a0	Coats	Coats	Dimmed			f9210189-74b2-4d82-9f5e-7c4081b8eaf8
scene.coats_nightlight	hue	Hue Bridge 0017882791a0	Coats	Coats	Nightlight			f3641fe2-4e5a-43b9-adf4-be233c63e8d9
scene.ellies_bedroom_bedtime	hue	Hue Bridge 0017882791a0	Ellies Bedroom	Ellies Bedroom	Bedtime			982fb0d8-663b-4810-abfb-171498275534
scene.ellies_bedroom_bright	hue	Hue Bridge 0017882791a0	Ellies Bedroom	Ellies Bedroom	Bright			14fab73d-ef22-4c23-ba01-b118f692417d
scene.ellies_bedroom_concentrate	hue	Hue Bridge 0017882791a0	Ellies Bedroom	Ellies Bedroom	Concentrate			1118a976-d27b-49da-b5a0-8aa6852baec5
scene.ellies_bedroom_energise	hue	Hue Bridge 0017882791a0	Ellies Bedroom	Ellies Bedroom	Energise			e95d49a3-74c0-4045-bc32-ba1a1a5c7b26
scene.ellies_bedroom_nightlight	hue	Hue Bridge 0017882791a0	Ellies Bedroom	Ellies Bedroom	Nightlight			5879fae0-a369-4fca-9cb6-b6d89a78e5d1
scene.ellies_bedroom_read	hue	Hue Bridge 0017882791a0	Ellies Bedroom	Ellies Bedroom	Read			2e464827-7edf-4c84-882e-02ceb4064c08
scene.ellies_bedroom_relax	hue	Hue Bridge 0017882791a0	Ellies Bedroom	Ellies Bedroom	Relax			87a02125-845b-4493-b24f-2abce3e21055
scene.ellies_bedroom_rest	hue	Hue Bridge 0017882791a0	Ellies Bedroom	Ellies Bedroom	Rest			6302b55f-9110-403b-a44f-ea72bc5e7eab
scene.ellies_bedroom_rest_2	hue	Hue Bridge 0017882791a0	Ellies Bedroom	Ellies Bedroom	Rest 2			f74d6b7e-6c5e-414f-b485-419bf64813d9
scene.garage_dimmed	hue	Hue Bridge 0017882791a0	Garage	Garage	Dimmed			693a0b79-c17c-4728-b9be-1ff4a8bc8742
scene.garage_nightlight	hue	Hue Bridge 0017882791a0	Garage	Garage	Nightlight			944a276e-4aaf-4a0a-b2d5-51e536a49fc5
scene.garage_read	hue	Hue Bridge 0017882791a0	Garage	Garage	Read			7dce578f-9c34-4a0c-ad70-c007af9f0ea0
scene.garage_relax	hue	Hue Bridge 0017882791a0	Garage	Garage	Relax			4c10a572-23e4-485f-9550-59526e7359f2
scene.hannahs_bedroom_morning	hue	Hue Bridge 0017882791a0	Hannahs Bedroom	Isla	Morning			798c76f1-7b7a-4f8f-9353-8d1b7898d9ae
scene.hannahs_bedroom_rest	hue	Hue Bridge 0017882791a0	Hannahs Bedroom	Isla	Rest			a1c9f5ee-f33c-4f09-93b3-411e0ce1cf1b
scene.isla_arctic_aurora	hue	Hue Bridge 0017882791a0	Hannahs Bedroom	Isla	Arctic aurora			276fc065-d3e9-4728-8940-874aa978a3f7
scene.isla_bright	hue	Hue Bridge 0017882791a0	Hannahs Bedroom	Isla	Bright			e7f0f924-5c84-4ce3-8da7-2a16e0f30fd9
scene.isla_concentrate	hue	Hue Bridge 0017882791a0	Hannahs Bedroom	Isla	Concentrate			cea37bff-3393-4acf-8f89-92a657fa74d8
scene.isla_daddy	hue	Hue Bridge 0017882791a0	Hannahs Bedroom	Isla	Daddy			d3c5fd26-974b-460a-a105-b87ee8b1e55f
scene.isla_dimmed	hue	Hue Bridge 0017882791a0	Hannahs Bedroom	Isla	Dimmed			c5d4ffcc-b068-4ca2-8e0d-54c8f6db2bd1
scene.isla_ellie	hue	Hue Bridge 0017882791a0	Hannahs Bedroom	Isla	Ellie			cf77d909-ec34-428e-b78f-30ffe58930d2
scene.isla_energize	hue	Hue Bridge 0017882791a0	Hannahs Bedroom	Isla	Energize			bd12ca08-5b9c-4f7e-9966-764ecc9a9b5f
scene.isla_hannah	hue	Hue Bridge 0017882791a0	Hannahs Bedroom	Isla	Hannah			8a07dc63-b410-4bc1-95b4-23a1ac748f54
scene.isla_nightlight	hue	Hue Bridge 0017882791a0	Hannahs Bedroom	Isla	Nightlight			7d0f6e7e-1973-4c3c-89f4-37caeead2029
scene.isla_read	hue	Hue Bridge 0017882791a0	Hannahs Bedroom	Isla	Read			fa19e943-c83d-4531-b797-9639c15fe603
scene.isla_relax	hue	Hue Bridge 0017882791a0	Hannahs Bedroom	Isla	Relax			3bbe10a0-b0b3-4421-92cf-2128443eb720
scene.isla_relaxed	hue	Hue Bridge 0017882791a0	Hannahs Bedroom	Isla	relaxed			068ce34f-d06f-4264-b1b1-383ba575365e
scene.isla_savanna_sunset	hue	Hue Bridge 0017882791a0	Hannahs Bedroom	Isla	Savanna sunset			99852f2f-5cd7-460b-aeda-14111efdfa0d
scene.isla_spring_blossom	hue	Hue Bridge 0017882791a0	Hannahs Bedroom	Isla	Spring blossom			c21ece67-48ad-4693-bc8b-9683f6ee3482
scene.isla_tropical_twilight	hue	Hue Bridge 0017882791a0	Hannahs Bedroom	Isla	Tropical twilight			72e71aba-7da7-43af-b09c-2dc0fe330fe4
scene.kitchen_arctic_aurora	hue	Hue Bridge 0017882791a0	Kitchen	Kitchen	Arctic aurora			cdbfc37b-dc90-4677-a13c-6032b7b24818
scene.kitchen_bright	hue	Hue Bridge 0017882791a0	Kitchen	Kitchen	Bright			4e7493d6-cfae-4321-92f9-254723645a66
scene.kitchen_concentrate	hue	Hue Bridge 0017882791a0	Kitchen	Kitchen	Concentrate			a6ce0b49-7e72-443a-b73a-7458404918fc
scene.kitchen_dimmed	hue	Hue Bridge 0017882791a0	Kitchen	Kitchen	Dimmed			5f3293ac-f260-4f66-adce-42d93f4b7626
scene.kitchen_ellie_fave	hue	Hue Bridge 0017882791a0	Kitchen	Kitchen	Ellie Fave			b6251361-b165-4efd-9ee0-3709933f8670
scene.kitchen_energize	hue	Hue Bridge 0017882791a0	Kitchen	Kitchen	Energize			27d3bd6e-0896-4595-9ab5-23b543011246
scene.kitchen_hannah_fave	hue	Hue Bridge 0017882791a0	Kitchen	Kitchen	Hannah Fave			c0456077-4ba4-4673-8632-391c75dbde04
scene.kitchen_nightlight	hue	Hue Bridge 0017882791a0	Kitchen	Kitchen	Nightlight			0599b179-4a2f-43ed-aec2-2840dd26a669
scene.kitchen_read	hue	Hue Bridge 0017882791a0	Kitchen	Kitchen	Read			afc471eb-e53d-4b69-a091-83d3b01dcfff
scene.kitchen_relax	hue	Hue Bridge 0017882791a0	Kitchen	Kitchen	Relax			de071f57-88f3-46b0-8c4c-f5e0585309f9
scene.kitchen_savanna_sunset	hue	Hue Bridge 0017882791a0	Kitchen	Kitchen	Savanna sunset			e9492147-ac2d-41c8-b8aa-8980b3f49932
scene.kitchen_scene_1	hue	Hue Bridge 0017882791a0	Kitchen	Kitchen	Scene 1			18718c98-6b08-44db-aec2-6cf13be82ce2
scene.kitchen_spring_blossom	hue	Hue Bridge 0017882791a0	Kitchen	Kitchen	Spring blossom			932417df-e45a-47de-ae05-9eb3a2e5c564
scene.kitchen_swings_calling	hue	Hue Bridge 0017882791a0	Kitchen	Kitchen	swings calling			07212417-bbf1-4a57-9d3e-6eb5fe3eb486
scene.kitchen_tropical_twilight	hue	Hue Bridge 0017882791a0	Kitchen	Kitchen	Tropical twilight			871cff36-064d-4332-a953-3e21c92a35f3
scene.landing_concentrate	hue	Hue Bridge 0017882791a0	Landing	Landing	Concentrate			1825d651-3f05-4a87-bb60-87230f7830bd
scene.landing_energise	hue	Hue Bridge 0017882791a0	Landing	Landing	Energise			ed711667-629d-4d93-b962-15aae19ab608
scene.landing_landing_light_warm	hue	Hue Bridge 0017882791a0	Landing	Landing	landing light warm			e2d1b1cc-eca8-42bd-9a39-afedbfaac98f
scene.landing_new_scene	hue	Hue Bridge 0017882791a0	Landing	Landing	New scene			4359b8d9-49fb-4b78-96b2-cbd54e64920f
scene.landing_nightlight	hue	Hue Bridge 0017882791a0	Landing	Landing	Nightlight			ab6e850b-d706-4ad5-8487-38c2d6ec5059
scene.landing_read	hue	Hue Bridge 0017882791a0	Landing	Landing	Read			8838bc31-9b6f-4a5b-9ed9-71666719b3de
scene.landing_relax	hue	Hue Bridge 0017882791a0	Landing	Landing	Relax			f16b38d1-c9bb-4524-ba0e-9ebafac39c83
scene.loft_bathroom_bright	hue	Hue Bridge 0017882791a0	Loft Bathroom	Loft Bathroom	Bright			ca830f01-d17c-424c-8d07-813936a62f7b
scene.loft_bathroom_daytime	hue	Hue Bridge 0017882791a0	Loft Bathroom	Loft Bathroom	Daytime			e650382a-9ef1-40f2-b9ed-ce1de93650b6
scene.loft_bathroom_dimmed	hue	Hue Bridge 0017882791a0	Loft Bathroom	Loft Bathroom	Dimmed			22d2a82d-db72-4571-8a2b-6f6d395989c5
scene.loft_bathroom_nightlight	hue	Hue Bridge 0017882791a0	Loft Bathroom	Loft Bathroom	Nightlight			4645cf0f-2acb-4cd4-9558-dc41895c17f2
scene.loft_bathroom_read	hue	Hue Bridge 0017882791a0	Loft Bathroom	Loft Bathroom	Read			827c4e3c-bbba-4895-9479-62f5378e44b4
scene.loft_bathroom_relax	hue	Hue Bridge 0017882791a0	Loft Bathroom	Loft Bathroom	Relax			9964215e-4f94-4b75-abbc-3eda9f3274ff
scene.loft_bathroom_rest	hue	Hue Bridge 0017882791a0	Loft Bathroom	Loft Bathroom	Rest			8f43ef91-8fa6-4f06-b69b-3cfb1a0a62ae
scene.loft_bathroom_rest_2	hue	Hue Bridge 0017882791a0	Loft Bathroom	Loft Bathroom	Rest 2			68b5f498-1cf1-4d58-94ce-3aec084f64e5
scene.loft_suite_nightlight	hue	Hue Bridge 0017882791a0	Loft Suite	Loft Suite	Nightlight			224ce721-3b05-4ada-a307-efbd6833f594
scene.loft_suite_preferred	hue	Hue Bridge 0017882791a0	Loft Suite	Loft Suite	Preferred			2cfe0eb6-8738-4d4f-9c01-0c3ec68e5dcf
scene.lounge_lamps_arctic_aurora	hue	Hue Bridge 0017882791a0	Lounge Lamps	Lounge Lamps	Arctic aurora			8cd05e8a-0089-42b0-928b-42c32e03a537
scene.lounge_lamps_bright	hue	Hue Bridge 0017882791a0	Lounge Lamps	Lounge Lamps	Bright			597f36f7-4be9-4b7f-a712-6f2bda17d3a2
scene.lounge_lamps_concentrate	hue	Hue Bridge 0017882791a0	Lounge Lamps	Lounge Lamps	Concentrate			e1c8ecf3-5b1a-4f49-b3c8-466e75390299
scene.lounge_lamps_dimmed	hue	Hue Bridge 0017882791a0	Lounge Lamps	Lounge Lamps	Dimmed			94b8b3f5-7dfc-452d-b9c1-23f78a9ab7fb
scene.lounge_lamps_energize	hue	Hue Bridge 0017882791a0	Lounge Lamps	Lounge Lamps	Energize			b5beee16-ee95-4e5a-8032-f6c9e93510a2
scene.lounge_lamps_lounge_on	hue	Hue Bridge 0017882791a0	Lounge Lamps	Lounge Lamps	Lounge on			6cfb757d-4eea-4356-8e24-64cd627c917a
scene.lounge_lamps_nightlight	hue	Hue Bridge 0017882791a0	Lounge Lamps	Lounge Lamps	Nightlight			ad810d26-9930-42e6-bf9e-c48be3647570
scene.lounge_lamps_read	hue	Hue Bridge 0017882791a0	Lounge Lamps	Lounge Lamps	Read			9e041669-89ab-4d07-9ee4-46aa300adb87
scene.lounge_lamps_relax	hue	Hue Bridge 0017882791a0	Lounge Lamps	Lounge Lamps	Relax			2fbeda76-8e7f-4deb-85da-ebe86ced4def
scene.lounge_lamps_savanna_sunset	hue	Hue Bridge 0017882791a0	Lounge Lamps	Lounge Lamps	Savanna sunset			d66379a6-af93-4676-af28-ed1098c5284b
scene.lounge_lamps_spring_blossom	hue	Hue Bridge 0017882791a0	Lounge Lamps	Lounge Lamps	Spring blossom			e3a0f2d4-2a32-45b9-aaf6-fe2d050239b6
scene.lounge_lamps_tropical_twilight	hue	Hue Bridge 0017882791a0	Lounge Lamps	Lounge Lamps	Tropical twilight			ae05e407-67ca-437e-b7ed-6d4443bb1372
scene.study_arctic_aurora	hue	Hue Bridge 0017882791a0	Study	Study	Arctic aurora			25104b6d-3ec8-4f08-860d-712f018114c5
scene.study_bright	hue	Hue Bridge 0017882791a0	Study	Study	Bright			14614040-c182-45c0-b1d9-0f4e50f20717
scene.study_concentrate	hue	Hue Bridge 0017882791a0	Study	Study	Concentrate			c735db0e-511c-4201-ba3a-6042ef8e2ea0
scene.study_dimmed	hue	Hue Bridge 0017882791a0	Study	Study	Dimmed			9fcf5b63-b898-47eb-9218-e53ec6ccfda6
scene.study_energize	hue	Hue Bridge 0017882791a0	Study	Study	Energize			4af43c48-5c8d-43b9-ba4a-fe1ecd252d63
scene.study_nightlight	hue	Hue Bridge 0017882791a0	Study	Study	Nightlight			6cfd7956-dc74-44ea-a4cc-113eb085485c
scene.study_read	hue	Hue Bridge 0017882791a0	Study	Study	Read			d579e41d-0c65-495f-b662-298f0a9e3726
scene.study_relax	hue	Hue Bridge 0017882791a0	Study	Study	Relax			510d320f-5f45-4673-9eaf-69234f79da96
scene.study_savanna_sunset	hue	Hue Bridge 0017882791a0	Study	Study	Savanna sunset			bf5ac626-754b-4316-8525-1bceebe8ae0d
scene.study_spring_blossom	hue	Hue Bridge 0017882791a0	Study	Study	Spring blossom			29cd6242-49d4-4876-8357-ebd23a2900d5
scene.study_tropical_twilight	hue	Hue Bridge 0017882791a0	Study	Study	Tropical twilight			5a75c07b-a6bc-4f48-9520-251b10cd6363
scene.utility_laundry_bright	hue	Hue Bridge 0017882791a0	Utility - Laundry	Utility - Laundry	Bright			6b6c24a4-ccbb-4c58-b548-17524bdf40a1
scene.utility_laundry_dimmed	hue	Hue Bridge 0017882791a0	Utility - Laundry	Utility - Laundry	Dimmed			45260de6-23cd-4777-a5e5-c5d8c794d458
scene.utility_laundry_nightlight	hue	Hue Bridge 0017882791a0	Utility - Laundry	Utility - Laundry	Nightlight			c791dd80-3d4b-4130-8d16-495439fc4f32
scene.utility_laundry_read	hue	Hue Bridge 0017882791a0	Utility - Laundry	Utility - Laundry	Read			232f762c-a9de-44f4-a9ad-bc140973b1b5
scene.utility_laundry_relax	hue	Hue Bridge 0017882791a0	Utility - Laundry	Utility - Laundry	Relax			dd1d1289-1e84-4787-b43f-4cdd06ad4dd6
scene.utility_pantry_arctic_aurora	hue	Hue Bridge 0017882791a0	Utility - Pantry	Utility - Pantry	Arctic aurora			531ef4db-e734-4fc7-8f7b-d6bde80764d2
scene.utility_pantry_bright	hue	Hue Bridge 0017882791a0	Utility - Pantry	Utility - Pantry	Bright			4e568904-cfb1-4d0b-b48d-2c869dc23dfe
scene.utility_pantry_concentrate	hue	Hue Bridge 0017882791a0	Utility - Pantry	Utility - Pantry	Concentrate			9021a000-061b-4799-a963-f6d442b3688b
scene.utility_pantry_dimmed	hue	Hue Bridge 0017882791a0	Utility - Pantry	Utility - Pantry	Dimmed			3afb12ce-6c56-4362-a4d9-4c5f1cf197bc
scene.utility_pantry_energize	hue	Hue Bridge 0017882791a0	Utility - Pantry	Utility - Pantry	Energize			17d98a87-c1f0-4eaf-b7f8-b4efae4f2b46
scene.utility_pantry_nightlight	hue	Hue Bridge 0017882791a0	Utility - Pantry	Utility - Pantry	Nightlight			a3a4333d-49ed-4694-b067-49a4e0b34be0
scene.utility_pantry_read	hue	Hue Bridge 0017882791a0	Utility - Pantry	Utility - Pantry	Read			9aa9f759-2980-4d86-9faf-88b1e8d4b44c
scene.utility_pantry_relax	hue	Hue Bridge 0017882791a0	Utility - Pantry	Utility - Pantry	Relax			b8f14a05-fcf7-4bf6-8f70-6c97b6f63e9c
scene.utility_pantry_savanna_sunset	hue	Hue Bridge 0017882791a0	Utility - Pantry	Utility - Pantry	Savanna sunset			e0faff34-1aa9-46b3-b460-9d6cd8a28008
scene.utility_pantry_spring_blossom	hue	Hue Bridge 0017882791a0	Utility - Pantry	Utility - Pantry	Spring blossom			e3fdf395-5b09-46bd-bbdf-eb4dcb105898
scene.utility_pantry_tropical_twilight	hue	Hue Bridge 0017882791a0	Utility - Pantry	Utility - Pantry	Tropical twilight			f1216838-eaef-4e7d-a59a-0a067cd29152
script.arrive_at_front_door	script				Arrive at Front Door			arrive_at_front_door
script.auto_allocate_fingerprint_id	script				Auto-select Next Fingerprint ID			auto_allocate_fingerprint_id
script.bathtime_off	script				Bathtime Off			bathtime_off
script.bathtime_on	script				Bathtime On			bathtime_on
script.boost_downstairs	script				Boost Downstairs			boost_downstairs
script.change_sound_output	script				change sound output			change_sound_output
script.debug_fingerprint_id_parser	script				Enhanced Debug Fingerprint ID Parser			debug_fingerprint_id_parser
script.downstairs_lights_off	script				Downstairs Lights Off			downstairs_lights_off
script.fp_delete_all_fingerprints	script				Delete All Fingerprints			fp_delete_all_fingerprints
script.fp_delete_fingerprint	script				Delete Single Fingerprint			fp_delete_fingerprint
script.fp_enroll_fingerprint	script				fp_enroll_fingerprint			fp_enroll_fingerprint
script.fp_reset	script				fp reset			fp_reset
script.grid	script				Grid			grid
script.home_fires	script				Home Fires			home_fires
script.ignore_ac_automation_for_1_hour	script				Ignore AC Automation for 1 Hour			ignore_ac_automation_for_1_hour
script.leave_to_away	script				Leave to Away			leave_to_away
script.lock_nuki_momentary	script				Lock Nuki - momentary			lock_nuki_momentary
script.manage_fp_metadata	script				Manage FP Metadata			manage_fp_metadata
script.manage_guest_access	script				manage_guests			manage_guest_access
script.movie_lights	script				Movie Lights			movie_lights
script.nearly_home	script				Nearly Home			nearly_home
script.open_nuki_momentary	script				Open Nuki - momentary			open_nuki_momentary
script.relaunch_apps	script				Relaunch Apps			relaunch_apps
script.reset_all_ac_flags	script				Reset All AC Flags			reset_all_ac_flags
script.set_growatt_mode_from_dropdown	script				Set Growatt Mode From Dropdown			set_growatt_mode_from_dropdown
script.set_growatt_sph_mode_with_retry	script				Set Growatt SPH Mode with Retry			set_growatt_sph_mode_with_retry
script.study_boost	script				Study Boost			study_boost
script.take_calibration_snapshot	script				Take Calibration Snapshot			take_calibration_snapshot
script.unlock_nuki_momentary	script				Unlock Nuki - momentary			unlock_nuki_momentary
select.growatt_sph_backup_eps	mqtt	Mosquitto broker	Growatt SPH		Backup EPS			inverter_1_backup_eps
select.growatt_sph_battery_first_grid_charge	mqtt	Mosquitto broker	Growatt SPH		Battery first grid charge			inverter_1_battery_first_grid_charge
select.growatt_sph_battery_first_slot_1_end	mqtt	Mosquitto broker	Growatt SPH		Battery first slot 1 end			inverter_1_battery_first_slot_1_end
select.growatt_sph_battery_first_slot_1_start	mqtt	Mosquitto broker	Growatt SPH		Battery first slot 1 start			inverter_1_battery_first_slot_1_start
select.growatt_sph_battery_first_slot_2_end	mqtt	Mosquitto broker	Growatt SPH		Battery first slot 2 end			inverter_1_battery_first_slot_2_end
select.growatt_sph_battery_first_slot_2_start	mqtt	Mosquitto broker	Growatt SPH		Battery first slot 2 start			inverter_1_battery_first_slot_2_start
select.growatt_sph_battery_first_slot_3_end	mqtt	Mosquitto broker	Growatt SPH		Battery first slot 3 end			inverter_1_battery_first_slot_3_end
select.growatt_sph_battery_first_slot_3_start	mqtt	Mosquitto broker	Growatt SPH		Battery first slot 3 start			inverter_1_battery_first_slot_3_start
select.growatt_sph_export_limiter	mqtt	Mosquitto broker	Growatt SPH		Export limiter			inverter_1_export_limiter
select.growatt_sph_grid_first_slot_1_end	mqtt	Mosquitto broker	Growatt SPH		Grid first slot 1 end			inverter_1_grid_first_slot_1_end
select.growatt_sph_grid_first_slot_1_start	mqtt	Mosquitto broker	Growatt SPH		Grid first slot 1 start			inverter_1_grid_first_slot_1_start
select.growatt_sph_grid_first_slot_2_end	mqtt	Mosquitto broker	Growatt SPH		Grid first slot 2 end			inverter_1_grid_first_slot_2_end
select.growatt_sph_grid_first_slot_2_start	mqtt	Mosquitto broker	Growatt SPH		Grid first slot 2 start			inverter_1_grid_first_slot_2_start
select.growatt_sph_grid_first_slot_3_end	mqtt	Mosquitto broker	Growatt SPH		Grid first slot 3 end			inverter_1_grid_first_slot_3_end
select.growatt_sph_grid_first_slot_3_start	mqtt	Mosquitto broker	Growatt SPH		Grid first slot 3 start			inverter_1_grid_first_slot_3_start
select.growatt_sph_work_mode_priority	mqtt	Mosquitto broker	Growatt SPH		Work mode priority			inverter_1_work_mode_priority
sensor.15s	garmin_connect	tongaimaramba@gmail.com	Garmin Connect	Home General	15s			tongaimaramba@gmail.com_a589fd3cff824897a2814cd20853b7c3
sensor.17s	garmin_connect	tongaimaramba@gmail.com	Garmin Connect	Home General	17s			tongaimaramba@gmail.com_937470aa07504347999b223a7c209ce0
sensor.94332533_261f_4c25_806d_5320a803683b_100_40004_power	ibeacon	iBeacon Tracker	Tongai Samsung25		Power	integration		94332533-261f-4c25-806d-5320a803683b_100_40004_power
sensor.94332533_261f_4c25_806d_5320a803683b_100_40004_signal_strength	ibeacon	iBeacon Tracker	Tongai Samsung25		Signal strength	integration		94332533-261f-4c25-806d-5320a803683b_100_40004_rssi
sensor.94332533_261f_4c25_806d_5320a803683b_100_40004_vendor	ibeacon	iBeacon Tracker	Tongai Samsung25		Vendor	integration		94332533-261f-4c25-806d-5320a803683b_100_40004_vendor
sensor.976_2e61_estimated_distance	ibeacon	iBeacon Tracker	976 2E61		Estimated distance			fda50693-a4e2-4fb1-afcf-c6eb07647825_10065_26049_DC:0D:30:79:2E:61_estimated_distance
sensor.976_2e61_power	ibeacon	iBeacon Tracker	976 2E61		Power	integration		fda50693-a4e2-4fb1-afcf-c6eb07647825_10065_26049_DC:0D:30:79:2E:61_power
sensor.976_2e61_signal_strength	ibeacon	iBeacon Tracker	976 2E61		Signal strength	integration		fda50693-a4e2-4fb1-afcf-c6eb07647825_10065_26049_DC:0D:30:79:2E:61_rssi
sensor.976_2e61_vendor	ibeacon	iBeacon Tracker	976 2E61		Vendor	integration		fda50693-a4e2-4fb1-afcf-c6eb07647825_10065_26049_DC:0D:30:79:2E:61_vendor
sensor.aarlo_battery_level_garden_c	aarlo	Aarlo for tongai.maramba@gmail.com	Garden C		Battery Level Garden C			battery_level_garden_c
sensor.aarlo_battery_level_swings	aarlo	Aarlo for tongai.maramba@gmail.com	swings		Battery Level swings			battery_level_swings
sensor.aarlo_captured_today_garden_c	aarlo	Aarlo for tongai.maramba@gmail.com	Garden C		Captured Today Garden C			captured_today_garden_c
sensor.aarlo_captured_today_swings	aarlo	Aarlo for tongai.maramba@gmail.com	swings		Captured Today swings			captured_today_swings
sensor.aarlo_last_garden_c	aarlo	Aarlo for tongai.maramba@gmail.com	Garden C		Last Garden C			last_garden_c
sensor.aarlo_last_swings	aarlo	Aarlo for tongai.maramba@gmail.com	swings		Last swings			last_swings
sensor.aarlo_recent_activity_garden_c	aarlo	Aarlo for tongai.maramba@gmail.com	Garden C		Recent Activity Garden C			recent_activity_garden_c
sensor.aarlo_recent_activity_swings	aarlo	Aarlo for tongai.maramba@gmail.com	swings		Recent Activity swings			recent_activity_swings
sensor.aarlo_signal_strength_garden_c	aarlo	Aarlo for tongai.maramba@gmail.com	Garden C		Signal Strength Garden C			signal_strength_garden_c
sensor.aarlo_signal_strength_swings	aarlo	Aarlo for tongai.maramba@gmail.com	swings		Signal Strength swings			signal_strength_swings
sensor.aarlo_total_cameras	aarlo	Aarlo for tongai.maramba@gmail.com	ARLO CONTROLLER		Arlo Cameras			total_cameras
sensor.abnormal_hr_counts	garmin_connect	tongaimaramba@gmail.com	Garmin Connect	Home General	Abnormal HR Counts	integration		tongaimaramba@gmail.com_abnormalHeartRateAlertsCount
sensor.accm92523e1d3eccde5e_106b_estimated_distance	ibeacon	iBeacon Tracker	ACCM92523e1d3eccde5e 106B		Estimated distance			4340640c-cc56-5c2c-bace-d13a2b2a1ffe_0_56926_CC:CC:CC:34:10:6B_estimated_distance
sensor.accm92523e1d3eccde5e_106b_power	ibeacon	iBeacon Tracker	ACCM92523e1d3eccde5e 106B		Power	integration		4340640c-cc56-5c2c-bace-d13a2b2a1ffe_0_56926_CC:CC:CC:34:10:6B_power
sensor.accm92523e1d3eccde5e_106b_signal_strength	ibeacon	iBeacon Tracker	ACCM92523e1d3eccde5e 106B		Signal strength	integration		4340640c-cc56-5c2c-bace-d13a2b2a1ffe_0_56926_CC:CC:CC:34:10:6B_rssi
sensor.accm92523e1d3eccde5e_106b_vendor	ibeacon	iBeacon Tracker	ACCM92523e1d3eccde5e 106B		Vendor	integration		4340640c-cc56-5c2c-bace-d13a2b2a1ffe_0_56926_CC:CC:CC:34:10:6B_vendor
sensor.active_kilocalories	garmin_connect	tongaimaramba@gmail.com	Garmin Connect	Home General	Active KiloCalories			tongaimaramba@gmail.com_activeKilocalories
sensor.active_time	garmin_connect	tongaimaramba@gmail.com	Garmin Connect	Home General	Active Time			tongaimaramba@gmail.com_activeSeconds
sensor.activity_stress_duration	garmin_connect	tongaimaramba@gmail.com	Garmin Connect	Home General	Activity Stress Duration			tongaimaramba@gmail.com_activityStressDuration
sensor.activity_stress_percentage	garmin_connect	tongaimaramba@gmail.com	Garmin Connect	Home General	Activity Stress Percentage	integration		tongaimaramba@gmail.com_activityStressPercentage
sensor.advanced_ssh_web_terminal_cpu_percent	hassio	Supervisor	Advanced SSH & Web Terminal		CPU percent	integration		ccf28a08_ssh_cpu_percent
sensor.advanced_ssh_web_terminal_memory_percent	hassio	Supervisor	Advanced SSH & Web Terminal		Memory percent	integration		ccf28a08_ssh_memory_percent
sensor.advanced_ssh_web_terminal_newest_version	hassio	Supervisor	Advanced SSH & Web Terminal		Newest version	integration		ccf28a08_ssh_version_latest
sensor.advanced_ssh_web_terminal_version	hassio	Supervisor	Advanced SSH & Web Terminal		Version	integration		ccf28a08_ssh_version
sensor.alexandra_drive_air_quality_0d	accuweather	Alexandra_Drive	Alexandra_Drive	Home General	Air quality day 0			323328-airquality-0
sensor.alexandra_drive_air_quality_1d	accuweather	Alexandra_Drive	Alexandra_Drive	Home General	Air quality day 1			323328-airquality-1
sensor.alexandra_drive_air_quality_2d	accuweather	Alexandra_Drive	Alexandra_Drive	Home General	Air quality day 2			323328-airquality-2
sensor.alexandra_drive_air_quality_3d	accuweather	Alexandra_Drive	Alexandra_Drive	Home General	Air quality day 3			323328-airquality-3
sensor.alexandra_drive_air_quality_4d	accuweather	Alexandra_Drive	Alexandra_Drive	Home General	Air quality day 4			323328-airquality-4
sensor.alexandra_drive_apparent_temperature	accuweather	Alexandra_Drive	Alexandra_Drive	Home General	Apparent temperature	integration		323328-apparenttemperature
sensor.alexandra_drive_cloud_ceiling	accuweather	Alexandra_Drive	Alexandra_Drive	Home General	Cloud ceiling			323328-ceiling
sensor.alexandra_drive_cloud_cover	accuweather	Alexandra_Drive	Alexandra_Drive	Home General	Cloud cover	integration		323328-cloudcover
sensor.alexandra_drive_cloud_cover_day_0d	accuweather	Alexandra_Drive	Alexandra_Drive	Home General	Cloud cover day 0	integration		323328-cloudcoverday-0
sensor.alexandra_drive_cloud_cover_day_1d	accuweather	Alexandra_Drive	Alexandra_Drive	Home General	Cloud cover day 1	integration		323328-cloudcoverday-1
sensor.alexandra_drive_cloud_cover_day_2d	accuweather	Alexandra_Drive	Alexandra_Drive	Home General	Cloud cover day 2	integration		323328-cloudcoverday-2
sensor.alexandra_drive_cloud_cover_day_3d	accuweather	Alexandra_Drive	Alexandra_Drive	Home General	Cloud cover day 3	integration		323328-cloudcoverday-3
sensor.alexandra_drive_cloud_cover_day_4d	accuweather	Alexandra_Drive	Alexandra_Drive	Home General	Cloud cover day 4	integration		323328-cloudcoverday-4
sensor.alexandra_drive_cloud_cover_night_0d	accuweather	Alexandra_Drive	Alexandra_Drive	Home General	Cloud cover night 0	integration		323328-cloudcovernight-0
sensor.alexandra_drive_cloud_cover_night_1d	accuweather	Alexandra_Drive	Alexandra_Drive	Home General	Cloud cover night 1	integration		323328-cloudcovernight-1
sensor.alexandra_drive_cloud_cover_night_2d	accuweather	Alexandra_Drive	Alexandra_Drive	Home General	Cloud cover night 2	integration		323328-cloudcovernight-2
sensor.alexandra_drive_cloud_cover_night_3d	accuweather	Alexandra_Drive	Alexandra_Drive	Home General	Cloud cover night 3	integration		323328-cloudcovernight-3
sensor.alexandra_drive_cloud_cover_night_4d	accuweather	Alexandra_Drive	Alexandra_Drive	Home General	Cloud cover night 4	integration		323328-cloudcovernight-4
sensor.alexandra_drive_condition_day_0d	accuweather	Alexandra_Drive	Alexandra_Drive	Home General	Condition day 0			323328-longphraseday-0
sensor.alexandra_drive_condition_day_1d	accuweather	Alexandra_Drive	Alexandra_Drive	Home General	Condition day 1			323328-longphraseday-1
sensor.alexandra_drive_condition_day_2d	accuweather	Alexandra_Drive	Alexandra_Drive	Home General	Condition day 2			323328-longphraseday-2
sensor.alexandra_drive_condition_day_3d	accuweather	Alexandra_Drive	Alexandra_Drive	Home General	Condition day 3			323328-longphraseday-3
sensor.alexandra_drive_condition_day_4d	accuweather	Alexandra_Drive	Alexandra_Drive	Home General	Condition day 4			323328-longphraseday-4
sensor.alexandra_drive_condition_night_0d	accuweather	Alexandra_Drive	Alexandra_Drive	Home General	Condition night 0			323328-longphrasenight-0
sensor.alexandra_drive_condition_night_1d	accuweather	Alexandra_Drive	Alexandra_Drive	Home General	Condition night 1			323328-longphrasenight-1
sensor.alexandra_drive_condition_night_2d	accuweather	Alexandra_Drive	Alexandra_Drive	Home General	Condition night 2			323328-longphrasenight-2
sensor.alexandra_drive_condition_night_3d	accuweather	Alexandra_Drive	Alexandra_Drive	Home General	Condition night 3			323328-longphrasenight-3
sensor.alexandra_drive_condition_night_4d	accuweather	Alexandra_Drive	Alexandra_Drive	Home General	Condition night 4			323328-longphrasenight-4
sensor.alexandra_drive_dew_point	accuweather	Alexandra_Drive	Alexandra_Drive	Home General	Dew point	integration		323328-dewpoint
sensor.alexandra_drive_grass_pollen_0d	accuweather	Alexandra_Drive	Alexandra_Drive	Home General	Grass pollen day 0	integration		323328-grass-0
sensor.alexandra_drive_grass_pollen_1d	accuweather	Alexandra_Drive	Alexandra_Drive	Home General	Grass pollen day 1	integration		323328-grass-1
sensor.alexandra_drive_grass_pollen_2d	accuweather	Alexandra_Drive	Alexandra_Drive	Home General	Grass pollen day 2	integration		323328-grass-2
sensor.alexandra_drive_grass_pollen_3d	accuweather	Alexandra_Drive	Alexandra_Drive	Home General	Grass pollen day 3	integration		323328-grass-3
sensor.alexandra_drive_grass_pollen_4d	accuweather	Alexandra_Drive	Alexandra_Drive	Home General	Grass pollen day 4	integration		323328-grass-4
sensor.alexandra_drive_hours_of_sun_0d	accuweather	Alexandra_Drive	Alexandra_Drive	Home General	Hours of sun day 0			323328-hoursofsun-0
sensor.alexandra_drive_hours_of_sun_1d	accuweather	Alexandra_Drive	Alexandra_Drive	Home General	Hours of sun day 1			323328-hoursofsun-1
sensor.alexandra_drive_hours_of_sun_2d	accuweather	Alexandra_Drive	Alexandra_Drive	Home General	Hours of sun day 2			323328-hoursofsun-2
sensor.alexandra_drive_hours_of_sun_3d	accuweather	Alexandra_Drive	Alexandra_Drive	Home General	Hours of sun day 3			323328-hoursofsun-3
sensor.alexandra_drive_hours_of_sun_4d	accuweather	Alexandra_Drive	Alexandra_Drive	Home General	Hours of sun day 4			323328-hoursofsun-4
sensor.alexandra_drive_humidity	accuweather	Alexandra_Drive	Alexandra_Drive	Home General	Humidity	integration		323328-relativehumidity
sensor.alexandra_drive_mold_pollen_0d	accuweather	Alexandra_Drive	Alexandra_Drive	Home General	Mould pollen day 0	integration		323328-mold-0
sensor.alexandra_drive_mold_pollen_1d	accuweather	Alexandra_Drive	Alexandra_Drive	Home General	Mould pollen day 1	integration		323328-mold-1
sensor.alexandra_drive_mold_pollen_2d	accuweather	Alexandra_Drive	Alexandra_Drive	Home General	Mould pollen day 2	integration		323328-mold-2
sensor.alexandra_drive_mold_pollen_3d	accuweather	Alexandra_Drive	Alexandra_Drive	Home General	Mould pollen day 3	integration		323328-mold-3
sensor.alexandra_drive_mold_pollen_4d	accuweather	Alexandra_Drive	Alexandra_Drive	Home General	Mould pollen day 4	integration		323328-mold-4
sensor.alexandra_drive_precipitation	accuweather	Alexandra_Drive	Alexandra_Drive	Home General	Precipitation			323328-precipitation
sensor.alexandra_drive_pressure	accuweather	Alexandra_Drive	Alexandra_Drive	Home General	Pressure	integration		323328-pressure
sensor.alexandra_drive_pressure_tendency	accuweather	Alexandra_Drive	Alexandra_Drive	Home General	Pressure tendency			323328-pressuretendency
sensor.alexandra_drive_ragweed_pollen_0d	accuweather	Alexandra_Drive	Alexandra_Drive	Home General	Ragweed pollen day 0	integration		323328-ragweed-0
sensor.alexandra_drive_ragweed_pollen_1d	accuweather	Alexandra_Drive	Alexandra_Drive	Home General	Ragweed pollen day 1	integration		323328-ragweed-1
sensor.alexandra_drive_ragweed_pollen_2d	accuweather	Alexandra_Drive	Alexandra_Drive	Home General	Ragweed pollen day 2	integration		323328-ragweed-2
sensor.alexandra_drive_ragweed_pollen_3d	accuweather	Alexandra_Drive	Alexandra_Drive	Home General	Ragweed pollen day 3	integration		323328-ragweed-3
sensor.alexandra_drive_ragweed_pollen_4d	accuweather	Alexandra_Drive	Alexandra_Drive	Home General	Ragweed pollen day 4	integration		323328-ragweed-4
sensor.alexandra_drive_realfeel_temperature	accuweather	Alexandra_Drive	Alexandra_Drive	Home General	RealFeel temperature			323328-realfeeltemperature
sensor.alexandra_drive_realfeel_temperature_max_0d	accuweather	Alexandra_Drive	Alexandra_Drive	Home General	RealFeel temperature max day 0			323328-realfeeltemperaturemax-0
sensor.alexandra_drive_realfeel_temperature_max_1d	accuweather	Alexandra_Drive	Alexandra_Drive	Home General	RealFeel temperature max day 1			323328-realfeeltemperaturemax-1
sensor.alexandra_drive_realfeel_temperature_max_2d	accuweather	Alexandra_Drive	Alexandra_Drive	Home General	RealFeel temperature max day 2			323328-realfeeltemperaturemax-2
sensor.alexandra_drive_realfeel_temperature_max_3d	accuweather	Alexandra_Drive	Alexandra_Drive	Home General	RealFeel temperature max day 3			323328-realfeeltemperaturemax-3
sensor.alexandra_drive_realfeel_temperature_max_4d	accuweather	Alexandra_Drive	Alexandra_Drive	Home General	RealFeel temperature max day 4			323328-realfeeltemperaturemax-4
sensor.alexandra_drive_realfeel_temperature_min_0d	accuweather	Alexandra_Drive	Alexandra_Drive	Home General	RealFeel temperature min day 0			323328-realfeeltemperaturemin-0
sensor.alexandra_drive_realfeel_temperature_min_1d	accuweather	Alexandra_Drive	Alexandra_Drive	Home General	RealFeel temperature min day 1			323328-realfeeltemperaturemin-1
sensor.alexandra_drive_realfeel_temperature_min_2d	accuweather	Alexandra_Drive	Alexandra_Drive	Home General	RealFeel temperature min day 2			323328-realfeeltemperaturemin-2
sensor.alexandra_drive_realfeel_temperature_min_3d	accuweather	Alexandra_Drive	Alexandra_Drive	Home General	RealFeel temperature min day 3			323328-realfeeltemperaturemin-3
sensor.alexandra_drive_realfeel_temperature_min_4d	accuweather	Alexandra_Drive	Alexandra_Drive	Home General	RealFeel temperature min day 4			323328-realfeeltemperaturemin-4
sensor.alexandra_drive_realfeel_temperature_shade	accuweather	Alexandra_Drive	Alexandra_Drive	Home General	RealFeel temperature shade	integration		323328-realfeeltemperatureshade
sensor.alexandra_drive_realfeel_temperature_shade_max_0d	accuweather	Alexandra_Drive	Alexandra_Drive	Home General	RealFeel temperature shade max day 0	integration		323328-realfeeltemperatureshademax-0
sensor.alexandra_drive_realfeel_temperature_shade_max_1d	accuweather	Alexandra_Drive	Alexandra_Drive	Home General	RealFeel temperature shade max day 1	integration		323328-realfeeltemperatureshademax-1
sensor.alexandra_drive_realfeel_temperature_shade_max_2d	accuweather	Alexandra_Drive	Alexandra_Drive	Home General	RealFeel temperature shade max day 2	integration		323328-realfeeltemperatureshademax-2
sensor.alexandra_drive_realfeel_temperature_shade_max_3d	accuweather	Alexandra_Drive	Alexandra_Drive	Home General	RealFeel temperature shade max day 3	integration		323328-realfeeltemperatureshademax-3
sensor.alexandra_drive_realfeel_temperature_shade_max_4d	accuweather	Alexandra_Drive	Alexandra_Drive	Home General	RealFeel temperature shade max day 4	integration		323328-realfeeltemperatureshademax-4
sensor.alexandra_drive_realfeel_temperature_shade_min_0d	accuweather	Alexandra_Drive	Alexandra_Drive	Home General	RealFeel temperature shade min day 0	integration		323328-realfeeltemperatureshademin-0
sensor.alexandra_drive_realfeel_temperature_shade_min_1d	accuweather	Alexandra_Drive	Alexandra_Drive	Home General	RealFeel temperature shade min day 1	integration		323328-realfeeltemperatureshademin-1
sensor.alexandra_drive_realfeel_temperature_shade_min_2d	accuweather	Alexandra_Drive	Alexandra_Drive	Home General	RealFeel temperature shade min day 2	integration		323328-realfeeltemperatureshademin-2
sensor.alexandra_drive_realfeel_temperature_shade_min_3d	accuweather	Alexandra_Drive	Alexandra_Drive	Home General	RealFeel temperature shade min day 3	integration		323328-realfeeltemperatureshademin-3
sensor.alexandra_drive_realfeel_temperature_shade_min_4d	accuweather	Alexandra_Drive	Alexandra_Drive	Home General	RealFeel temperature shade min day 4	integration		323328-realfeeltemperatureshademin-4
sensor.alexandra_drive_solar_irradiance_day_0d	accuweather	Alexandra_Drive	Alexandra_Drive	Home General	Solar irradiance day 0	integration		323328-solarirradianceday-0
sensor.alexandra_drive_solar_irradiance_day_1d	accuweather	Alexandra_Drive	Alexandra_Drive	Home General	Solar irradiance day 1	integration		323328-solarirradianceday-1
sensor.alexandra_drive_solar_irradiance_day_2d	accuweather	Alexandra_Drive	Alexandra_Drive	Home General	Solar irradiance day 2	integration		323328-solarirradianceday-2
sensor.alexandra_drive_solar_irradiance_day_3d	accuweather	Alexandra_Drive	Alexandra_Drive	Home General	Solar irradiance day 3	integration		323328-solarirradianceday-3
sensor.alexandra_drive_solar_irradiance_day_4d	accuweather	Alexandra_Drive	Alexandra_Drive	Home General	Solar irradiance day 4	integration		323328-solarirradianceday-4
sensor.alexandra_drive_solar_irradiance_night_0d	accuweather	Alexandra_Drive	Alexandra_Drive	Home General	Solar irradiance night 0	integration		323328-solarirradiancenight-0
sensor.alexandra_drive_solar_irradiance_night_1d	accuweather	Alexandra_Drive	Alexandra_Drive	Home General	Solar irradiance night 1	integration		323328-solarirradiancenight-1
sensor.alexandra_drive_solar_irradiance_night_2d	accuweather	Alexandra_Drive	Alexandra_Drive	Home General	Solar irradiance night 2	integration		323328-solarirradiancenight-2
sensor.alexandra_drive_solar_irradiance_night_3d	accuweather	Alexandra_Drive	Alexandra_Drive	Home General	Solar irradiance night 3	integration		323328-solarirradiancenight-3
sensor.alexandra_drive_solar_irradiance_night_4d	accuweather	Alexandra_Drive	Alexandra_Drive	Home General	Solar irradiance night 4	integration		323328-solarirradiancenight-4
sensor.alexandra_drive_temperature	accuweather	Alexandra_Drive	Alexandra_Drive	Home General	Temperature	integration		323328-temperature
sensor.alexandra_drive_thunderstorm_probability_day_0d	accuweather	Alexandra_Drive	Alexandra_Drive	Home General	Thunderstorm probability day 0			323328-thunderstormprobabilityday-0
sensor.alexandra_drive_thunderstorm_probability_day_1d	accuweather	Alexandra_Drive	Alexandra_Drive	Home General	Thunderstorm probability day 1			323328-thunderstormprobabilityday-1
sensor.alexandra_drive_thunderstorm_probability_day_2d	accuweather	Alexandra_Drive	Alexandra_Drive	Home General	Thunderstorm probability day 2			323328-thunderstormprobabilityday-2
sensor.alexandra_drive_thunderstorm_probability_day_3d	accuweather	Alexandra_Drive	Alexandra_Drive	Home General	Thunderstorm probability day 3			323328-thunderstormprobabilityday-3
sensor.alexandra_drive_thunderstorm_probability_day_4d	accuweather	Alexandra_Drive	Alexandra_Drive	Home General	Thunderstorm probability day 4			323328-thunderstormprobabilityday-4
sensor.alexandra_drive_thunderstorm_probability_night_0d	accuweather	Alexandra_Drive	Alexandra_Drive	Home General	Thunderstorm probability night 0			323328-thunderstormprobabilitynight-0
sensor.alexandra_drive_thunderstorm_probability_night_1d	accuweather	Alexandra_Drive	Alexandra_Drive	Home General	Thunderstorm probability night 1			323328-thunderstormprobabilitynight-1
sensor.alexandra_drive_thunderstorm_probability_night_2d	accuweather	Alexandra_Drive	Alexandra_Drive	Home General	Thunderstorm probability night 2			323328-thunderstormprobabilitynight-2
sensor.alexandra_drive_thunderstorm_probability_night_3d	accuweather	Alexandra_Drive	Alexandra_Drive	Home General	Thunderstorm probability night 3			323328-thunderstormprobabilitynight-3
sensor.alexandra_drive_thunderstorm_probability_night_4d	accuweather	Alexandra_Drive	Alexandra_Drive	Home General	Thunderstorm probability night 4			323328-thunderstormprobabilitynight-4
sensor.alexandra_drive_tree_pollen_0d	accuweather	Alexandra_Drive	Alexandra_Drive	Home General	Tree pollen day 0	integration		323328-tree-0
sensor.alexandra_drive_tree_pollen_1d	accuweather	Alexandra_Drive	Alexandra_Drive	Home General	Tree pollen day 1	integration		323328-tree-1
sensor.alexandra_drive_tree_pollen_2d	accuweather	Alexandra_Drive	Alexandra_Drive	Home General	Tree pollen day 2	integration		323328-tree-2
sensor.alexandra_drive_tree_pollen_3d	accuweather	Alexandra_Drive	Alexandra_Drive	Home General	Tree pollen day 3	integration		323328-tree-3
sensor.alexandra_drive_tree_pollen_4d	accuweather	Alexandra_Drive	Alexandra_Drive	Home General	Tree pollen day 4	integration		323328-tree-4
sensor.alexandra_drive_uv_index	accuweather	Alexandra_Drive	Alexandra_Drive	Home General	UV index			323328-uvindex
sensor.alexandra_drive_uv_index_0d	accuweather	Alexandra_Drive	Alexandra_Drive	Home General	UV index day 0			323328-uvindex-0
sensor.alexandra_drive_uv_index_1d	accuweather	Alexandra_Drive	Alexandra_Drive	Home General	UV index day 1			323328-uvindex-1
sensor.alexandra_drive_uv_index_2d	accuweather	Alexandra_Drive	Alexandra_Drive	Home General	UV index day 2			323328-uvindex-2
sensor.alexandra_drive_uv_index_3d	accuweather	Alexandra_Drive	Alexandra_Drive	Home General	UV index day 3			323328-uvindex-3
sensor.alexandra_drive_uv_index_4d	accuweather	Alexandra_Drive	Alexandra_Drive	Home General	UV index day 4			323328-uvindex-4
sensor.alexandra_drive_wet_bulb_temperature	accuweather	Alexandra_Drive	Alexandra_Drive	Home General	Wet bulb temperature	integration		323328-wetbulbtemperature
sensor.alexandra_drive_wind	accuweather	Alexandra_Drive	Alexandra_Drive	Home General	Wind speed			323328-wind
sensor.alexandra_drive_wind_chill_temperature	accuweather	Alexandra_Drive	Alexandra_Drive	Home General	Wind chill temperature	integration		323328-windchilltemperature
sensor.alexandra_drive_wind_day_0d	accuweather	Alexandra_Drive	Alexandra_Drive	Home General	Wind speed day 0			323328-windday-0
sensor.alexandra_drive_wind_day_1d	accuweather	Alexandra_Drive	Alexandra_Drive	Home General	Wind speed day 1			323328-windday-1
sensor.alexandra_drive_wind_day_2d	accuweather	Alexandra_Drive	Alexandra_Drive	Home General	Wind speed day 2			323328-windday-2
sensor.alexandra_drive_wind_day_3d	accuweather	Alexandra_Drive	Alexandra_Drive	Home General	Wind speed day 3			323328-windday-3
sensor.alexandra_drive_wind_day_4d	accuweather	Alexandra_Drive	Alexandra_Drive	Home General	Wind speed day 4			323328-windday-4
sensor.alexandra_drive_wind_gust	accuweather	Alexandra_Drive	Alexandra_Drive	Home General	Wind gust speed	integration		323328-windgust
sensor.alexandra_drive_wind_gust_day_0d	accuweather	Alexandra_Drive	Alexandra_Drive	Home General	Wind gust speed day 0	integration		323328-windgustday-0
sensor.alexandra_drive_wind_gust_day_1d	accuweather	Alexandra_Drive	Alexandra_Drive	Home General	Wind gust speed day 1	integration		323328-windgustday-1
sensor.alexandra_drive_wind_gust_day_2d	accuweather	Alexandra_Drive	Alexandra_Drive	Home General	Wind gust speed day 2	integration		323328-windgustday-2
sensor.alexandra_drive_wind_gust_day_3d	accuweather	Alexandra_Drive	Alexandra_Drive	Home General	Wind gust speed day 3	integration		323328-windgustday-3
sensor.alexandra_drive_wind_gust_day_4d	accuweather	Alexandra_Drive	Alexandra_Drive	Home General	Wind gust speed day 4	integration		323328-windgustday-4
sensor.alexandra_drive_wind_gust_night_0d	accuweather	Alexandra_Drive	Alexandra_Drive	Home General	Wind gust speed night 0	integration		323328-windgustnight-0
sensor.alexandra_drive_wind_gust_night_1d	accuweather	Alexandra_Drive	Alexandra_Drive	Home General	Wind gust speed night 1	integration		323328-windgustnight-1
sensor.alexandra_drive_wind_gust_night_2d	accuweather	Alexandra_Drive	Alexandra_Drive	Home General	Wind gust speed night 2	integration		323328-windgustnight-2
sensor.alexandra_drive_wind_gust_night_3d	accuweather	Alexandra_Drive	Alexandra_Drive	Home General	Wind gust speed night 3	integration		323328-windgustnight-3
sensor.alexandra_drive_wind_gust_night_4d	accuweather	Alexandra_Drive	Alexandra_Drive	Home General	Wind gust speed night 4	integration		323328-windgustnight-4
sensor.alexandra_drive_wind_night_0d	accuweather	Alexandra_Drive	Alexandra_Drive	Home General	Wind speed night 0			323328-windnight-0
sensor.alexandra_drive_wind_night_1d	accuweather	Alexandra_Drive	Alexandra_Drive	Home General	Wind speed night 1			323328-windnight-1
sensor.alexandra_drive_wind_night_2d	accuweather	Alexandra_Drive	Alexandra_Drive	Home General	Wind speed night 2			323328-windnight-2
sensor.alexandra_drive_wind_night_3d	accuweather	Alexandra_Drive	Alexandra_Drive	Home General	Wind speed night 3			323328-windnight-3
sensor.alexandra_drive_wind_night_4d	accuweather	Alexandra_Drive	Alexandra_Drive	Home General	Wind speed night 4			323328-windnight-4
sensor.appdaemon_4_cpu_percent	hassio	Supervisor	AppDaemon		CPU percent	integration		a0d7b954_appdaemon_cpu_percent
sensor.appdaemon_4_memory_percent	hassio	Supervisor	AppDaemon		Memory percent	integration		a0d7b954_appdaemon_memory_percent
sensor.appdaemon_4_newest_version	hassio	Supervisor	AppDaemon		Newest version	integration		a0d7b954_appdaemon_version_latest
sensor.appdaemon_4_version	hassio	Supervisor	AppDaemon		Version	integration		a0d7b954_appdaemon_version
sensor.armchair_lamp_zigbee_connectivity	hue	Hue Bridge 0017882791a0	Hannah Lamp	Dining Area	Zigbee connectivity	integration		71ae0039-4850-4687-92b4-b422760770ba
sensor.audio	eventsensor	audio			audio			hue_event_id_audio_event_1000_1_click_1001_1_hold_1002_1_click_up_1003_1_hold_up_2000_2_click_2001_2_hold_2002_2_click_up_2003_2_hold_up_3000_3_click_3001_3_hold_3002_3_click_up_3003_3_hold_up_4000_4_click_4001_4_hold_4002_4_click_up_4003_4_hold_up
sensor.average_altitude	garmin_connect	tongaimaramba@gmail.com	Garmin Connect	Home General	Average Altitude	integration		tongaimaramba@gmail.com_averageMonitoringEnvironmentAltitude
sensor.average_spo2	garmin_connect	tongaimaramba@gmail.com	Garmin Connect	Home General	Average SPO2			tongaimaramba@gmail.com_averageSpo2
sensor.avg_stress_level	garmin_connect	tongaimaramba@gmail.com	Garmin Connect	Home General	Avg Stress Level			tongaimaramba@gmail.com_averageStressLevel
sensor.awake_duration	garmin_connect	tongaimaramba@gmail.com	Garmin Connect	Home General	Awake Duration			tongaimaramba@gmail.com_measurableAwakeDuration
sensor.backup_backup_manager_state	backup	Backup	Backup		Backup Manager state			backup_manager_state
sensor.backup_last_attempted_automatic_backup	backup	Backup	Backup		Last attempted automatic backup			last_attempted_automatic_backup
sensor.backup_last_successful_automatic_backup	backup	Backup	Backup		Last successful automatic backup			last_successful_automatic_backup
sensor.backup_next_scheduled_automatic_backup	backup	Backup	Backup		Next scheduled automatic backup			next_scheduled_automatic_backup
sensor.bacpl_286_077d_estimated_distance	ibeacon	iBeacon Tracker	bacpl 286 077D		Estimated distance			7777772e-6b6b-6d63-6e2e-636f6d000001_0_286_BC:57:29:06:07:7D_estimated_distance
sensor.bacpl_286_077d_power	ibeacon	iBeacon Tracker	bacpl 286 077D		Power	integration		7777772e-6b6b-6d63-6e2e-636f6d000001_0_286_BC:57:29:06:07:7D_power
sensor.bacpl_286_077d_signal_strength	ibeacon	iBeacon Tracker	bacpl 286 077D		Signal strength	integration		7777772e-6b6b-6d63-6e2e-636f6d000001_0_286_BC:57:29:06:07:7D_rssi
sensor.bacpl_286_077d_vendor	ibeacon	iBeacon Tracker	bacpl 286 077D		Vendor	integration		7777772e-6b6b-6d63-6e2e-636f6d000001_0_286_BC:57:29:06:07:7D_vendor
sensor.bacpl_4953_014f_estimated_distance	ibeacon	iBeacon Tracker	bacpl 4953 014F		Estimated distance			7777772e-6b6b-6d63-6e2e-636f6d000001_0_4953_BC:57:29:23:01:4F_estimated_distance
sensor.bacpl_4953_014f_power	ibeacon	iBeacon Tracker	bacpl 4953 014F		Power	integration		7777772e-6b6b-6d63-6e2e-636f6d000001_0_4953_BC:57:29:23:01:4F_power
sensor.bacpl_4953_014f_signal_strength	ibeacon	iBeacon Tracker	bacpl 4953 014F		Signal strength	integration		7777772e-6b6b-6d63-6e2e-636f6d000001_0_4953_BC:57:29:23:01:4F_rssi
sensor.bacpl_4953_014f_vendor	ibeacon	iBeacon Tracker	bacpl 4953 014F		Vendor	integration		7777772e-6b6b-6d63-6e2e-636f6d000001_0_4953_BC:57:29:23:01:4F_vendor
sensor.bacpl_lr_2714_adb0_estimated_distance	ibeacon	iBeacon Tracker	bacpl-LR 2714 ADB0		Estimated distance			7777772e-6b6b-6d63-6e2e-636f6d000001_0_2714_BC:57:29:1D:AD:B0_estimated_distance
sensor.bacpl_lr_2714_adb0_power	ibeacon	iBeacon Tracker	bacpl-LR 2714 ADB0		Power	integration		7777772e-6b6b-6d63-6e2e-636f6d000001_0_2714_BC:57:29:1D:AD:B0_power
sensor.bacpl_lr_2714_adb0_signal_strength	ibeacon	iBeacon Tracker	bacpl-LR 2714 ADB0		Signal strength	integration		7777772e-6b6b-6d63-6e2e-636f6d000001_0_2714_BC:57:29:1D:AD:B0_rssi
sensor.bacpl_lr_2714_adb0_vendor	ibeacon	iBeacon Tracker	bacpl-LR 2714 ADB0		Vendor	integration		7777772e-6b6b-6d63-6e2e-636f6d000001_0_2714_BC:57:29:1D:AD:B0_vendor
sensor.bacpl_lr_2748_add2_estimated_distance	ibeacon	iBeacon Tracker	bacpl-LR 2748 ADD2		Estimated distance			7777772e-6b6b-6d63-6e2e-636f6d000001_0_2748_BC:57:29:1D:AD:D2_estimated_distance
sensor.bacpl_lr_2748_add2_power	ibeacon	iBeacon Tracker	bacpl-LR 2748 ADD2		Power	integration		7777772e-6b6b-6d63-6e2e-636f6d000001_0_2748_BC:57:29:1D:AD:D2_power
sensor.bacpl_lr_2748_add2_signal_strength	ibeacon	iBeacon Tracker	bacpl-LR 2748 ADD2		Signal strength	integration		7777772e-6b6b-6d63-6e2e-636f6d000001_0_2748_BC:57:29:1D:AD:D2_rssi
sensor.bacpl_lr_2748_add2_vendor	ibeacon	iBeacon Tracker	bacpl-LR 2748 ADD2		Vendor	integration		7777772e-6b6b-6d63-6e2e-636f6d000001_0_2748_BC:57:29:1D:AD:D2_vendor
sensor.bacpl_lr_2796_ae02_estimated_distance	ibeacon	iBeacon Tracker	bacpl-LR 2796 AE02		Estimated distance			7777772e-6b6b-6d63-6e2e-636f6d000001_0_2796_BC:57:29:1D:AE:02_estimated_distance
sensor.bacpl_lr_2796_ae02_power	ibeacon	iBeacon Tracker	bacpl-LR 2796 AE02		Power	integration		7777772e-6b6b-6d63-6e2e-636f6d000001_0_2796_BC:57:29:1D:AE:02_power
sensor.bacpl_lr_2796_ae02_signal_strength	ibeacon	iBeacon Tracker	bacpl-LR 2796 AE02		Signal strength	integration		7777772e-6b6b-6d63-6e2e-636f6d000001_0_2796_BC:57:29:1D:AE:02_rssi
sensor.bacpl_lr_2796_ae02_vendor	ibeacon	iBeacon Tracker	bacpl-LR 2796 AE02		Vendor	integration		7777772e-6b6b-6d63-6e2e-636f6d000001_0_2796_BC:57:29:1D:AE:02_vendor
sensor.bacpl_lr_3179_9d1a_estimated_distance	ibeacon	iBeacon Tracker	bacpl-LR 3179 9D1A		Estimated distance			7777772e-6b6b-6d63-6e2e-636f6d000001_0_3179_BC:57:29:1E:9D:1A_estimated_distance
sensor.bacpl_lr_3179_9d1a_power	ibeacon	iBeacon Tracker	bacpl-LR 3179 9D1A		Power	integration		7777772e-6b6b-6d63-6e2e-636f6d000001_0_3179_BC:57:29:1E:9D:1A_power
sensor.bacpl_lr_3179_9d1a_signal_strength	ibeacon	iBeacon Tracker	bacpl-LR 3179 9D1A		Signal strength	integration		7777772e-6b6b-6d63-6e2e-636f6d000001_0_3179_BC:57:29:1E:9D:1A_rssi
sensor.bacpl_lr_3179_9d1a_vendor	ibeacon	iBeacon Tracker	bacpl-LR 3179 9D1A		Vendor	integration		7777772e-6b6b-6d63-6e2e-636f6d000001_0_3179_BC:57:29:1E:9D:1A_vendor
sensor.bacpl_lr_3499_9e5a_estimated_distance	ibeacon	iBeacon Tracker	bacpl-LR 3499 9E5A		Estimated distance			7777772e-6b6b-6d63-6e2e-636f6d000001_0_3499_BC:57:29:1E:9E:5A_estimated_distance
sensor.bacpl_lr_3499_9e5a_power	ibeacon	iBeacon Tracker	bacpl-LR 3499 9E5A		Power	integration		7777772e-6b6b-6d63-6e2e-636f6d000001_0_3499_BC:57:29:1E:9E:5A_power
sensor.bacpl_lr_3499_9e5a_signal_strength	ibeacon	iBeacon Tracker	bacpl-LR 3499 9E5A		Signal strength	integration		7777772e-6b6b-6d63-6e2e-636f6d000001_0_3499_BC:57:29:1E:9E:5A_rssi
sensor.bacpl_lr_3499_9e5a_vendor	ibeacon	iBeacon Tracker	bacpl-LR 3499 9E5A		Vendor	integration		7777772e-6b6b-6d63-6e2e-636f6d000001_0_3499_BC:57:29:1E:9E:5A_vendor
sensor.bacpl_lr_3689_9f18_estimated_distance	ibeacon	iBeacon Tracker	bacpl-LR 3689 9F18		Estimated distance			7777772e-6b6b-6d63-6e2e-636f6d000001_0_3689_BC:57:29:1E:9F:18_estimated_distance
sensor.bacpl_lr_3689_9f18_power	ibeacon	iBeacon Tracker	bacpl-LR 3689 9F18		Power	integration		7777772e-6b6b-6d63-6e2e-636f6d000001_0_3689_BC:57:29:1E:9F:18_power
sensor.bacpl_lr_3689_9f18_signal_strength	ibeacon	iBeacon Tracker	bacpl-LR 3689 9F18		Signal strength	integration		7777772e-6b6b-6d63-6e2e-636f6d000001_0_3689_BC:57:29:1E:9F:18_rssi
sensor.bacpl_lr_3689_9f18_vendor	ibeacon	iBeacon Tracker	bacpl-LR 3689 9F18		Vendor	integration		7777772e-6b6b-6d63-6e2e-636f6d000001_0_3689_BC:57:29:1E:9F:18_vendor
sensor.bacpl_lr_4344_118e_estimated_distance	ibeacon	iBeacon Tracker	bacpl-LR 4344 118E		Estimated distance			7777772e-6b6b-6d63-6e2e-636f6d000001_0_4344_BC:57:29:1F:11:8E_estimated_distance
sensor.bacpl_lr_4344_118e_power	ibeacon	iBeacon Tracker	bacpl-LR 4344 118E		Power	integration		7777772e-6b6b-6d63-6e2e-636f6d000001_0_4344_BC:57:29:1F:11:8E_power
sensor.bacpl_lr_4344_118e_signal_strength	ibeacon	iBeacon Tracker	bacpl-LR 4344 118E		Signal strength	integration		7777772e-6b6b-6d63-6e2e-636f6d000001_0_4344_BC:57:29:1F:11:8E_rssi
sensor.bacpl_lr_4344_118e_vendor	ibeacon	iBeacon Tracker	bacpl-LR 4344 118E		Vendor	integration		7777772e-6b6b-6d63-6e2e-636f6d000001_0_4344_BC:57:29:1F:11:8E_vendor
sensor.bacpl_lr_4455_11fd_estimated_distance	ibeacon	iBeacon Tracker	bacpl-LR 4455 11FD		Estimated distance			7777772e-6b6b-6d63-6e2e-636f6d000001_0_4455_BC:57:29:1F:11:FD_estimated_distance
sensor.bacpl_lr_4455_11fd_power	ibeacon	iBeacon Tracker	bacpl-LR 4455 11FD		Power	integration		7777772e-6b6b-6d63-6e2e-636f6d000001_0_4455_BC:57:29:1F:11:FD_power
sensor.bacpl_lr_4455_11fd_signal_strength	ibeacon	iBeacon Tracker	bacpl-LR 4455 11FD		Signal strength	integration		7777772e-6b6b-6d63-6e2e-636f6d000001_0_4455_BC:57:29:1F:11:FD_rssi
sensor.bacpl_lr_4455_11fd_vendor	ibeacon	iBeacon Tracker	bacpl-LR 4455 11FD		Vendor	integration		7777772e-6b6b-6d63-6e2e-636f6d000001_0_4455_BC:57:29:1F:11:FD_vendor
sensor.bacpl_lr_4818_00c8_estimated_distance	ibeacon	iBeacon Tracker	bacpl-LR 4818 00C8		Estimated distance			7777772e-6b6b-6d63-6e2e-636f6d000001_0_4818_BC:57:29:23:00:C8_estimated_distance
sensor.bacpl_lr_4818_00c8_power	ibeacon	iBeacon Tracker	bacpl-LR 4818 00C8		Power	integration		7777772e-6b6b-6d63-6e2e-636f6d000001_0_4818_BC:57:29:23:00:C8_power
sensor.bacpl_lr_4818_00c8_signal_strength	ibeacon	iBeacon Tracker	bacpl-LR 4818 00C8		Signal strength	integration		7777772e-6b6b-6d63-6e2e-636f6d000001_0_4818_BC:57:29:23:00:C8_rssi
sensor.bacpl_lr_4818_00c8_vendor	ibeacon	iBeacon Tracker	bacpl-LR 4818 00C8		Vendor	integration		7777772e-6b6b-6d63-6e2e-636f6d000001_0_4818_BC:57:29:23:00:C8_vendor
sensor.bacpl_lr_4821_00cb_estimated_distance	ibeacon	iBeacon Tracker	bacpl-LR 4821 00CB		Estimated distance			7777772e-6b6b-6d63-6e2e-636f6d000001_0_4821_BC:57:29:23:00:CB_estimated_distance
sensor.bacpl_lr_4821_00cb_power	ibeacon	iBeacon Tracker	bacpl-LR 4821 00CB		Power	integration		7777772e-6b6b-6d63-6e2e-636f6d000001_0_4821_BC:57:29:23:00:CB_power
sensor.bacpl_lr_4821_00cb_signal_strength	ibeacon	iBeacon Tracker	bacpl-LR 4821 00CB		Signal strength	integration		7777772e-6b6b-6d63-6e2e-636f6d000001_0_4821_BC:57:29:23:00:CB_rssi
sensor.bacpl_lr_4821_00cb_vendor	ibeacon	iBeacon Tracker	bacpl-LR 4821 00CB		Vendor	integration		7777772e-6b6b-6d63-6e2e-636f6d000001_0_4821_BC:57:29:23:00:CB_vendor
sensor.bathroom_dimmer_battery_level	hue	Hue Bridge 0017882791a0	Bathroom Dimmer	Bathroom	Battery			97198ff0-b0b6-4cfd-84d5-9b7d4c4a60d1
sensor.bathroom_dimmer_zigbee_connectivity	hue	Hue Bridge 0017882791a0	Bathroom Dimmer	Bathroom	Zigbee connectivity	integration		af3a3e57-01d9-407f-b02e-6d721cf77e2a
sensor.bathroom_heater_battery_level	hue	Hue Bridge 0017882791a0	Bathroom heater	Bathroom	Battery			a4a4c104-beea-42eb-acae-a23aa4ce9529
sensor.bathroom_heater_zigbee_connectivity	hue	Hue Bridge 0017882791a0	Bathroom heater	Bathroom	Zigbee connectivity	integration		dcae58ce-d3de-4bb4-a932-815ff508e3b3
sensor.bathroom_heater_zigbee_connectivity_2	hue	Hue Bridge 0017882791a0	Christmas Lights	Bathroom heating	Zigbee connectivity	integration		247e5f83-ca69-4ed6-91aa-ba8035908aa8
sensor.bathroom_illuminance	hue	Hue Bridge 0017882791a0	Bathroom	Bathroom	Illuminance			1f3f5366-b784-47b9-be2d-42ae77fe9814
sensor.bathroom_sink_battery	hue	Hue Bridge 0017882791a0	Bathroom Sink	Bathroom	Battery			c3534462-2292-4f87-8bbd-5ac49f06bf1b
sensor.bathroom_sink_light_level	hue	Hue Bridge 0017882791a0	Bathroom Sink	Bathroom	Illuminance			c1de4baa-3de2-4e43-be91-9da473e6e39f
sensor.bathroom_sink_temperature	hue	Hue Bridge 0017882791a0	Bathroom Sink	Bathroom	Temperature			37d4f944-286f-4c98-9218-c48fe6d1874e
sensor.bathroom_sink_zigbee_connectivity	hue	Hue Bridge 0017882791a0	Bathroom Sink	Bathroom	Zigbee connectivity	integration		a2e0ed31-817c-453e-a27c-2f4576bbb74b
sensor.bathroom_sink_zigbee_connectivity_2	hue	Hue Bridge 0017882791a0	Bathroom Sink	Bathroom	Zigbee connectivity	integration		a53cf277-38ed-47b3-bc80-9af4d56f35c6
sensor.bathtime	eventsensor	bathtime			bathtime			hue_event_id_bath_heater_event_1000_1_click_1001_1_hold_1002_1_click_up_1003_1_hold_up_2000_2_click_2001_2_hold_2002_2_click_up_2003_2_hold_up_3000_3_click_3001_3_hold_3002_3_click_up_3003_3_hold_up_4000_4_click_4001_4_hold_4002_4_click_up_4003_4_hold_up
sensor.batteries_battery_level	attributes				Batteries			group_batteries_batteries_battery_level
sensor.battery_monitor_a130_estimated_distance	ibeacon	iBeacon Tracker	Battery Monitor A130		Estimated distance			655f83ca-ae16-a10a-702e-31f30d58dd82_63044_14066_F8:30:02:14:A1:30_estimated_distance
sensor.battery_monitor_a130_power	ibeacon	iBeacon Tracker	Battery Monitor A130		Power	integration		655f83ca-ae16-a10a-702e-31f30d58dd82_63044_14066_F8:30:02:14:A1:30_power
sensor.battery_monitor_a130_signal_strength	ibeacon	iBeacon Tracker	Battery Monitor A130		Signal strength	integration		655f83ca-ae16-a10a-702e-31f30d58dd82_63044_14066_F8:30:02:14:A1:30_rssi
sensor.battery_monitor_a130_vendor	ibeacon	iBeacon Tracker	Battery Monitor A130		Vendor	integration		655f83ca-ae16-a10a-702e-31f30d58dd82_63044_14066_F8:30:02:14:A1:30_vendor
sensor.bcm4350c0_uart_37_4_mhz_area_last_seen	bermuda	Bermuda BLE Trilateration	Ellie Nokia Phone	Home General	Area Last Seen			64:16:66:71:9f:74_area_last_seen
sensor.bcm4350c0_uart_37_4_mhz_area_switch_diagnostic	bermuda	Bermuda BLE Trilateration	Ellie Nokia Phone	Home General	Area Switch Diagnostic	integration		64:16:66:71:9f:74_area_switch_reason
sensor.bcm4350c0_uart_37_4_mhz_distance_to_kai_proxy	bermuda	Bermuda BLE Trilateration	Ellie Nokia Phone	Home General	Distance to kai_proxy			64:16:66:71:9f:74_f4:65:0b:08:8b:88_range
sensor.bcm4350c0_uart_37_4_mhz_distance_to_nya_proxy	bermuda	Bermuda BLE Trilateration	Ellie Nokia Phone	Home General	Distance to nya-proxy			64:16:66:71:9f:74_f4:65:0b:07:70:84_range
sensor.bcm4350c0_uart_37_4_mhz_distance_to_work_status	bermuda	Bermuda BLE Trilateration	Ellie Nokia Phone	Home General	Distance to work status			64:16:66:71:9f:74_94:3c:c6:37:67:84_range
sensor.bcm4350c0_uart_37_4_mhz_distance_to_zane_proxy	bermuda	Bermuda BLE Trilateration	Ellie Nokia Phone	Home General	Distance to zane-proxy			64:16:66:71:9f:74_d8:3b:da:73:d6:bc_range
sensor.bcm4350c0_uart_37_4_mhz_nearest_rssi	bermuda	Bermuda BLE Trilateration	Ellie Nokia Phone	Home General	Nearest RSSI			64:16:66:71:9f:74_rssi
sensor.bcm4350c0_uart_37_4_mhz_nearest_scanner	bermuda	Bermuda BLE Trilateration	Ellie Nokia Phone	Home General	Nearest Scanner			64:16:66:71:9f:74_scanner
sensor.bcm4350c0_uart_37_4_mhz_unfiltered_distance_to_kai_proxy	bermuda	Bermuda BLE Trilateration	Ellie Nokia Phone	Home General	Unfiltered Distance to kai_proxy	integration		64:16:66:71:9f:74_f4:65:0b:08:8b:88_range_raw
sensor.bcm4350c0_uart_37_4_mhz_unfiltered_distance_to_nya_proxy	bermuda	Bermuda BLE Trilateration	Ellie Nokia Phone	Home General	Unfiltered Distance to nya-proxy	integration		64:16:66:71:9f:74_f4:65:0b:07:70:84_range_raw
sensor.bcm4350c0_uart_37_4_mhz_unfiltered_distance_to_work_status	bermuda	Bermuda BLE Trilateration	Ellie Nokia Phone	Home General	Unfiltered Distance to work status	integration		64:16:66:71:9f:74_94:3c:c6:37:67:84_range_raw
sensor.bcm4350c0_uart_37_4_mhz_unfiltered_distance_to_zane_proxy	bermuda	Bermuda BLE Trilateration	Ellie Nokia Phone	Home General	Unfiltered Distance to zane-proxy	integration		64:16:66:71:9f:74_d8:3b:da:73:d6:bc_range_raw
sensor.bermuda_94332533261f4c25806d5320a803683b_100_40004_area_last_seen	bermuda	Bermuda BLE Trilateration	Tongai's SM25		Area Last Seen			94332533261f4c25806d5320a803683b_100_40004_area_last_seen
sensor.bermuda_94332533261f4c25806d5320a803683b_100_40004_area_switch_diagnostic	bermuda	Bermuda BLE Trilateration	Tongai's SM25		Area Switch Diagnostic	integration		94332533261f4c25806d5320a803683b_100_40004_area_switch_reason
sensor.bermuda_94332533261f4c25806d5320a803683b_100_40004_distance_to_bedroom_presence	bermuda	Bermuda BLE Trilateration	Tongai's SM25		Distance to Bedroom Presence			94332533261f4c25806d5320a803683b_100_40004_d8:3b:da:75:e6:90_range
sensor.bermuda_94332533261f4c25806d5320a803683b_100_40004_distance_to_front_door_proxy	bermuda	Bermuda BLE Trilateration	Tongai's SM25		Distance to zane-proxy			94332533261f4c25806d5320a803683b_100_40004_d8:3b:da:73:d6:bc_range
sensor.bermuda_94332533261f4c25806d5320a803683b_100_40004_nearest_rssi	bermuda	Bermuda BLE Trilateration	Tongai's SM25		Nearest RSSI			94332533261f4c25806d5320a803683b_100_40004_rssi
sensor.bermuda_94332533261f4c25806d5320a803683b_100_40004_nearest_scanner	bermuda	Bermuda BLE Trilateration	Tongai's SM25		Nearest Scanner			94332533261f4c25806d5320a803683b_100_40004_scanner
sensor.bermuda_94332533261f4c25806d5320a803683b_100_40004_unfiltered_distance_to_bedroom_presence	bermuda	Bermuda BLE Trilateration	Tongai's SM25		Unfiltered Distance to Bedroom Presence	integration		94332533261f4c25806d5320a803683b_100_40004_d8:3b:da:75:e6:90_range_raw
sensor.bermuda_94332533261f4c25806d5320a803683b_100_40004_unfiltered_distance_to_front_door_proxy	bermuda	Bermuda BLE Trilateration	Tongai's SM25		Unfiltered Distance to zane-proxy	integration		94332533261f4c25806d5320a803683b_100_40004_d8:3b:da:73:d6:bc_range_raw
sensor.bermuda_d2_de_e0_31_bf_d7_area_switch_diagnostic	bermuda	Bermuda BLE Trilateration	Ellie School Bag	Home General	Area Switch Diagnostic	integration		d2:de:e0:31:bf:d7_area_switch_reason
sensor.bermuda_d2_de_e0_31_bf_d7_distance_to_bedroom_presence	bermuda	Bermuda BLE Trilateration	Ellie School Bag	Home General	Distance to Bedroom Presence			d2:de:e0:31:bf:d7_d8:3b:da:75:e6:90_range
sensor.bermuda_d2_de_e0_31_bf_d7_unfiltered_distance_to_bedroom_presence	bermuda	Bermuda BLE Trilateration	Ellie School Bag	Home General	Unfiltered Distance to Bedroom Presence	integration		d2:de:e0:31:bf:d7_d8:3b:da:75:e6:90_range_raw
sensor.bermuda_d2_de_e0_31_bf_d7_unfiltered_distance_to_kai_proxy	bermuda	Bermuda BLE Trilateration	Ellie School Bag	Home General	Unfiltered Distance to kai_proxy	integration		d2:de:e0:31:bf:d7_f4:65:0b:08:8b:88_range_raw
sensor.bermuda_d2_de_e0_31_bf_d7_unfiltered_distance_to_nya_proxy	bermuda	Bermuda BLE Trilateration	Ellie School Bag	Home General	Unfiltered Distance to nya-proxy	integration		d2:de:e0:31:bf:d7_f4:65:0b:07:70:84_range_raw
sensor.bermuda_d2_de_e0_31_bf_d7_unfiltered_distance_to_work_status	bermuda	Bermuda BLE Trilateration	Ellie School Bag	Home General	Unfiltered Distance to work status	integration		d2:de:e0:31:bf:d7_94:3c:c6:37:67:84_range_raw
sensor.bermuda_d2_de_e0_31_bf_d7_unfiltered_distance_to_zane_proxy	bermuda	Bermuda BLE Trilateration	Ellie School Bag	Home General	Unfiltered Distance to zane-proxy	integration		d2:de:e0:31:bf:d7_d8:3b:da:73:d6:bc_range_raw
sensor.bermuda_ff_1f_04_66_7e_93_area_last_seen	bermuda	Bermuda BLE Trilateration	Hannah Keys		Area Last Seen			ff:1f:04:66:7e:93_area_last_seen
sensor.bermuda_ff_1f_04_66_7e_93_area_switch_diagnostic	bermuda	Bermuda BLE Trilateration	Hannah Keys		Area Switch Diagnostic	integration		ff:1f:04:66:7e:93_area_switch_reason
sensor.bermuda_ff_1f_04_66_7e_93_distance_to_kai_proxy	bermuda	Bermuda BLE Trilateration	Hannah Keys		Distance to kai_proxy			ff:1f:04:66:7e:93_f4:65:0b:08:8b:88_range
sensor.bermuda_ff_1f_04_66_7e_93_distance_to_nya_proxy	bermuda	Bermuda BLE Trilateration	Hannah Keys		Distance to nya-proxy			ff:1f:04:66:7e:93_f4:65:0b:07:70:84_range
sensor.bermuda_ff_1f_04_66_7e_93_distance_to_work_status	bermuda	Bermuda BLE Trilateration	Hannah Keys		Distance to work status			ff:1f:04:66:7e:93_94:3c:c6:37:67:84_range
sensor.bermuda_ff_1f_04_66_7e_93_distance_to_zane_proxy	bermuda	Bermuda BLE Trilateration	Hannah Keys		Distance to zane-proxy			ff:1f:04:66:7e:93_d8:3b:da:73:d6:bc_range
sensor.bermuda_ff_1f_04_66_7e_93_nearest_rssi	bermuda	Bermuda BLE Trilateration	Hannah Keys		Nearest RSSI			ff:1f:04:66:7e:93_rssi
sensor.bermuda_ff_1f_04_66_7e_93_nearest_scanner	bermuda	Bermuda BLE Trilateration	Hannah Keys		Nearest Scanner			ff:1f:04:66:7e:93_scanner
sensor.bermuda_ff_1f_04_66_7e_93_unfiltered_distance_to_kai_proxy	bermuda	Bermuda BLE Trilateration	Hannah Keys		Unfiltered Distance to kai_proxy	integration		ff:1f:04:66:7e:93_f4:65:0b:08:8b:88_range_raw
sensor.bermuda_ff_1f_04_66_7e_93_unfiltered_distance_to_nya_proxy	bermuda	Bermuda BLE Trilateration	Hannah Keys		Unfiltered Distance to nya-proxy	integration		ff:1f:04:66:7e:93_f4:65:0b:07:70:84_range_raw
sensor.bermuda_ff_1f_04_66_7e_93_unfiltered_distance_to_work_status	bermuda	Bermuda BLE Trilateration	Hannah Keys		Unfiltered Distance to work status	integration		ff:1f:04:66:7e:93_94:3c:c6:37:67:84_range_raw
sensor.bermuda_ff_1f_04_66_7e_93_unfiltered_distance_to_zane_proxy	bermuda	Bermuda BLE Trilateration	Hannah Keys		Unfiltered Distance to zane-proxy	integration		ff:1f:04:66:7e:93_d8:3b:da:73:d6:bc_range_raw
sensor.bermuda_global_active_proxy_count	bermuda	Bermuda BLE Trilateration	Bermuda Global	Garage	Active proxy count			BERMUDA_GLOBAL_ACTIVE_PROXY_COUNT
sensor.bermuda_global_total_device_count	bermuda	Bermuda BLE Trilateration	Bermuda Global	Garage	Total device count			BERMUDA_GLOBAL_DEVICE_COUNT
sensor.bermuda_global_total_proxy_count	bermuda	Bermuda BLE Trilateration	Bermuda Global	Garage	Total proxy count			BERMUDA_GLOBAL_PROXY_COUNT
sensor.bermuda_global_visible_device_count	bermuda	Bermuda BLE Trilateration	Bermuda Global	Garage	Visible device count			BERMUDA_GLOBAL_VISIBLE_DEVICE_COUNT
sensor.bermuda_tongai_phone_area	bermuda	Bermuda BLE Trilateration	Tongai's SM25		Area			94332533261f4c25806d5320a803683b_100_40004
sensor.bermuda_tongai_phone_distance	bermuda	Bermuda BLE Trilateration	Tongai's SM25		Distance			94332533261f4c25806d5320a803683b_100_40004_range
sensor.bermuda_tongai_phone_distance_to_kai_proxy	bermuda	Bermuda BLE Trilateration	Tongai's SM25		Distance to kai_proxy			94332533261f4c25806d5320a803683b_100_40004_f4:65:0b:08:8b:88_range
sensor.bermuda_tongai_phone_distance_to_nya_proxy	bermuda	Bermuda BLE Trilateration	Tongai's SM25		Distance to nya-proxy			94332533261f4c25806d5320a803683b_100_40004_f4:65:0b:07:70:84_range
sensor.bermuda_tongai_phone_distance_to_rpi_rebooter	bermuda	Bermuda BLE Trilateration	Tongai's SM25		Distance to rpi_rebooter	integration		94332533261f4c25806d5320a803683b_100_40004_08:d1:f9:eb:e5:90_range
sensor.bermuda_tongai_phone_distance_to_work_status	bermuda	Bermuda BLE Trilateration	Tongai's SM25		Distance to work status			94332533261f4c25806d5320a803683b_100_40004_94:3c:c6:37:67:84_range
sensor.bermuda_tongai_phone_unfiltered_distance_to_kai_proxy	bermuda	Bermuda BLE Trilateration	Tongai's SM25		Unfiltered Distance to kai_proxy	integration		94332533261f4c25806d5320a803683b_100_40004_f4:65:0b:08:8b:88_range_raw
sensor.bermuda_tongai_phone_unfiltered_distance_to_nya_proxy	bermuda	Bermuda BLE Trilateration	Tongai's SM25		Unfiltered Distance to nya-proxy	integration		94332533261f4c25806d5320a803683b_100_40004_f4:65:0b:07:70:84_range_raw
sensor.bermuda_tongai_phone_unfiltered_distance_to_rpi_rebooter	bermuda	Bermuda BLE Trilateration	Tongai's SM25		Unfiltered Distance to rpi_rebooter	integration		94332533261f4c25806d5320a803683b_100_40004_08:d1:f9:eb:e5:90_range_raw
sensor.bermuda_tongai_phone_unfiltered_distance_to_work_status	bermuda	Bermuda BLE Trilateration	Tongai's SM25		Unfiltered Distance to work status	integration		94332533261f4c25806d5320a803683b_100_40004_94:3c:c6:37:67:84_range_raw
sensor.ble_cypress_humidity_74278bdab64445208f0c720eaf059935	ble_monitor	Bluetooth Low Energy Monitor	74278BDAB64445208F0C720EAF059935		ble cypress humidity 74278BDAB64445208F0C720EAF059935	integration		h_cypress_74278BDAB64445208F0C720EAF059935
sensor.ble_cypress_humidity_a92ee200550111e4916c0800200c9a66	ble_monitor	Bluetooth Low Energy Monitor	A92EE200550111E4916C0800200C9A66		ble cypress humidity A92EE200550111E4916C0800200C9A66	integration		h_cypress_A92EE200550111E4916C0800200C9A66
sensor.ble_cypress_humidity_e20a39f473f54bc4186417d1ad07a962	ble_monitor	Bluetooth Low Energy Monitor	E20A39F473F54BC4186417D1AD07A962		ble cypress humidity E20A39F473F54BC4186417D1AD07A962	integration		h_cypress_E20A39F473F54BC4186417D1AD07A962
sensor.ble_cypress_temperature_74278bdab64445208f0c720eaf059935	ble_monitor	Bluetooth Low Energy Monitor	74278BDAB64445208F0C720EAF059935		ble cypress temperature 74278BDAB64445208F0C720EAF059935	integration		t_cypress_74278BDAB64445208F0C720EAF059935
sensor.ble_cypress_temperature_a92ee200550111e4916c0800200c9a66	ble_monitor	Bluetooth Low Energy Monitor	A92EE200550111E4916C0800200C9A66		ble cypress temperature A92EE200550111E4916C0800200C9A66	integration		t_cypress_A92EE200550111E4916C0800200C9A66
sensor.ble_cypress_temperature_e20a39f473f54bc4186417d1ad07a962	ble_monitor	Bluetooth Low Energy Monitor	E20A39F473F54BC4186417D1AD07A962		ble cypress temperature E20A39F473F54BC4186417D1AD07A962	integration		t_cypress_E20A39F473F54BC4186417D1AD07A962
sensor.ble_heart_rate_d1834cac851a	ble_monitor	Bluetooth Low Energy Monitor	D1834CAC851A		ble heart rate D1834CAC851A			hr_D1834CAC851A
sensor.ble_mac_74278bdab64445208f0c720eaf059935	ble_monitor	Bluetooth Low Energy Monitor	74278BDAB64445208F0C720EAF059935		ble mac 74278BDAB64445208F0C720EAF059935			mac_74278BDAB64445208F0C720EAF059935
sensor.ble_mac_a92ee200550111e4916c0800200c9a66	ble_monitor	Bluetooth Low Energy Monitor	A92EE200550111E4916C0800200C9A66		ble mac A92EE200550111E4916C0800200C9A66			mac_A92EE200550111E4916C0800200C9A66
sensor.ble_mac_e20a39f473f54bc4186417d1ad07a962	ble_monitor	Bluetooth Low Energy Monitor	E20A39F473F54BC4186417D1AD07A962		ble mac E20A39F473F54BC4186417D1AD07A962			mac_E20A39F473F54BC4186417D1AD07A962
sensor.ble_major_74278bdab64445208f0c720eaf059935	ble_monitor	Bluetooth Low Energy Monitor	74278BDAB64445208F0C720EAF059935		ble major 74278BDAB64445208F0C720EAF059935			major_74278BDAB64445208F0C720EAF059935
sensor.ble_major_a92ee200550111e4916c0800200c9a66	ble_monitor	Bluetooth Low Energy Monitor	A92EE200550111E4916C0800200C9A66		ble major A92EE200550111E4916C0800200C9A66			major_A92EE200550111E4916C0800200C9A66
sensor.ble_major_e20a39f473f54bc4186417d1ad07a962	ble_monitor	Bluetooth Low Energy Monitor	E20A39F473F54BC4186417D1AD07A962		ble major E20A39F473F54BC4186417D1AD07A962			major_E20A39F473F54BC4186417D1AD07A962
sensor.ble_measured_power_74278bdab64445208f0c720eaf059935	ble_monitor	Bluetooth Low Energy Monitor	74278BDAB64445208F0C720EAF059935		ble measured power 74278BDAB64445208F0C720EAF059935			measured_power_74278BDAB64445208F0C720EAF059935
sensor.ble_measured_power_a92ee200550111e4916c0800200c9a66	ble_monitor	Bluetooth Low Energy Monitor	A92EE200550111E4916C0800200C9A66		ble measured power A92EE200550111E4916C0800200C9A66			measured_power_A92EE200550111E4916C0800200C9A66
sensor.ble_measured_power_e20a39f473f54bc4186417d1ad07a962	ble_monitor	Bluetooth Low Energy Monitor	E20A39F473F54BC4186417D1AD07A962		ble measured power E20A39F473F54BC4186417D1AD07A962			measured_power_E20A39F473F54BC4186417D1AD07A962
sensor.ble_minor_74278bdab64445208f0c720eaf059935	ble_monitor	Bluetooth Low Energy Monitor	74278BDAB64445208F0C720EAF059935		ble minor 74278BDAB64445208F0C720EAF059935			minor_74278BDAB64445208F0C720EAF059935
sensor.ble_minor_a92ee200550111e4916c0800200c9a66	ble_monitor	Bluetooth Low Energy Monitor	A92EE200550111E4916C0800200C9A66		ble minor A92EE200550111E4916C0800200C9A66			minor_A92EE200550111E4916C0800200C9A66
sensor.ble_minor_e20a39f473f54bc4186417d1ad07a962	ble_monitor	Bluetooth Low Energy Monitor	E20A39F473F54BC4186417D1AD07A962		ble minor E20A39F473F54BC4186417D1AD07A962			minor_E20A39F473F54BC4186417D1AD07A962
sensor.ble_rssi_74278bdab64445208f0c720eaf059935	ble_monitor	Bluetooth Low Energy Monitor	74278BDAB64445208F0C720EAF059935		ble rssi 74278BDAB64445208F0C720EAF059935			rssi_74278BDAB64445208F0C720EAF059935
sensor.ble_rssi_a92ee200550111e4916c0800200c9a66	ble_monitor	Bluetooth Low Energy Monitor	A92EE200550111E4916C0800200C9A66		ble rssi A92EE200550111E4916C0800200C9A66			rssi_A92EE200550111E4916C0800200C9A66
sensor.ble_rssi_d1834cac851a	ble_monitor	Bluetooth Low Energy Monitor	D1834CAC851A		ble rssi D1834CAC851A			rssi_D1834CAC851A
sensor.ble_rssi_e20a39f473f54bc4186417d1ad07a962	ble_monitor	Bluetooth Low Energy Monitor	E20A39F473F54BC4186417D1AD07A962		ble rssi E20A39F473F54BC4186417D1AD07A962			rssi_E20A39F473F54BC4186417D1AD07A962
sensor.ble_steps_d1834cac851a	ble_monitor	Bluetooth Low Energy Monitor	D1834CAC851A		ble steps D1834CAC851A			st_D1834CAC851A
sensor.ble_uuid_74278bdab64445208f0c720eaf059935	ble_monitor	Bluetooth Low Energy Monitor	74278BDAB64445208F0C720EAF059935		ble uuid 74278BDAB64445208F0C720EAF059935	integration		uuid_74278BDAB64445208F0C720EAF059935
sensor.ble_uuid_a92ee200550111e4916c0800200c9a66	ble_monitor	Bluetooth Low Energy Monitor	A92EE200550111E4916C0800200C9A66		ble uuid A92EE200550111E4916C0800200C9A66	integration		uuid_A92EE200550111E4916C0800200C9A66
sensor.ble_uuid_e20a39f473f54bc4186417d1ad07a962	ble_monitor	Bluetooth Low Energy Monitor	E20A39F473F54BC4186417D1AD07A962		ble uuid E20A39F473F54BC4186417D1AD07A962	integration		uuid_E20A39F473F54BC4186417D1AD07A962
sensor.bmi	garmin_connect	tongaimaramba@gmail.com	Garmin Connect	Home General	BMI	integration		tongaimaramba@gmail.com_bmi
sensor.bmr_kilocalories	garmin_connect	tongaimaramba@gmail.com	Garmin Connect	Home General	BMR KiloCalories			tongaimaramba@gmail.com_bmrKilocalories
sensor.body_battery_charged	garmin_connect	tongaimaramba@gmail.com	Garmin Connect	Home General	Body Battery Charged			tongaimaramba@gmail.com_bodyBatteryChargedValue
sensor.body_battery_drained	garmin_connect	tongaimaramba@gmail.com	Garmin Connect	Home General	Body Battery Drained			tongaimaramba@gmail.com_bodyBatteryDrainedValue
sensor.body_battery_highest	garmin_connect	tongaimaramba@gmail.com	Garmin Connect	Home General	Body Battery Highest			tongaimaramba@gmail.com_bodyBatteryHighestValue
sensor.body_battery_lowest	garmin_connect	tongaimaramba@gmail.com	Garmin Connect	Home General	Body Battery Lowest			tongaimaramba@gmail.com_bodyBatteryLowestValue
sensor.body_battery_most_recent	garmin_connect	tongaimaramba@gmail.com	Garmin Connect	Home General	Body Battery Most Recent			tongaimaramba@gmail.com_bodyBatteryMostRecentValue
sensor.body_fat	garmin_connect	tongaimaramba@gmail.com	Garmin Connect	Home General	Body Fat	integration		tongaimaramba@gmail.com_bodyFat
sensor.body_water	garmin_connect	tongaimaramba@gmail.com	Garmin Connect	Home General	Body Water	integration		tongaimaramba@gmail.com_bodyWater
sensor.bone_mass	garmin_connect	tongaimaramba@gmail.com	Garmin Connect	Home General	Bone Mass	integration		tongaimaramba@gmail.com_boneMass
sensor.bookshelf_lamp_zigbee_connectivity	hue	Hue Bridge 0017882791a0	Loft Bedside Lamp	Study	Zigbee connectivity	integration		bd79950f-72db-48c2-b8bc-ce97a293b02d
sensor.burned_kilocalories	garmin_connect	tongaimaramba@gmail.com	Garmin Connect	Home General	Burned KiloCalories			tongaimaramba@gmail.com_burnedKilocalories
sensor.c3_stored_fingerprints	esphome	c3	Fingerprint Authoriser	Garage	Stored Fingerprints			D8:3B:DA:73:D9:F4-sensor-stored_fingerprints
sensor.carabc_bt_le_4a22_estimated_distance	ibeacon	iBeacon Tracker	CARABC-BT-LE 4A22		Estimated distance			fda50693-a4e2-4fb1-afcf-c6eb07647825_10065_26049_DD:0D:30:24:4A:22_estimated_distance
sensor.carabc_bt_le_4a22_power	ibeacon	iBeacon Tracker	CARABC-BT-LE 4A22		Power	integration		fda50693-a4e2-4fb1-afcf-c6eb07647825_10065_26049_DD:0D:30:24:4A:22_power
sensor.carabc_bt_le_4a22_signal_strength	ibeacon	iBeacon Tracker	CARABC-BT-LE 4A22		Signal strength	integration		fda50693-a4e2-4fb1-afcf-c6eb07647825_10065_26049_DD:0D:30:24:4A:22_rssi
sensor.carabc_bt_le_4a22_vendor	ibeacon	iBeacon Tracker	CARABC-BT-LE 4A22		Vendor	integration		fda50693-a4e2-4fb1-afcf-c6eb07647825_10065_26049_DD:0D:30:24:4A:22_vendor
sensor.care_01ea_estimated_distance	ibeacon	iBeacon Tracker	CARe 01EA		Estimated distance			8063ae90-d8b7-11e6-9598-0800200c9a66_490_22804_B4:B8:59:14:01:EA_estimated_distance
sensor.care_01ea_power	ibeacon	iBeacon Tracker	CARe 01EA		Power	integration		8063ae90-d8b7-11e6-9598-0800200c9a66_490_22804_B4:B8:59:14:01:EA_power
sensor.care_01ea_signal_strength	ibeacon	iBeacon Tracker	CARe 01EA		Signal strength	integration		8063ae90-d8b7-11e6-9598-0800200c9a66_490_22804_B4:B8:59:14:01:EA_rssi
sensor.care_01ea_vendor	ibeacon	iBeacon Tracker	CARe 01EA		Vendor	integration		8063ae90-d8b7-11e6-9598-0800200c9a66_490_22804_B4:B8:59:14:01:EA_vendor
sensor.care_02bd_estimated_distance	ibeacon	iBeacon Tracker	CARe 02BD		Estimated distance			8063ae90-d8b7-11e6-9598-0800200c9a66_701_22795_B4:B8:59:0B:02:BD_estimated_distance
sensor.care_02bd_power	ibeacon	iBeacon Tracker	CARe 02BD		Power	integration		8063ae90-d8b7-11e6-9598-0800200c9a66_701_22795_B4:B8:59:0B:02:BD_power
sensor.care_02bd_signal_strength	ibeacon	iBeacon Tracker	CARe 02BD		Signal strength	integration		8063ae90-d8b7-11e6-9598-0800200c9a66_701_22795_B4:B8:59:0B:02:BD_rssi
sensor.care_02bd_vendor	ibeacon	iBeacon Tracker	CARe 02BD		Vendor	integration		8063ae90-d8b7-11e6-9598-0800200c9a66_701_22795_B4:B8:59:0B:02:BD_vendor
sensor.care_03b3_estimated_distance	ibeacon	iBeacon Tracker	DP_2_0_TOVHT125940  03B3		Estimated distance			8063ae90-d8b7-11e6-9598-0800200c9a66_947_22789_B4:B8:59:05:03:B3_estimated_distance
sensor.care_03b3_power	ibeacon	iBeacon Tracker	DP_2_0_TOVHT125940  03B3		Power	integration		8063ae90-d8b7-11e6-9598-0800200c9a66_947_22789_B4:B8:59:05:03:B3_power
sensor.care_03b3_signal_strength	ibeacon	iBeacon Tracker	DP_2_0_TOVHT125940  03B3		Signal strength	integration		8063ae90-d8b7-11e6-9598-0800200c9a66_947_22789_B4:B8:59:05:03:B3_rssi
sensor.care_03b3_vendor	ibeacon	iBeacon Tracker	DP_2_0_TOVHT125940  03B3		Vendor	integration		8063ae90-d8b7-11e6-9598-0800200c9a66_947_22789_B4:B8:59:05:03:B3_vendor
sensor.care_03bb_estimated_distance	ibeacon	iBeacon Tracker	CARe 03BB		Estimated distance			8063ae90-d8b7-11e6-9598-0800200c9a66_955_22845_B4:B8:59:3D:03:BB_estimated_distance
sensor.care_03bb_power	ibeacon	iBeacon Tracker	CARe 03BB		Power	integration		8063ae90-d8b7-11e6-9598-0800200c9a66_955_22845_B4:B8:59:3D:03:BB_power
sensor.care_03bb_signal_strength	ibeacon	iBeacon Tracker	CARe 03BB		Signal strength	integration		8063ae90-d8b7-11e6-9598-0800200c9a66_955_22845_B4:B8:59:3D:03:BB_rssi
sensor.care_03bb_vendor	ibeacon	iBeacon Tracker	CARe 03BB		Vendor	integration		8063ae90-d8b7-11e6-9598-0800200c9a66_955_22845_B4:B8:59:3D:03:BB_vendor
sensor.care_0661_estimated_distance	ibeacon	iBeacon Tracker	DP_2_0_TOVJX272369  0661		Estimated distance			8063ae90-d8b7-11e6-9598-0800200c9a66_1633_22804_B4:B8:59:14:06:61_estimated_distance
sensor.care_0661_power	ibeacon	iBeacon Tracker	DP_2_0_TOVJX272369  0661		Power	integration		8063ae90-d8b7-11e6-9598-0800200c9a66_1633_22804_B4:B8:59:14:06:61_power
sensor.care_0661_signal_strength	ibeacon	iBeacon Tracker	DP_2_0_TOVJX272369  0661		Signal strength	integration		8063ae90-d8b7-11e6-9598-0800200c9a66_1633_22804_B4:B8:59:14:06:61_rssi
sensor.care_0661_vendor	ibeacon	iBeacon Tracker	DP_2_0_TOVJX272369  0661		Vendor	integration		8063ae90-d8b7-11e6-9598-0800200c9a66_1633_22804_B4:B8:59:14:06:61_vendor
sensor.care_0704_estimated_distance	ibeacon	iBeacon Tracker	CARe 0704		Estimated distance			8063ae90-d8b7-11e6-9598-0800200c9a66_1796_22832_B4:B8:59:30:07:04_estimated_distance
sensor.care_0704_power	ibeacon	iBeacon Tracker	CARe 0704		Power	integration		8063ae90-d8b7-11e6-9598-0800200c9a66_1796_22832_B4:B8:59:30:07:04_power
sensor.care_0704_signal_strength	ibeacon	iBeacon Tracker	CARe 0704		Signal strength	integration		8063ae90-d8b7-11e6-9598-0800200c9a66_1796_22832_B4:B8:59:30:07:04_rssi
sensor.care_0704_vendor	ibeacon	iBeacon Tracker	CARe 0704		Vendor	integration		8063ae90-d8b7-11e6-9598-0800200c9a66_1796_22832_B4:B8:59:30:07:04_vendor
sensor.care_075d_estimated_distance	ibeacon	iBeacon Tracker	CARe 075D		Estimated distance			8063ae90-d8b7-11e6-9598-0800200c9a66_1885_22848_B4:B8:59:40:07:5D_estimated_distance
sensor.care_075d_power	ibeacon	iBeacon Tracker	CARe 075D		Power	integration		8063ae90-d8b7-11e6-9598-0800200c9a66_1885_22848_B4:B8:59:40:07:5D_power
sensor.care_075d_signal_strength	ibeacon	iBeacon Tracker	CARe 075D		Signal strength	integration		8063ae90-d8b7-11e6-9598-0800200c9a66_1885_22848_B4:B8:59:40:07:5D_rssi
sensor.care_075d_vendor	ibeacon	iBeacon Tracker	CARe 075D		Vendor	integration		8063ae90-d8b7-11e6-9598-0800200c9a66_1885_22848_B4:B8:59:40:07:5D_vendor
sensor.care_0760_estimated_distance	ibeacon	iBeacon Tracker	DP_2_1_TORNY061592  0760		Estimated distance			8063ae90-d8b7-11e6-9598-0800200c9a66_1888_22848_B4:B8:59:40:07:60_estimated_distance
sensor.care_0760_power	ibeacon	iBeacon Tracker	DP_2_1_TORNY061592  0760		Power	integration		8063ae90-d8b7-11e6-9598-0800200c9a66_1888_22848_B4:B8:59:40:07:60_power
sensor.care_0760_signal_strength	ibeacon	iBeacon Tracker	DP_2_1_TORNY061592  0760		Signal strength	integration		8063ae90-d8b7-11e6-9598-0800200c9a66_1888_22848_B4:B8:59:40:07:60_rssi
sensor.care_0760_vendor	ibeacon	iBeacon Tracker	DP_2_1_TORNY061592  0760		Vendor	integration		8063ae90-d8b7-11e6-9598-0800200c9a66_1888_22848_B4:B8:59:40:07:60_vendor
sensor.care_0b31_estimated_distance	ibeacon	iBeacon Tracker	CARe 0B31		Estimated distance			8063ae90-d8b7-11e6-9598-0800200c9a66_2865_22848_B4:B8:59:40:0B:31_estimated_distance
sensor.care_0b31_power	ibeacon	iBeacon Tracker	CARe 0B31		Power	integration		8063ae90-d8b7-11e6-9598-0800200c9a66_2865_22848_B4:B8:59:40:0B:31_power
sensor.care_0b31_signal_strength	ibeacon	iBeacon Tracker	CARe 0B31		Signal strength	integration		8063ae90-d8b7-11e6-9598-0800200c9a66_2865_22848_B4:B8:59:40:0B:31_rssi
sensor.care_0b31_vendor	ibeacon	iBeacon Tracker	CARe 0B31		Vendor	integration		8063ae90-d8b7-11e6-9598-0800200c9a66_2865_22848_B4:B8:59:40:0B:31_vendor
sensor.care_0c06_estimated_distance	ibeacon	iBeacon Tracker	CARe 0C06		Estimated distance			8063ae90-d8b7-11e6-9598-0800200c9a66_3078_22796_B4:B8:59:0C:0C:06_estimated_distance
sensor.care_0c06_power	ibeacon	iBeacon Tracker	CARe 0C06		Power	integration		8063ae90-d8b7-11e6-9598-0800200c9a66_3078_22796_B4:B8:59:0C:0C:06_power
sensor.care_0c06_signal_strength	ibeacon	iBeacon Tracker	CARe 0C06		Signal strength	integration		8063ae90-d8b7-11e6-9598-0800200c9a66_3078_22796_B4:B8:59:0C:0C:06_rssi
sensor.care_0c06_vendor	ibeacon	iBeacon Tracker	CARe 0C06		Vendor	integration		8063ae90-d8b7-11e6-9598-0800200c9a66_3078_22796_B4:B8:59:0C:0C:06_vendor
sensor.care_118c_estimated_distance	ibeacon	iBeacon Tracker	CARe 118C		Estimated distance			8063ae90-d8b7-11e6-9598-0800200c9a66_4492_22818_B4:B8:59:22:11:8C_estimated_distance
sensor.care_118c_power	ibeacon	iBeacon Tracker	CARe 118C		Power	integration		8063ae90-d8b7-11e6-9598-0800200c9a66_4492_22818_B4:B8:59:22:11:8C_power
sensor.care_118c_signal_strength	ibeacon	iBeacon Tracker	CARe 118C		Signal strength	integration		8063ae90-d8b7-11e6-9598-0800200c9a66_4492_22818_B4:B8:59:22:11:8C_rssi
sensor.care_118c_vendor	ibeacon	iBeacon Tracker	CARe 118C		Vendor	integration		8063ae90-d8b7-11e6-9598-0800200c9a66_4492_22818_B4:B8:59:22:11:8C_vendor
sensor.care_144e_estimated_distance	ibeacon	iBeacon Tracker	DP_2_0_TOVHX311313  144E		Estimated distance			8063ae90-d8b7-11e6-9598-0800200c9a66_5198_22797_B4:B8:59:0D:14:4E_estimated_distance
sensor.care_144e_power	ibeacon	iBeacon Tracker	DP_2_0_TOVHX311313  144E		Power	integration		8063ae90-d8b7-11e6-9598-0800200c9a66_5198_22797_B4:B8:59:0D:14:4E_power
sensor.care_144e_signal_strength	ibeacon	iBeacon Tracker	DP_2_0_TOVHX311313  144E		Signal strength	integration		8063ae90-d8b7-11e6-9598-0800200c9a66_5198_22797_B4:B8:59:0D:14:4E_rssi
sensor.care_144e_vendor	ibeacon	iBeacon Tracker	DP_2_0_TOVHX311313  144E		Vendor	integration		8063ae90-d8b7-11e6-9598-0800200c9a66_5198_22797_B4:B8:59:0D:14:4E_vendor
sensor.care_1581_estimated_distance	ibeacon	iBeacon Tracker	CARe 1581		Estimated distance			8063ae90-d8b7-11e6-9598-0800200c9a66_5505_22792_B4:B8:59:08:15:81_estimated_distance
sensor.care_1581_power	ibeacon	iBeacon Tracker	CARe 1581		Power	integration		8063ae90-d8b7-11e6-9598-0800200c9a66_5505_22792_B4:B8:59:08:15:81_power
sensor.care_1581_signal_strength	ibeacon	iBeacon Tracker	CARe 1581		Signal strength	integration		8063ae90-d8b7-11e6-9598-0800200c9a66_5505_22792_B4:B8:59:08:15:81_rssi
sensor.care_1581_vendor	ibeacon	iBeacon Tracker	CARe 1581		Vendor	integration		8063ae90-d8b7-11e6-9598-0800200c9a66_5505_22792_B4:B8:59:08:15:81_vendor
sensor.care_163c_estimated_distance	ibeacon	iBeacon Tracker	CARe 163C		Estimated distance			8063ae90-d8b7-11e6-9598-0800200c9a66_5692_22795_B4:B8:59:0B:16:3C_estimated_distance
sensor.care_163c_power	ibeacon	iBeacon Tracker	CARe 163C		Power	integration		8063ae90-d8b7-11e6-9598-0800200c9a66_5692_22795_B4:B8:59:0B:16:3C_power
sensor.care_163c_signal_strength	ibeacon	iBeacon Tracker	CARe 163C		Signal strength	integration		8063ae90-d8b7-11e6-9598-0800200c9a66_5692_22795_B4:B8:59:0B:16:3C_rssi
sensor.care_163c_vendor	ibeacon	iBeacon Tracker	CARe 163C		Vendor	integration		8063ae90-d8b7-11e6-9598-0800200c9a66_5692_22795_B4:B8:59:0B:16:3C_vendor
sensor.care_1ae1_estimated_distance	ibeacon	iBeacon Tracker	CARe 1AE1		Estimated distance			8063ae90-d8b7-11e6-9598-0800200c9a66_6881_22788_B4:B8:59:04:1A:E1_estimated_distance
sensor.care_1ae1_power	ibeacon	iBeacon Tracker	CARe 1AE1		Power	integration		8063ae90-d8b7-11e6-9598-0800200c9a66_6881_22788_B4:B8:59:04:1A:E1_power
sensor.care_1ae1_signal_strength	ibeacon	iBeacon Tracker	CARe 1AE1		Signal strength	integration		8063ae90-d8b7-11e6-9598-0800200c9a66_6881_22788_B4:B8:59:04:1A:E1_rssi
sensor.care_1ae1_vendor	ibeacon	iBeacon Tracker	CARe 1AE1		Vendor	integration		8063ae90-d8b7-11e6-9598-0800200c9a66_6881_22788_B4:B8:59:04:1A:E1_vendor
sensor.care_1c59_estimated_distance	ibeacon	iBeacon Tracker	CARe 1C59		Estimated distance			8063ae90-d8b7-11e6-9598-0800200c9a66_7257_22796_B4:B8:59:0C:1C:59_estimated_distance
sensor.care_1c59_power	ibeacon	iBeacon Tracker	CARe 1C59		Power	integration		8063ae90-d8b7-11e6-9598-0800200c9a66_7257_22796_B4:B8:59:0C:1C:59_power
sensor.care_1c59_signal_strength	ibeacon	iBeacon Tracker	CARe 1C59		Signal strength	integration		8063ae90-d8b7-11e6-9598-0800200c9a66_7257_22796_B4:B8:59:0C:1C:59_rssi
sensor.care_1c59_vendor	ibeacon	iBeacon Tracker	CARe 1C59		Vendor	integration		8063ae90-d8b7-11e6-9598-0800200c9a66_7257_22796_B4:B8:59:0C:1C:59_vendor
sensor.care_1f40_estimated_distance	ibeacon	iBeacon Tracker	CARe 1F40		Estimated distance			8063ae90-d8b7-11e6-9598-0800200c9a66_8000_22808_B4:B8:59:18:1F:40_estimated_distance
sensor.care_1f40_power	ibeacon	iBeacon Tracker	CARe 1F40		Power	integration		8063ae90-d8b7-11e6-9598-0800200c9a66_8000_22808_B4:B8:59:18:1F:40_power
sensor.care_1f40_signal_strength	ibeacon	iBeacon Tracker	CARe 1F40		Signal strength	integration		8063ae90-d8b7-11e6-9598-0800200c9a66_8000_22808_B4:B8:59:18:1F:40_rssi
sensor.care_1f40_vendor	ibeacon	iBeacon Tracker	CARe 1F40		Vendor	integration		8063ae90-d8b7-11e6-9598-0800200c9a66_8000_22808_B4:B8:59:18:1F:40_vendor
sensor.care_2289_estimated_distance	ibeacon	iBeacon Tracker	DP_2_0_TOVHT160756  2289		Estimated distance			8063ae90-d8b7-11e6-9598-0800200c9a66_8841_22791_B4:B8:59:07:22:89_estimated_distance
sensor.care_2289_power	ibeacon	iBeacon Tracker	DP_2_0_TOVHT160756  2289		Power	integration		8063ae90-d8b7-11e6-9598-0800200c9a66_8841_22791_B4:B8:59:07:22:89_power
sensor.care_2289_signal_strength	ibeacon	iBeacon Tracker	DP_2_0_TOVHT160756  2289		Signal strength	integration		8063ae90-d8b7-11e6-9598-0800200c9a66_8841_22791_B4:B8:59:07:22:89_rssi
sensor.care_2289_vendor	ibeacon	iBeacon Tracker	DP_2_0_TOVHT160756  2289		Vendor	integration		8063ae90-d8b7-11e6-9598-0800200c9a66_8841_22791_B4:B8:59:07:22:89_vendor
sensor.care_364f_estimated_distance	ibeacon	iBeacon Tracker	CARe 364F		Estimated distance			8063ae90-d8b7-11e6-9598-0800200c9a66_13903_22854_B4:B8:59:46:36:4F_estimated_distance
sensor.care_364f_power	ibeacon	iBeacon Tracker	CARe 364F		Power	integration		8063ae90-d8b7-11e6-9598-0800200c9a66_13903_22854_B4:B8:59:46:36:4F_power
sensor.care_364f_signal_strength	ibeacon	iBeacon Tracker	CARe 364F		Signal strength	integration		8063ae90-d8b7-11e6-9598-0800200c9a66_13903_22854_B4:B8:59:46:36:4F_rssi
sensor.care_364f_vendor	ibeacon	iBeacon Tracker	CARe 364F		Vendor	integration		8063ae90-d8b7-11e6-9598-0800200c9a66_13903_22854_B4:B8:59:46:36:4F_vendor
sensor.care_375c_estimated_distance	ibeacon	iBeacon Tracker	CARe 375C		Estimated distance			8063ae90-d8b7-11e6-9598-0800200c9a66_14172_22841_B4:B8:59:39:37:5C_estimated_distance
sensor.care_375c_power	ibeacon	iBeacon Tracker	CARe 375C		Power	integration		8063ae90-d8b7-11e6-9598-0800200c9a66_14172_22841_B4:B8:59:39:37:5C_power
sensor.care_375c_signal_strength	ibeacon	iBeacon Tracker	CARe 375C		Signal strength	integration		8063ae90-d8b7-11e6-9598-0800200c9a66_14172_22841_B4:B8:59:39:37:5C_rssi
sensor.care_375c_vendor	ibeacon	iBeacon Tracker	CARe 375C		Vendor	integration		8063ae90-d8b7-11e6-9598-0800200c9a66_14172_22841_B4:B8:59:39:37:5C_vendor
sensor.care_3ea5_estimated_distance	ibeacon	iBeacon Tracker	CARe 3EA5		Estimated distance			8063ae90-d8b7-11e6-9598-0800200c9a66_16037_22850_B4:B8:59:42:3E:A5_estimated_distance
sensor.care_3ea5_power	ibeacon	iBeacon Tracker	CARe 3EA5		Power	integration		8063ae90-d8b7-11e6-9598-0800200c9a66_16037_22850_B4:B8:59:42:3E:A5_power
sensor.care_3ea5_signal_strength	ibeacon	iBeacon Tracker	CARe 3EA5		Signal strength	integration		8063ae90-d8b7-11e6-9598-0800200c9a66_16037_22850_B4:B8:59:42:3E:A5_rssi
sensor.care_3ea5_vendor	ibeacon	iBeacon Tracker	CARe 3EA5		Vendor	integration		8063ae90-d8b7-11e6-9598-0800200c9a66_16037_22850_B4:B8:59:42:3E:A5_vendor
sensor.care_4d06_estimated_distance	ibeacon	iBeacon Tracker	CARe 4D06		Estimated distance			8063ae90-d8b7-11e6-9598-0800200c9a66_19718_22798_B4:B8:59:0E:4D:06_estimated_distance
sensor.care_4d06_power	ibeacon	iBeacon Tracker	CARe 4D06		Power	integration		8063ae90-d8b7-11e6-9598-0800200c9a66_19718_22798_B4:B8:59:0E:4D:06_power
sensor.care_4d06_signal_strength	ibeacon	iBeacon Tracker	CARe 4D06		Signal strength	integration		8063ae90-d8b7-11e6-9598-0800200c9a66_19718_22798_B4:B8:59:0E:4D:06_rssi
sensor.care_4d06_vendor	ibeacon	iBeacon Tracker	CARe 4D06		Vendor	integration		8063ae90-d8b7-11e6-9598-0800200c9a66_19718_22798_B4:B8:59:0E:4D:06_vendor
sensor.care_50ac_estimated_distance	ibeacon	iBeacon Tracker	CARe 50AC		Estimated distance			8063ae90-d8b7-11e6-9598-0800200c9a66_20652_22791_B4:B8:59:07:50:AC_estimated_distance
sensor.care_50ac_power	ibeacon	iBeacon Tracker	CARe 50AC		Power	integration		8063ae90-d8b7-11e6-9598-0800200c9a66_20652_22791_B4:B8:59:07:50:AC_power
sensor.care_50ac_signal_strength	ibeacon	iBeacon Tracker	CARe 50AC		Signal strength	integration		8063ae90-d8b7-11e6-9598-0800200c9a66_20652_22791_B4:B8:59:07:50:AC_rssi
sensor.care_50ac_vendor	ibeacon	iBeacon Tracker	CARe 50AC		Vendor	integration		8063ae90-d8b7-11e6-9598-0800200c9a66_20652_22791_B4:B8:59:07:50:AC_vendor
sensor.care_5735_estimated_distance	ibeacon	iBeacon Tracker	CARe 5735		Estimated distance			8063ae90-d8b7-11e6-9598-0800200c9a66_22325_22846_B4:B8:59:3E:57:35_estimated_distance
sensor.care_5735_power	ibeacon	iBeacon Tracker	CARe 5735		Power	integration		8063ae90-d8b7-11e6-9598-0800200c9a66_22325_22846_B4:B8:59:3E:57:35_power
sensor.care_5735_signal_strength	ibeacon	iBeacon Tracker	CARe 5735		Signal strength	integration		8063ae90-d8b7-11e6-9598-0800200c9a66_22325_22846_B4:B8:59:3E:57:35_rssi
sensor.care_5735_vendor	ibeacon	iBeacon Tracker	CARe 5735		Vendor	integration		8063ae90-d8b7-11e6-9598-0800200c9a66_22325_22846_B4:B8:59:3E:57:35_vendor
sensor.care_6192_estimated_distance	ibeacon	iBeacon Tracker	CARe 6192		Estimated distance			8063ae90-d8b7-11e6-9598-0800200c9a66_24978_22854_B4:B8:59:46:61:92_estimated_distance
sensor.care_6192_power	ibeacon	iBeacon Tracker	CARe 6192		Power	integration		8063ae90-d8b7-11e6-9598-0800200c9a66_24978_22854_B4:B8:59:46:61:92_power
sensor.care_6192_signal_strength	ibeacon	iBeacon Tracker	CARe 6192		Signal strength	integration		8063ae90-d8b7-11e6-9598-0800200c9a66_24978_22854_B4:B8:59:46:61:92_rssi
sensor.care_6192_vendor	ibeacon	iBeacon Tracker	CARe 6192		Vendor	integration		8063ae90-d8b7-11e6-9598-0800200c9a66_24978_22854_B4:B8:59:46:61:92_vendor
sensor.care_621d_estimated_distance	ibeacon	iBeacon Tracker	CARe 621D		Estimated distance			8063ae90-d8b7-11e6-9598-0800200c9a66_25117_22854_B4:B8:59:46:62:1D_estimated_distance
sensor.care_621d_power	ibeacon	iBeacon Tracker	CARe 621D		Power	integration		8063ae90-d8b7-11e6-9598-0800200c9a66_25117_22854_B4:B8:59:46:62:1D_power
sensor.care_621d_signal_strength	ibeacon	iBeacon Tracker	CARe 621D		Signal strength	integration		8063ae90-d8b7-11e6-9598-0800200c9a66_25117_22854_B4:B8:59:46:62:1D_rssi
sensor.care_621d_vendor	ibeacon	iBeacon Tracker	CARe 621D		Vendor	integration		8063ae90-d8b7-11e6-9598-0800200c9a66_25117_22854_B4:B8:59:46:62:1D_vendor
sensor.care_633c_estimated_distance	ibeacon	iBeacon Tracker	CARe 633C		Estimated distance			8063ae90-d8b7-11e6-9598-0800200c9a66_25404_22846_B4:B8:59:3E:63:3C_estimated_distance
sensor.care_633c_power	ibeacon	iBeacon Tracker	CARe 633C		Power	integration		8063ae90-d8b7-11e6-9598-0800200c9a66_25404_22846_B4:B8:59:3E:63:3C_power
sensor.care_633c_signal_strength	ibeacon	iBeacon Tracker	CARe 633C		Signal strength	integration		8063ae90-d8b7-11e6-9598-0800200c9a66_25404_22846_B4:B8:59:3E:63:3C_rssi
sensor.care_633c_vendor	ibeacon	iBeacon Tracker	CARe 633C		Vendor	integration		8063ae90-d8b7-11e6-9598-0800200c9a66_25404_22846_B4:B8:59:3E:63:3C_vendor
sensor.care_6a15_estimated_distance	ibeacon	iBeacon Tracker	CARe 6A15		Estimated distance			8063ae90-d8b7-11e6-9598-0800200c9a66_27157_22826_B4:B8:59:2A:6A:15_estimated_distance
sensor.care_6a15_power	ibeacon	iBeacon Tracker	CARe 6A15		Power	integration		8063ae90-d8b7-11e6-9598-0800200c9a66_27157_22826_B4:B8:59:2A:6A:15_power
sensor.care_6a15_signal_strength	ibeacon	iBeacon Tracker	CARe 6A15		Signal strength	integration		8063ae90-d8b7-11e6-9598-0800200c9a66_27157_22826_B4:B8:59:2A:6A:15_rssi
sensor.care_6a15_vendor	ibeacon	iBeacon Tracker	CARe 6A15		Vendor	integration		8063ae90-d8b7-11e6-9598-0800200c9a66_27157_22826_B4:B8:59:2A:6A:15_vendor
sensor.care_6bd7_estimated_distance	ibeacon	iBeacon Tracker	CARe 6BD7		Estimated distance			8063ae90-d8b7-11e6-9598-0800200c9a66_27607_22854_B4:B8:59:46:6B:D7_estimated_distance
sensor.care_6bd7_power	ibeacon	iBeacon Tracker	CARe 6BD7		Power	integration		8063ae90-d8b7-11e6-9598-0800200c9a66_27607_22854_B4:B8:59:46:6B:D7_power
sensor.care_6bd7_signal_strength	ibeacon	iBeacon Tracker	CARe 6BD7		Signal strength	integration		8063ae90-d8b7-11e6-9598-0800200c9a66_27607_22854_B4:B8:59:46:6B:D7_rssi
sensor.care_6bd7_vendor	ibeacon	iBeacon Tracker	CARe 6BD7		Vendor	integration		8063ae90-d8b7-11e6-9598-0800200c9a66_27607_22854_B4:B8:59:46:6B:D7_vendor
sensor.care_6d36_estimated_distance	ibeacon	iBeacon Tracker	CARe 6D36		Estimated distance			8063ae90-d8b7-11e6-9598-0800200c9a66_27958_22842_B4:B8:59:3A:6D:36_estimated_distance
sensor.care_6d36_power	ibeacon	iBeacon Tracker	CARe 6D36		Power	integration		8063ae90-d8b7-11e6-9598-0800200c9a66_27958_22842_B4:B8:59:3A:6D:36_power
sensor.care_6d36_signal_strength	ibeacon	iBeacon Tracker	CARe 6D36		Signal strength	integration		8063ae90-d8b7-11e6-9598-0800200c9a66_27958_22842_B4:B8:59:3A:6D:36_rssi
sensor.care_6d36_vendor	ibeacon	iBeacon Tracker	CARe 6D36		Vendor	integration		8063ae90-d8b7-11e6-9598-0800200c9a66_27958_22842_B4:B8:59:3A:6D:36_vendor
sensor.care_6dfc_estimated_distance	ibeacon	iBeacon Tracker	CARe 6DFC		Estimated distance			8063ae90-d8b7-11e6-9598-0800200c9a66_28156_22796_B4:B8:59:0C:6D:FC_estimated_distance
sensor.care_6dfc_power	ibeacon	iBeacon Tracker	CARe 6DFC		Power	integration		8063ae90-d8b7-11e6-9598-0800200c9a66_28156_22796_B4:B8:59:0C:6D:FC_power
sensor.care_6dfc_signal_strength	ibeacon	iBeacon Tracker	CARe 6DFC		Signal strength	integration		8063ae90-d8b7-11e6-9598-0800200c9a66_28156_22796_B4:B8:59:0C:6D:FC_rssi
sensor.care_6dfc_vendor	ibeacon	iBeacon Tracker	CARe 6DFC		Vendor	integration		8063ae90-d8b7-11e6-9598-0800200c9a66_28156_22796_B4:B8:59:0C:6D:FC_vendor
sensor.care_7fec_estimated_distance	ibeacon	iBeacon Tracker	CARe 7FEC		Estimated distance			8063ae90-d8b7-11e6-9598-0800200c9a66_32748_22796_B4:B8:59:0C:7F:EC_estimated_distance
sensor.care_7fec_power	ibeacon	iBeacon Tracker	CARe 7FEC		Power	integration		8063ae90-d8b7-11e6-9598-0800200c9a66_32748_22796_B4:B8:59:0C:7F:EC_power
sensor.care_7fec_signal_strength	ibeacon	iBeacon Tracker	CARe 7FEC		Signal strength	integration		8063ae90-d8b7-11e6-9598-0800200c9a66_32748_22796_B4:B8:59:0C:7F:EC_rssi
sensor.care_7fec_vendor	ibeacon	iBeacon Tracker	CARe 7FEC		Vendor	integration		8063ae90-d8b7-11e6-9598-0800200c9a66_32748_22796_B4:B8:59:0C:7F:EC_vendor
sensor.care_86ce_estimated_distance	ibeacon	iBeacon Tracker	CARe 86CE		Estimated distance			8063ae90-d8b7-11e6-9598-0800200c9a66_34510_22797_B4:B8:59:0D:86:CE_estimated_distance
sensor.care_86ce_power	ibeacon	iBeacon Tracker	CARe 86CE		Power	integration		8063ae90-d8b7-11e6-9598-0800200c9a66_34510_22797_B4:B8:59:0D:86:CE_power
sensor.care_86ce_signal_strength	ibeacon	iBeacon Tracker	CARe 86CE		Signal strength	integration		8063ae90-d8b7-11e6-9598-0800200c9a66_34510_22797_B4:B8:59:0D:86:CE_rssi
sensor.care_86ce_vendor	ibeacon	iBeacon Tracker	CARe 86CE		Vendor	integration		8063ae90-d8b7-11e6-9598-0800200c9a66_34510_22797_B4:B8:59:0D:86:CE_vendor
sensor.care_9c9b_estimated_distance	ibeacon	iBeacon Tracker	CARe 9C9B		Estimated distance			8063ae90-d8b7-11e6-9598-0800200c9a66_40091_22842_B4:B8:59:3A:9C:9B_estimated_distance
sensor.care_9c9b_power	ibeacon	iBeacon Tracker	CARe 9C9B		Power	integration		8063ae90-d8b7-11e6-9598-0800200c9a66_40091_22842_B4:B8:59:3A:9C:9B_power
sensor.care_9c9b_signal_strength	ibeacon	iBeacon Tracker	CARe 9C9B		Signal strength	integration		8063ae90-d8b7-11e6-9598-0800200c9a66_40091_22842_B4:B8:59:3A:9C:9B_rssi
sensor.care_9c9b_vendor	ibeacon	iBeacon Tracker	CARe 9C9B		Vendor	integration		8063ae90-d8b7-11e6-9598-0800200c9a66_40091_22842_B4:B8:59:3A:9C:9B_vendor
sensor.care_a4d8_estimated_distance	ibeacon	iBeacon Tracker	CARe A4D8		Estimated distance			8063ae90-d8b7-11e6-9598-0800200c9a66_42200_22797_B4:B8:59:0D:A4:D8_estimated_distance
sensor.care_a4d8_power	ibeacon	iBeacon Tracker	CARe A4D8		Power	integration		8063ae90-d8b7-11e6-9598-0800200c9a66_42200_22797_B4:B8:59:0D:A4:D8_power
sensor.care_a4d8_signal_strength	ibeacon	iBeacon Tracker	CARe A4D8		Signal strength	integration		8063ae90-d8b7-11e6-9598-0800200c9a66_42200_22797_B4:B8:59:0D:A4:D8_rssi
sensor.care_a4d8_vendor	ibeacon	iBeacon Tracker	CARe A4D8		Vendor	integration		8063ae90-d8b7-11e6-9598-0800200c9a66_42200_22797_B4:B8:59:0D:A4:D8_vendor
sensor.care_a557_estimated_distance	ibeacon	iBeacon Tracker	DP_2_0_TOVHX334971  A557		Estimated distance			8063ae90-d8b7-11e6-9598-0800200c9a66_42327_22797_B4:B8:59:0D:A5:57_estimated_distance
sensor.care_a557_power	ibeacon	iBeacon Tracker	DP_2_0_TOVHX334971  A557		Power	integration		8063ae90-d8b7-11e6-9598-0800200c9a66_42327_22797_B4:B8:59:0D:A5:57_power
sensor.care_a557_signal_strength	ibeacon	iBeacon Tracker	DP_2_0_TOVHX334971  A557		Signal strength	integration		8063ae90-d8b7-11e6-9598-0800200c9a66_42327_22797_B4:B8:59:0D:A5:57_rssi
sensor.care_a557_vendor	ibeacon	iBeacon Tracker	DP_2_0_TOVHX334971  A557		Vendor	integration		8063ae90-d8b7-11e6-9598-0800200c9a66_42327_22797_B4:B8:59:0D:A5:57_vendor
sensor.care_c75d_estimated_distance	ibeacon	iBeacon Tracker	CARe C75D		Estimated distance			8063ae90-d8b7-11e6-9598-0800200c9a66_51037_22796_B4:B8:59:0C:C7:5D_estimated_distance
sensor.care_c75d_power	ibeacon	iBeacon Tracker	CARe C75D		Power	integration		8063ae90-d8b7-11e6-9598-0800200c9a66_51037_22796_B4:B8:59:0C:C7:5D_power
sensor.care_c75d_signal_strength	ibeacon	iBeacon Tracker	CARe C75D		Signal strength	integration		8063ae90-d8b7-11e6-9598-0800200c9a66_51037_22796_B4:B8:59:0C:C7:5D_rssi
sensor.care_c75d_vendor	ibeacon	iBeacon Tracker	CARe C75D		Vendor	integration		8063ae90-d8b7-11e6-9598-0800200c9a66_51037_22796_B4:B8:59:0C:C7:5D_vendor
sensor.care_c8a0_estimated_distance	ibeacon	iBeacon Tracker	DP_2_0_TOVHX300480  C8A0		Estimated distance			8063ae90-d8b7-11e6-9598-0800200c9a66_51360_22796_B4:B8:59:0C:C8:A0_estimated_distance
sensor.care_c8a0_power	ibeacon	iBeacon Tracker	DP_2_0_TOVHX300480  C8A0		Power	integration		8063ae90-d8b7-11e6-9598-0800200c9a66_51360_22796_B4:B8:59:0C:C8:A0_power
sensor.care_c8a0_signal_strength	ibeacon	iBeacon Tracker	DP_2_0_TOVHX300480  C8A0		Signal strength	integration		8063ae90-d8b7-11e6-9598-0800200c9a66_51360_22796_B4:B8:59:0C:C8:A0_rssi
sensor.care_c8a0_vendor	ibeacon	iBeacon Tracker	DP_2_0_TOVHX300480  C8A0		Vendor	integration		8063ae90-d8b7-11e6-9598-0800200c9a66_51360_22796_B4:B8:59:0C:C8:A0_vendor
sensor.care_cdd4_estimated_distance	ibeacon	iBeacon Tracker	CARe CDD4		Estimated distance			8063ae90-d8b7-11e6-9598-0800200c9a66_52692_22847_B4:B8:59:3F:CD:D4_estimated_distance
sensor.care_cdd4_power	ibeacon	iBeacon Tracker	CARe CDD4		Power	integration		8063ae90-d8b7-11e6-9598-0800200c9a66_52692_22847_B4:B8:59:3F:CD:D4_power
sensor.care_cdd4_signal_strength	ibeacon	iBeacon Tracker	CARe CDD4		Signal strength	integration		8063ae90-d8b7-11e6-9598-0800200c9a66_52692_22847_B4:B8:59:3F:CD:D4_rssi
sensor.care_cdd4_vendor	ibeacon	iBeacon Tracker	CARe CDD4		Vendor	integration		8063ae90-d8b7-11e6-9598-0800200c9a66_52692_22847_B4:B8:59:3F:CD:D4_vendor
sensor.care_d467_estimated_distance	ibeacon	iBeacon Tracker	CARe D467		Estimated distance			8063ae90-d8b7-11e6-9598-0800200c9a66_54375_22788_B4:B8:59:04:D4:67_estimated_distance
sensor.care_d467_power	ibeacon	iBeacon Tracker	CARe D467		Power	integration		8063ae90-d8b7-11e6-9598-0800200c9a66_54375_22788_B4:B8:59:04:D4:67_power
sensor.care_d467_signal_strength	ibeacon	iBeacon Tracker	CARe D467		Signal strength	integration		8063ae90-d8b7-11e6-9598-0800200c9a66_54375_22788_B4:B8:59:04:D4:67_rssi
sensor.care_d467_vendor	ibeacon	iBeacon Tracker	CARe D467		Vendor	integration		8063ae90-d8b7-11e6-9598-0800200c9a66_54375_22788_B4:B8:59:04:D4:67_vendor
sensor.care_d6ce_estimated_distance	ibeacon	iBeacon Tracker	CARe D6CE		Estimated distance			8063ae90-d8b7-11e6-9598-0800200c9a66_54990_22841_B4:B8:59:39:D6:CE_estimated_distance
sensor.care_d6ce_power	ibeacon	iBeacon Tracker	CARe D6CE		Power	integration		8063ae90-d8b7-11e6-9598-0800200c9a66_54990_22841_B4:B8:59:39:D6:CE_power
sensor.care_d6ce_signal_strength	ibeacon	iBeacon Tracker	CARe D6CE		Signal strength	integration		8063ae90-d8b7-11e6-9598-0800200c9a66_54990_22841_B4:B8:59:39:D6:CE_rssi
sensor.care_d6ce_vendor	ibeacon	iBeacon Tracker	CARe D6CE		Vendor	integration		8063ae90-d8b7-11e6-9598-0800200c9a66_54990_22841_B4:B8:59:39:D6:CE_vendor
sensor.care_d910_estimated_distance	ibeacon	iBeacon Tracker	CARe D910		Estimated distance			8063ae90-d8b7-11e6-9598-0800200c9a66_55568_22820_B4:B8:59:24:D9:10_estimated_distance
sensor.care_d910_power	ibeacon	iBeacon Tracker	CARe D910		Power	integration		8063ae90-d8b7-11e6-9598-0800200c9a66_55568_22820_B4:B8:59:24:D9:10_power
sensor.care_d910_signal_strength	ibeacon	iBeacon Tracker	CARe D910		Signal strength	integration		8063ae90-d8b7-11e6-9598-0800200c9a66_55568_22820_B4:B8:59:24:D9:10_rssi
sensor.care_d910_vendor	ibeacon	iBeacon Tracker	CARe D910		Vendor	integration		8063ae90-d8b7-11e6-9598-0800200c9a66_55568_22820_B4:B8:59:24:D9:10_vendor
sensor.care_d9a0_estimated_distance	ibeacon	iBeacon Tracker	CARe D9A0		Estimated distance			8063ae90-d8b7-11e6-9598-0800200c9a66_55712_22793_B4:B8:59:09:D9:A0_estimated_distance
sensor.care_d9a0_power	ibeacon	iBeacon Tracker	CARe D9A0		Power	integration		8063ae90-d8b7-11e6-9598-0800200c9a66_55712_22793_B4:B8:59:09:D9:A0_power
sensor.care_d9a0_signal_strength	ibeacon	iBeacon Tracker	CARe D9A0		Signal strength	integration		8063ae90-d8b7-11e6-9598-0800200c9a66_55712_22793_B4:B8:59:09:D9:A0_rssi
sensor.care_d9a0_vendor	ibeacon	iBeacon Tracker	CARe D9A0		Vendor	integration		8063ae90-d8b7-11e6-9598-0800200c9a66_55712_22793_B4:B8:59:09:D9:A0_vendor
sensor.care_e8b7_estimated_distance	ibeacon	iBeacon Tracker	CARe E8B7		Estimated distance			8063ae90-d8b7-11e6-9598-0800200c9a66_59575_22844_B4:B8:59:3C:E8:B7_estimated_distance
sensor.care_e8b7_power	ibeacon	iBeacon Tracker	CARe E8B7		Power	integration		8063ae90-d8b7-11e6-9598-0800200c9a66_59575_22844_B4:B8:59:3C:E8:B7_power
sensor.care_e8b7_signal_strength	ibeacon	iBeacon Tracker	CARe E8B7		Signal strength	integration		8063ae90-d8b7-11e6-9598-0800200c9a66_59575_22844_B4:B8:59:3C:E8:B7_rssi
sensor.care_e8b7_vendor	ibeacon	iBeacon Tracker	CARe E8B7		Vendor	integration		8063ae90-d8b7-11e6-9598-0800200c9a66_59575_22844_B4:B8:59:3C:E8:B7_vendor
sensor.care_eb38_estimated_distance	ibeacon	iBeacon Tracker	CARe EB38		Estimated distance			8063ae90-d8b7-11e6-9598-0800200c9a66_60216_22805_B4:B8:59:15:EB:38_estimated_distance
sensor.care_eb38_power	ibeacon	iBeacon Tracker	CARe EB38		Power	integration		8063ae90-d8b7-11e6-9598-0800200c9a66_60216_22805_B4:B8:59:15:EB:38_power
sensor.care_eb38_signal_strength	ibeacon	iBeacon Tracker	CARe EB38		Signal strength	integration		8063ae90-d8b7-11e6-9598-0800200c9a66_60216_22805_B4:B8:59:15:EB:38_rssi
sensor.care_eb38_vendor	ibeacon	iBeacon Tracker	CARe EB38		Vendor	integration		8063ae90-d8b7-11e6-9598-0800200c9a66_60216_22805_B4:B8:59:15:EB:38_vendor
sensor.care_efaf_estimated_distance	ibeacon	iBeacon Tracker	CARe EFAF		Estimated distance			8063ae90-d8b7-11e6-9598-0800200c9a66_61359_22820_B4:B8:59:24:EF:AF_estimated_distance
sensor.care_efaf_power	ibeacon	iBeacon Tracker	CARe EFAF		Power	integration		8063ae90-d8b7-11e6-9598-0800200c9a66_61359_22820_B4:B8:59:24:EF:AF_power
sensor.care_efaf_signal_strength	ibeacon	iBeacon Tracker	CARe EFAF		Signal strength	integration		8063ae90-d8b7-11e6-9598-0800200c9a66_61359_22820_B4:B8:59:24:EF:AF_rssi
sensor.care_efaf_vendor	ibeacon	iBeacon Tracker	CARe EFAF		Vendor	integration		8063ae90-d8b7-11e6-9598-0800200c9a66_61359_22820_B4:B8:59:24:EF:AF_vendor
sensor.care_f65e_estimated_distance	ibeacon	iBeacon Tracker	CARe F65E		Estimated distance			8063ae90-d8b7-11e6-9598-0800200c9a66_63070_22789_B4:B8:59:05:F6:5E_estimated_distance
sensor.care_f65e_power	ibeacon	iBeacon Tracker	CARe F65E		Power	integration		8063ae90-d8b7-11e6-9598-0800200c9a66_63070_22789_B4:B8:59:05:F6:5E_power
sensor.care_f65e_signal_strength	ibeacon	iBeacon Tracker	CARe F65E		Signal strength	integration		8063ae90-d8b7-11e6-9598-0800200c9a66_63070_22789_B4:B8:59:05:F6:5E_rssi
sensor.care_f65e_vendor	ibeacon	iBeacon Tracker	CARe F65E		Vendor	integration		8063ae90-d8b7-11e6-9598-0800200c9a66_63070_22789_B4:B8:59:05:F6:5E_vendor
sensor.cas6c3e0m6sf607534_7dd7_estimated_distance	ibeacon	iBeacon Tracker	CAS6C3E0M6SF607534 7DD7		Estimated distance			9f6f7f2b-0809-2ef0-6773-a383936308c7_1_2_00:60:37:78:7D:D7_estimated_distance
sensor.cas6c3e0m6sf607534_7dd7_estimated_distance_2	ibeacon	iBeacon Tracker	CAS6C3E0M6SF607534 7DD7		Estimated distance			2bb47b38-4bc1-99ac-5bac-53ea54600cb0_1_2_00:60:37:78:7D:D7_estimated_distance
sensor.cas6c3e0m6sf607534_7dd7_power	ibeacon	iBeacon Tracker	CAS6C3E0M6SF607534 7DD7		Power	integration		9f6f7f2b-0809-2ef0-6773-a383936308c7_1_2_00:60:37:78:7D:D7_power
sensor.cas6c3e0m6sf607534_7dd7_power_2	ibeacon	iBeacon Tracker	CAS6C3E0M6SF607534 7DD7		Power	integration		2bb47b38-4bc1-99ac-5bac-53ea54600cb0_1_2_00:60:37:78:7D:D7_power
sensor.cas6c3e0m6sf607534_7dd7_signal_strength	ibeacon	iBeacon Tracker	CAS6C3E0M6SF607534 7DD7		Signal strength	integration		9f6f7f2b-0809-2ef0-6773-a383936308c7_1_2_00:60:37:78:7D:D7_rssi
sensor.cas6c3e0m6sf607534_7dd7_signal_strength_2	ibeacon	iBeacon Tracker	CAS6C3E0M6SF607534 7DD7		Signal strength	integration		2bb47b38-4bc1-99ac-5bac-53ea54600cb0_1_2_00:60:37:78:7D:D7_rssi
sensor.cas6c3e0m6sf607534_7dd7_vendor	ibeacon	iBeacon Tracker	CAS6C3E0M6SF607534 7DD7		Vendor	integration		9f6f7f2b-0809-2ef0-6773-a383936308c7_1_2_00:60:37:78:7D:D7_vendor
sensor.cas6c3e0m6sf607534_7dd7_vendor_2	ibeacon	iBeacon Tracker	CAS6C3E0M6SF607534 7DD7		Vendor	integration		2bb47b38-4bc1-99ac-5bac-53ea54600cb0_1_2_00:60:37:78:7D:D7_vendor
sensor.cert_expiry_timestamp_192_168_179_41_8123	cert_expiry	192.168.179.41:8123	192.168.179.41:8123		Cert expiry			192.168.179.41:8123-timestamp
sensor.cloudflared_cpu_percent	hassio	Supervisor	Cloudflared		CPU percent	integration		9074a9fa_cloudflared_cpu_percent
sensor.cloudflared_memory_percent	hassio	Supervisor	Cloudflared		Memory percent	integration		9074a9fa_cloudflared_memory_percent
sensor.cloudflared_newest_version	hassio	Supervisor	Cloudflared		Newest version	integration		9074a9fa_cloudflared_version_latest
sensor.cloudflared_version	hassio	Supervisor	Cloudflared		Version	integration		9074a9fa_cloudflared_version
sensor.coats_battery	hue	Hue Bridge 0017882791a0	Coats	Hallway	Battery			818b0dc5-1e23-41c6-b455-50c8f4cfb310
sensor.coats_illuminance	hue	Hue Bridge 0017882791a0	Coats	Coats	Illuminance			5ea49e2a-55fa-497e-8266-4dca534b18b5
sensor.coats_light_level	hue	Hue Bridge 0017882791a0	Coats	Hallway	Illuminance			4b473d2e-c819-41da-bf57-1abe2cbeff56
sensor.coats_temperature	hue	Hue Bridge 0017882791a0	Coats	Hallway	Temperature			72079f56-5469-4973-85f6-812e27e501f7
sensor.coats_zigbee_connectivity	hue	Hue Bridge 0017882791a0	Coats	Hallway	Zigbee connectivity	integration		d8de33e9-b138-437d-9a08-e94ad16a1fa6
sensor.coats_zigbee_connectivity_2	hue	Hue Bridge 0017882791a0	Coats	Hallway	Zigbee connectivity	integration		6e69e53c-94ac-45a1-bfe2-677c61edca53
sensor.consumed_kilocalories	garmin_connect	tongaimaramba@gmail.com	Garmin Connect	Home General	Consumed KiloCalories	integration		tongaimaramba@gmail.com_consumedKilocalories
sensor.daily_step_goal	garmin_connect	tongaimaramba@gmail.com	Garmin Connect	Home General	Daily Step Goal			tongaimaramba@gmail.com_dailyStepGoal
sensor.domane	places	Domane			domane			39f987824bcbeb5fb52c6298b39f17ed
sensor.domane_2	garmin_connect	tongaimaramba@gmail.com	Garmin Connect	Home General	Domane			tongaimaramba@gmail.com_4c2da3c5b9db494fae4ac75c9998f3db
sensor.domane_phone	template	domane-phone			domane-phone			beb242e4857e47fcd043cbcadff46069
sensor.doorstep_presence_car_sensor	esphome	doorstep presence	study presence	Study	Car Sensor			58:BF:25:D7:20:71-sensor-car_sensor
sensor.doorstep_presence_person_sensor	esphome	doorstep presence	study presence	Study	Person Sensor			58:BF:25:D7:20:71-sensor-person_sensor
sensor.downlights_current_consumption	lightwave2	tongaimaramba@gmail.com	Isla Spotlights	Isla	Downlights Current Consumption			5d17143ac42a3075031ca5a8-5d1d1601c42a3075031cca4c_power
sensor.downlights_total_consumption	lightwave2	tongaimaramba@gmail.com	Isla Spotlights	Isla	Downlights Total Consumption			5d17143ac42a3075031ca5a8-5d1d1601c42a3075031cca4c_energy
sensor.downstairs_humidity	nest	Configuration.yaml	Downstairs	Dining Area	Humidity			enterprises/e949facd-de30-4290-be28-6de353666a4d/devices/AVPHwEssTDR9_ygVmYN2oKqxXtb6OYTKDwdqgAwF9Jirs8_-jSngTrVJlyz2phYOiCOuGLTtQoRsow5PsHp-LL54nxvUrA-humidity
sensor.downstairs_humidity_2	nest	Configuration.yaml	Downstairs	Downstairs	Humidity			enterprises/e949facd-de30-4290-be28-6de353666a4d/devices/AVPHwEsiSLe_vNJ-rAO1ZeTpGVRRFj5u3bFhvjeONfWuBHyMmZFksynhdHuN9iYJDSdh8TSd4Fe941zBTzuToT74e4CkNA-humidity
sensor.downstairs_temperature	nest	Configuration.yaml	Downstairs	Dining Area	Temperature			enterprises/e949facd-de30-4290-be28-6de353666a4d/devices/AVPHwEssTDR9_ygVmYN2oKqxXtb6OYTKDwdqgAwF9Jirs8_-jSngTrVJlyz2phYOiCOuGLTtQoRsow5PsHp-LL54nxvUrA-temperature
sensor.downstairs_temperature_2	nest	Configuration.yaml	Downstairs	Downstairs	Temperature			enterprises/e949facd-de30-4290-be28-6de353666a4d/devices/AVPHwEsiSLe_vNJ-rAO1ZeTpGVRRFj5u3bFhvjeONfWuBHyMmZFksynhdHuN9iYJDSdh8TSd4Fe941zBTzuToT74e4CkNA-temperature
sensor.dp_2_0_tovht067072_f26b_estimated_distance	ibeacon	iBeacon Tracker	DP_2_0_TOVHT067072  F26B		Estimated distance			8063ae90-d8b7-11e6-9598-0800200c9a66_62059_22787_B4:B8:59:03:F2:6B_estimated_distance
sensor.dp_2_0_tovht067072_f26b_power	ibeacon	iBeacon Tracker	DP_2_0_TOVHT067072  F26B		Power	integration		8063ae90-d8b7-11e6-9598-0800200c9a66_62059_22787_B4:B8:59:03:F2:6B_power
sensor.dp_2_0_tovht067072_f26b_signal_strength	ibeacon	iBeacon Tracker	DP_2_0_TOVHT067072  F26B		Signal strength	integration		8063ae90-d8b7-11e6-9598-0800200c9a66_62059_22787_B4:B8:59:03:F2:6B_rssi
sensor.dp_2_0_tovht067072_f26b_vendor	ibeacon	iBeacon Tracker	DP_2_0_TOVHT067072  F26B		Vendor	integration		8063ae90-d8b7-11e6-9598-0800200c9a66_62059_22787_B4:B8:59:03:F2:6B_vendor
sensor.dp_2_0_tovhx094489_5d30_estimated_distance	ibeacon	iBeacon Tracker	DP_2_0_TOVHX094489  5D30		Estimated distance			8063ae90-d8b7-11e6-9598-0800200c9a66_23856_22791_B4:B8:59:07:5D:30_estimated_distance
sensor.dp_2_0_tovhx094489_5d30_power	ibeacon	iBeacon Tracker	DP_2_0_TOVHX094489  5D30		Power	integration		8063ae90-d8b7-11e6-9598-0800200c9a66_23856_22791_B4:B8:59:07:5D:30_power
sensor.dp_2_0_tovhx094489_5d30_signal_strength	ibeacon	iBeacon Tracker	DP_2_0_TOVHX094489  5D30		Signal strength	integration		8063ae90-d8b7-11e6-9598-0800200c9a66_23856_22791_B4:B8:59:07:5D:30_rssi
sensor.dp_2_0_tovhx094489_5d30_vendor	ibeacon	iBeacon Tracker	DP_2_0_TOVHX094489  5D30		Vendor	integration		8063ae90-d8b7-11e6-9598-0800200c9a66_23856_22791_B4:B8:59:07:5D:30_vendor
sensor.dp_2_0_tovhx288267_83e7_estimated_distance	ibeacon	iBeacon Tracker	DP_2_0_TOVHX288267  83E7		Estimated distance			8063ae90-d8b7-11e6-9598-0800200c9a66_33767_22796_B4:B8:59:0C:83:E7_estimated_distance
sensor.dp_2_0_tovhx288267_83e7_power	ibeacon	iBeacon Tracker	DP_2_0_TOVHX288267  83E7		Power	integration		8063ae90-d8b7-11e6-9598-0800200c9a66_33767_22796_B4:B8:59:0C:83:E7_power
sensor.dp_2_0_tovhx288267_83e7_signal_strength	ibeacon	iBeacon Tracker	DP_2_0_TOVHX288267  83E7		Signal strength	integration		8063ae90-d8b7-11e6-9598-0800200c9a66_33767_22796_B4:B8:59:0C:83:E7_rssi
sensor.dp_2_0_tovhx288267_83e7_vendor	ibeacon	iBeacon Tracker	DP_2_0_TOVHX288267  83E7		Vendor	integration		8063ae90-d8b7-11e6-9598-0800200c9a66_33767_22796_B4:B8:59:0C:83:E7_vendor
sensor.dp_2_0_tovhx325558_6dd7_estimated_distance	ibeacon	iBeacon Tracker	DP_2_0_TOVHX325558  6DD7		Estimated distance			8063ae90-d8b7-11e6-9598-0800200c9a66_28119_22797_B4:B8:59:0D:6D:D7_estimated_distance
sensor.dp_2_0_tovhx325558_6dd7_power	ibeacon	iBeacon Tracker	DP_2_0_TOVHX325558  6DD7		Power	integration		8063ae90-d8b7-11e6-9598-0800200c9a66_28119_22797_B4:B8:59:0D:6D:D7_power
sensor.dp_2_0_tovhx325558_6dd7_signal_strength	ibeacon	iBeacon Tracker	DP_2_0_TOVHX325558  6DD7		Signal strength	integration		8063ae90-d8b7-11e6-9598-0800200c9a66_28119_22797_B4:B8:59:0D:6D:D7_rssi
sensor.dp_2_0_tovhx325558_6dd7_vendor	ibeacon	iBeacon Tracker	DP_2_0_TOVHX325558  6DD7		Vendor	integration		8063ae90-d8b7-11e6-9598-0800200c9a66_28119_22797_B4:B8:59:0D:6D:D7_vendor
sensor.dp_2_0_tovjt076630_a46b_estimated_distance	ibeacon	iBeacon Tracker	CARe A46B		Estimated distance			8063ae90-d8b7-11e6-9598-0800200c9a66_42091_22804_B4:B8:59:14:A4:6B_estimated_distance
sensor.dp_2_0_tovjt076630_a46b_power	ibeacon	iBeacon Tracker	CARe A46B		Power	integration		8063ae90-d8b7-11e6-9598-0800200c9a66_42091_22804_B4:B8:59:14:A4:6B_power
sensor.dp_2_0_tovjt076630_a46b_signal_strength	ibeacon	iBeacon Tracker	CARe A46B		Signal strength	integration		8063ae90-d8b7-11e6-9598-0800200c9a66_42091_22804_B4:B8:59:14:A4:6B_rssi
sensor.dp_2_0_tovjt076630_a46b_vendor	ibeacon	iBeacon Tracker	CARe A46B		Vendor	integration		8063ae90-d8b7-11e6-9598-0800200c9a66_42091_22804_B4:B8:59:14:A4:6B_vendor
sensor.dp_2_0_tovjt101970_9b35_estimated_distance	ibeacon	iBeacon Tracker	CARe 9B35		Estimated distance			8063ae90-d8b7-11e6-9598-0800200c9a66_39733_22806_B4:B8:59:16:9B:35_estimated_distance
sensor.dp_2_0_tovjt101970_9b35_power	ibeacon	iBeacon Tracker	CARe 9B35		Power	integration		8063ae90-d8b7-11e6-9598-0800200c9a66_39733_22806_B4:B8:59:16:9B:35_power
sensor.dp_2_0_tovjt101970_9b35_signal_strength	ibeacon	iBeacon Tracker	CARe 9B35		Signal strength	integration		8063ae90-d8b7-11e6-9598-0800200c9a66_39733_22806_B4:B8:59:16:9B:35_rssi
sensor.dp_2_0_tovjt101970_9b35_vendor	ibeacon	iBeacon Tracker	CARe 9B35		Vendor	integration		8063ae90-d8b7-11e6-9598-0800200c9a66_39733_22806_B4:B8:59:16:9B:35_vendor
sensor.dp_2_0_tovjt229263_a4a4_estimated_distance	ibeacon	iBeacon Tracker	CARe A4A4		Estimated distance			8063ae90-d8b7-11e6-9598-0800200c9a66_42148_22812_B4:B8:59:1C:A4:A4_estimated_distance
sensor.dp_2_0_tovjt229263_a4a4_power	ibeacon	iBeacon Tracker	CARe A4A4		Power	integration		8063ae90-d8b7-11e6-9598-0800200c9a66_42148_22812_B4:B8:59:1C:A4:A4_power
sensor.dp_2_0_tovjt229263_a4a4_signal_strength	ibeacon	iBeacon Tracker	CARe A4A4		Signal strength	integration		8063ae90-d8b7-11e6-9598-0800200c9a66_42148_22812_B4:B8:59:1C:A4:A4_rssi
sensor.dp_2_0_tovjt229263_a4a4_vendor	ibeacon	iBeacon Tracker	CARe A4A4		Vendor	integration		8063ae90-d8b7-11e6-9598-0800200c9a66_42148_22812_B4:B8:59:1C:A4:A4_vendor
sensor.dp_2_0_tovjx011750_50f2_estimated_distance	ibeacon	iBeacon Tracker	DP_2_0_TOVJX011750  50F2		Estimated distance			8063ae90-d8b7-11e6-9598-0800200c9a66_20722_22798_B4:B8:59:0E:50:F2_estimated_distance
sensor.dp_2_0_tovjx011750_50f2_power	ibeacon	iBeacon Tracker	DP_2_0_TOVJX011750  50F2		Power	integration		8063ae90-d8b7-11e6-9598-0800200c9a66_20722_22798_B4:B8:59:0E:50:F2_power
sensor.dp_2_0_tovjx011750_50f2_signal_strength	ibeacon	iBeacon Tracker	DP_2_0_TOVJX011750  50F2		Signal strength	integration		8063ae90-d8b7-11e6-9598-0800200c9a66_20722_22798_B4:B8:59:0E:50:F2_rssi
sensor.dp_2_0_tovjx011750_50f2_vendor	ibeacon	iBeacon Tracker	DP_2_0_TOVJX011750  50F2		Vendor	integration		8063ae90-d8b7-11e6-9598-0800200c9a66_20722_22798_B4:B8:59:0E:50:F2_vendor
sensor.dp_2_0_tovjx036112_d8f5_estimated_distance	ibeacon	iBeacon Tracker	CARe D8F5		Estimated distance			8063ae90-d8b7-11e6-9598-0800200c9a66_55541_22798_B4:B8:59:0E:D8:F5_estimated_distance
sensor.dp_2_0_tovjx036112_d8f5_power	ibeacon	iBeacon Tracker	CARe D8F5		Power	integration		8063ae90-d8b7-11e6-9598-0800200c9a66_55541_22798_B4:B8:59:0E:D8:F5_power
sensor.dp_2_0_tovjx036112_d8f5_signal_strength	ibeacon	iBeacon Tracker	CARe D8F5		Signal strength	integration		8063ae90-d8b7-11e6-9598-0800200c9a66_55541_22798_B4:B8:59:0E:D8:F5_rssi
sensor.dp_2_0_tovjx036112_d8f5_vendor	ibeacon	iBeacon Tracker	CARe D8F5		Vendor	integration		8063ae90-d8b7-11e6-9598-0800200c9a66_55541_22798_B4:B8:59:0E:D8:F5_vendor
sensor.dp_2_0_tovjx136320_1142_estimated_distance	ibeacon	iBeacon Tracker	CARe 1142		Estimated distance			8063ae90-d8b7-11e6-9598-0800200c9a66_4418_22801_B4:B8:59:11:11:42_estimated_distance
sensor.dp_2_0_tovjx136320_1142_power	ibeacon	iBeacon Tracker	CARe 1142		Power	integration		8063ae90-d8b7-11e6-9598-0800200c9a66_4418_22801_B4:B8:59:11:11:42_power
sensor.dp_2_0_tovjx136320_1142_signal_strength	ibeacon	iBeacon Tracker	CARe 1142		Signal strength	integration		8063ae90-d8b7-11e6-9598-0800200c9a66_4418_22801_B4:B8:59:11:11:42_rssi
sensor.dp_2_0_tovjx136320_1142_vendor	ibeacon	iBeacon Tracker	CARe 1142		Vendor	integration		8063ae90-d8b7-11e6-9598-0800200c9a66_4418_22801_B4:B8:59:11:11:42_vendor
sensor.dp_2_0_tovjx137228_18c2_estimated_distance	ibeacon	iBeacon Tracker	DP_2_0_TOVJX137228  18C2		Estimated distance			8063ae90-d8b7-11e6-9598-0800200c9a66_6338_22801_B4:B8:59:11:18:C2_estimated_distance
sensor.dp_2_0_tovjx137228_18c2_power	ibeacon	iBeacon Tracker	DP_2_0_TOVJX137228  18C2		Power	integration		8063ae90-d8b7-11e6-9598-0800200c9a66_6338_22801_B4:B8:59:11:18:C2_power
sensor.dp_2_0_tovjx137228_18c2_signal_strength	ibeacon	iBeacon Tracker	DP_2_0_TOVJX137228  18C2		Signal strength	integration		8063ae90-d8b7-11e6-9598-0800200c9a66_6338_22801_B4:B8:59:11:18:C2_rssi
sensor.dp_2_0_tovjx137228_18c2_vendor	ibeacon	iBeacon Tracker	DP_2_0_TOVJX137228  18C2		Vendor	integration		8063ae90-d8b7-11e6-9598-0800200c9a66_6338_22801_B4:B8:59:11:18:C2_vendor
sensor.dp_2_0_tovjx207599_a517_estimated_distance	ibeacon	iBeacon Tracker	DP_2_0_TOVJX207599  A517		Estimated distance			8063ae90-d8b7-11e6-9598-0800200c9a66_42263_22802_B4:B8:59:12:A5:17_estimated_distance
sensor.dp_2_0_tovjx207599_a517_power	ibeacon	iBeacon Tracker	DP_2_0_TOVJX207599  A517		Power	integration		8063ae90-d8b7-11e6-9598-0800200c9a66_42263_22802_B4:B8:59:12:A5:17_power
sensor.dp_2_0_tovjx207599_a517_signal_strength	ibeacon	iBeacon Tracker	DP_2_0_TOVJX207599  A517		Signal strength	integration		8063ae90-d8b7-11e6-9598-0800200c9a66_42263_22802_B4:B8:59:12:A5:17_rssi
sensor.dp_2_0_tovjx207599_a517_vendor	ibeacon	iBeacon Tracker	DP_2_0_TOVJX207599  A517		Vendor	integration		8063ae90-d8b7-11e6-9598-0800200c9a66_42263_22802_B4:B8:59:12:A5:17_vendor
sensor.dp_2_0_tovjx211516_b64c_estimated_distance	ibeacon	iBeacon Tracker	DP_2_0_TOVJX211516  B64C		Estimated distance			8063ae90-d8b7-11e6-9598-0800200c9a66_46668_22802_B4:B8:59:12:B6:4C_estimated_distance
sensor.dp_2_0_tovjx211516_b64c_power	ibeacon	iBeacon Tracker	DP_2_0_TOVJX211516  B64C		Power	integration		8063ae90-d8b7-11e6-9598-0800200c9a66_46668_22802_B4:B8:59:12:B6:4C_power
sensor.dp_2_0_tovjx211516_b64c_signal_strength	ibeacon	iBeacon Tracker	DP_2_0_TOVJX211516  B64C		Signal strength	integration		8063ae90-d8b7-11e6-9598-0800200c9a66_46668_22802_B4:B8:59:12:B6:4C_rssi
sensor.dp_2_0_tovjx211516_b64c_vendor	ibeacon	iBeacon Tracker	DP_2_0_TOVJX211516  B64C		Vendor	integration		8063ae90-d8b7-11e6-9598-0800200c9a66_46668_22802_B4:B8:59:12:B6:4C_vendor
sensor.dp_2_0_tovjx330290_f8c1_estimated_distance	ibeacon	iBeacon Tracker	DP_2_0_TOVJX330290  F8C1		Estimated distance			8063ae90-d8b7-11e6-9598-0800200c9a66_63681_22805_B4:B8:59:15:F8:C1_estimated_distance
sensor.dp_2_0_tovjx330290_f8c1_power	ibeacon	iBeacon Tracker	DP_2_0_TOVJX330290  F8C1		Power	integration		8063ae90-d8b7-11e6-9598-0800200c9a66_63681_22805_B4:B8:59:15:F8:C1_power
sensor.dp_2_0_tovjx330290_f8c1_signal_strength	ibeacon	iBeacon Tracker	DP_2_0_TOVJX330290  F8C1		Signal strength	integration		8063ae90-d8b7-11e6-9598-0800200c9a66_63681_22805_B4:B8:59:15:F8:C1_rssi
sensor.dp_2_0_tovjx330290_f8c1_vendor	ibeacon	iBeacon Tracker	DP_2_0_TOVJX330290  F8C1		Vendor	integration		8063ae90-d8b7-11e6-9598-0800200c9a66_63681_22805_B4:B8:59:15:F8:C1_vendor
sensor.dp_2_0_tovjx359186_b2bf_estimated_distance	ibeacon	iBeacon Tracker	CARe B2BF		Estimated distance			8063ae90-d8b7-11e6-9598-0800200c9a66_45759_22806_B4:B8:59:16:B2:BF_estimated_distance
sensor.dp_2_0_tovjx359186_b2bf_power	ibeacon	iBeacon Tracker	CARe B2BF		Power	integration		8063ae90-d8b7-11e6-9598-0800200c9a66_45759_22806_B4:B8:59:16:B2:BF_power
sensor.dp_2_0_tovjx359186_b2bf_signal_strength	ibeacon	iBeacon Tracker	CARe B2BF		Signal strength	integration		8063ae90-d8b7-11e6-9598-0800200c9a66_45759_22806_B4:B8:59:16:B2:BF_rssi
sensor.dp_2_0_tovjx359186_b2bf_vendor	ibeacon	iBeacon Tracker	CARe B2BF		Vendor	integration		8063ae90-d8b7-11e6-9598-0800200c9a66_45759_22806_B4:B8:59:16:B2:BF_vendor
sensor.dp_2_0_tovjx365218_db35_estimated_distance	ibeacon	iBeacon Tracker	DP_2_0_TOVJX365218  DB35		Estimated distance			8063ae90-d8b7-11e6-9598-0800200c9a66_56117_22806_B4:B8:59:16:DB:35_estimated_distance
sensor.dp_2_0_tovjx365218_db35_power	ibeacon	iBeacon Tracker	DP_2_0_TOVJX365218  DB35		Power	integration		8063ae90-d8b7-11e6-9598-0800200c9a66_56117_22806_B4:B8:59:16:DB:35_power
sensor.dp_2_0_tovjx365218_db35_signal_strength	ibeacon	iBeacon Tracker	DP_2_0_TOVJX365218  DB35		Signal strength	integration		8063ae90-d8b7-11e6-9598-0800200c9a66_56117_22806_B4:B8:59:16:DB:35_rssi
sensor.dp_2_0_tovjx365218_db35_vendor	ibeacon	iBeacon Tracker	DP_2_0_TOVJX365218  DB35		Vendor	integration		8063ae90-d8b7-11e6-9598-0800200c9a66_56117_22806_B4:B8:59:16:DB:35_vendor
sensor.dp_2_1_togjy034638_bd61_estimated_distance	ibeacon	iBeacon Tracker	DP_2_1_TOGJY034638  BD61		Estimated distance			8063ae90-d8b7-11e6-9598-0800200c9a66_48481_22815_B4:B8:59:1F:BD:61_estimated_distance
sensor.dp_2_1_togjy034638_bd61_power	ibeacon	iBeacon Tracker	DP_2_1_TOGJY034638  BD61		Power	integration		8063ae90-d8b7-11e6-9598-0800200c9a66_48481_22815_B4:B8:59:1F:BD:61_power
sensor.dp_2_1_togjy034638_bd61_signal_strength	ibeacon	iBeacon Tracker	DP_2_1_TOGJY034638  BD61		Signal strength	integration		8063ae90-d8b7-11e6-9598-0800200c9a66_48481_22815_B4:B8:59:1F:BD:61_rssi
sensor.dp_2_1_togjy034638_bd61_vendor	ibeacon	iBeacon Tracker	DP_2_1_TOGJY034638  BD61		Vendor	integration		8063ae90-d8b7-11e6-9598-0800200c9a66_48481_22815_B4:B8:59:1F:BD:61_vendor
sensor.dp_2_1_togkx173498_4dc7_estimated_distance	ibeacon	iBeacon Tracker	CARe 4DC7		Estimated distance			8063ae90-d8b7-11e6-9598-0800200c9a66_19911_22822_B4:B8:59:26:4D:C7_estimated_distance
sensor.dp_2_1_togkx173498_4dc7_power	ibeacon	iBeacon Tracker	CARe 4DC7		Power	integration		8063ae90-d8b7-11e6-9598-0800200c9a66_19911_22822_B4:B8:59:26:4D:C7_power
sensor.dp_2_1_togkx173498_4dc7_signal_strength	ibeacon	iBeacon Tracker	CARe 4DC7		Signal strength	integration		8063ae90-d8b7-11e6-9598-0800200c9a66_19911_22822_B4:B8:59:26:4D:C7_rssi
sensor.dp_2_1_togkx173498_4dc7_vendor	ibeacon	iBeacon Tracker	CARe 4DC7		Vendor	integration		8063ae90-d8b7-11e6-9598-0800200c9a66_19911_22822_B4:B8:59:26:4D:C7_vendor
sensor.dp_2_1_togkx230125_4054_estimated_distance	ibeacon	iBeacon Tracker	CARe 4054		Estimated distance			8063ae90-d8b7-11e6-9598-0800200c9a66_16468_22825_B4:B8:59:29:40:54_estimated_distance
sensor.dp_2_1_togkx230125_4054_power	ibeacon	iBeacon Tracker	CARe 4054		Power	integration		8063ae90-d8b7-11e6-9598-0800200c9a66_16468_22825_B4:B8:59:29:40:54_power
sensor.dp_2_1_togkx230125_4054_signal_strength	ibeacon	iBeacon Tracker	CARe 4054		Signal strength	integration		8063ae90-d8b7-11e6-9598-0800200c9a66_16468_22825_B4:B8:59:29:40:54_rssi
sensor.dp_2_1_togkx230125_4054_vendor	ibeacon	iBeacon Tracker	CARe 4054		Vendor	integration		8063ae90-d8b7-11e6-9598-0800200c9a66_16468_22825_B4:B8:59:29:40:54_vendor
sensor.dp_2_1_togkx405536_4902_estimated_distance	ibeacon	iBeacon Tracker	DP_2_1_TOGKX405536  4902		Estimated distance			8063ae90-d8b7-11e6-9598-0800200c9a66_18690_22831_B4:B8:59:2F:49:02_estimated_distance
sensor.dp_2_1_togkx405536_4902_power	ibeacon	iBeacon Tracker	DP_2_1_TOGKX405536  4902		Power	integration		8063ae90-d8b7-11e6-9598-0800200c9a66_18690_22831_B4:B8:59:2F:49:02_power
sensor.dp_2_1_togkx405536_4902_signal_strength	ibeacon	iBeacon Tracker	DP_2_1_TOGKX405536  4902		Signal strength	integration		8063ae90-d8b7-11e6-9598-0800200c9a66_18690_22831_B4:B8:59:2F:49:02_rssi
sensor.dp_2_1_togkx405536_4902_vendor	ibeacon	iBeacon Tracker	DP_2_1_TOGKX405536  4902		Vendor	integration		8063ae90-d8b7-11e6-9598-0800200c9a66_18690_22831_B4:B8:59:2F:49:02_vendor
sensor.dp_2_1_toglx018004_f9f4_estimated_distance	ibeacon	iBeacon Tracker	DP_2_1_TOGLX018004  F9F4		Estimated distance			8063ae90-d8b7-11e6-9598-0800200c9a66_63988_22831_B4:B8:59:2F:F9:F4_estimated_distance
sensor.dp_2_1_toglx018004_f9f4_power	ibeacon	iBeacon Tracker	DP_2_1_TOGLX018004  F9F4		Power	integration		8063ae90-d8b7-11e6-9598-0800200c9a66_63988_22831_B4:B8:59:2F:F9:F4_power
sensor.dp_2_1_toglx018004_f9f4_signal_strength	ibeacon	iBeacon Tracker	DP_2_1_TOGLX018004  F9F4		Signal strength	integration		8063ae90-d8b7-11e6-9598-0800200c9a66_63988_22831_B4:B8:59:2F:F9:F4_rssi
sensor.dp_2_1_toglx018004_f9f4_vendor	ibeacon	iBeacon Tracker	DP_2_1_TOGLX018004  F9F4		Vendor	integration		8063ae90-d8b7-11e6-9598-0800200c9a66_63988_22831_B4:B8:59:2F:F9:F4_vendor
sensor.dp_2_1_tormx054934_63bd_estimated_distance	ibeacon	iBeacon Tracker	DP_2_1_TORMX054934  63BD		Estimated distance			8063ae90-d8b7-11e6-9598-0800200c9a66_25533_22841_B4:B8:59:39:63:BD_estimated_distance
sensor.dp_2_1_tormx054934_63bd_power	ibeacon	iBeacon Tracker	DP_2_1_TORMX054934  63BD		Power	integration		8063ae90-d8b7-11e6-9598-0800200c9a66_25533_22841_B4:B8:59:39:63:BD_power
sensor.dp_2_1_tormx054934_63bd_signal_strength	ibeacon	iBeacon Tracker	DP_2_1_TORMX054934  63BD		Signal strength	integration		8063ae90-d8b7-11e6-9598-0800200c9a66_25533_22841_B4:B8:59:39:63:BD_rssi
sensor.dp_2_1_tormx054934_63bd_vendor	ibeacon	iBeacon Tracker	DP_2_1_TORMX054934  63BD		Vendor	integration		8063ae90-d8b7-11e6-9598-0800200c9a66_25533_22841_B4:B8:59:39:63:BD_vendor
sensor.dp_2_1_tormx058557_ea3c_estimated_distance	ibeacon	iBeacon Tracker	DP_2_1_TORMX058557  EA3C		Estimated distance			8063ae90-d8b7-11e6-9598-0800200c9a66_59964_22841_B4:B8:59:39:EA:3C_estimated_distance
sensor.dp_2_1_tormx058557_ea3c_power	ibeacon	iBeacon Tracker	DP_2_1_TORMX058557  EA3C		Power	integration		8063ae90-d8b7-11e6-9598-0800200c9a66_59964_22841_B4:B8:59:39:EA:3C_power
sensor.dp_2_1_tormx058557_ea3c_signal_strength	ibeacon	iBeacon Tracker	DP_2_1_TORMX058557  EA3C		Signal strength	integration		8063ae90-d8b7-11e6-9598-0800200c9a66_59964_22841_B4:B8:59:39:EA:3C_rssi
sensor.dp_2_1_tormx058557_ea3c_vendor	ibeacon	iBeacon Tracker	DP_2_1_TORMX058557  EA3C		Vendor	integration		8063ae90-d8b7-11e6-9598-0800200c9a66_59964_22841_B4:B8:59:39:EA:3C_vendor
sensor.dp_2_1_tormx073796_677d_estimated_distance	ibeacon	iBeacon Tracker	DP_2_1_TORMX073796  677D		Estimated distance			8063ae90-d8b7-11e6-9598-0800200c9a66_26493_22842_B4:B8:59:3A:67:7D_estimated_distance
sensor.dp_2_1_tormx073796_677d_power	ibeacon	iBeacon Tracker	DP_2_1_TORMX073796  677D		Power	integration		8063ae90-d8b7-11e6-9598-0800200c9a66_26493_22842_B4:B8:59:3A:67:7D_power
sensor.dp_2_1_tormx073796_677d_signal_strength	ibeacon	iBeacon Tracker	DP_2_1_TORMX073796  677D		Signal strength	integration		8063ae90-d8b7-11e6-9598-0800200c9a66_26493_22842_B4:B8:59:3A:67:7D_rssi
sensor.dp_2_1_tormx073796_677d_vendor	ibeacon	iBeacon Tracker	DP_2_1_TORMX073796  677D		Vendor	integration		8063ae90-d8b7-11e6-9598-0800200c9a66_26493_22842_B4:B8:59:3A:67:7D_vendor
sensor.dp_2_1_tormx084138_b739_estimated_distance	ibeacon	iBeacon Tracker	DP_2_1_TORMX084138  B739		Estimated distance			8063ae90-d8b7-11e6-9598-0800200c9a66_46905_22842_B4:B8:59:3A:B7:39_estimated_distance
sensor.dp_2_1_tormx084138_b739_power	ibeacon	iBeacon Tracker	DP_2_1_TORMX084138  B739		Power	integration		8063ae90-d8b7-11e6-9598-0800200c9a66_46905_22842_B4:B8:59:3A:B7:39_power
sensor.dp_2_1_tormx084138_b739_signal_strength	ibeacon	iBeacon Tracker	DP_2_1_TORMX084138  B739		Signal strength	integration		8063ae90-d8b7-11e6-9598-0800200c9a66_46905_22842_B4:B8:59:3A:B7:39_rssi
sensor.dp_2_1_tormx084138_b739_vendor	ibeacon	iBeacon Tracker	DP_2_1_TORMX084138  B739		Vendor	integration		8063ae90-d8b7-11e6-9598-0800200c9a66_46905_22842_B4:B8:59:3A:B7:39_vendor
sensor.dp_2_1_tormx116443_fd32_estimated_distance	ibeacon	iBeacon Tracker	CARe FD32		Estimated distance			8063ae90-d8b7-11e6-9598-0800200c9a66_64818_22844_B4:B8:59:3C:FD:32_estimated_distance
sensor.dp_2_1_tormx116443_fd32_power	ibeacon	iBeacon Tracker	CARe FD32		Power	integration		8063ae90-d8b7-11e6-9598-0800200c9a66_64818_22844_B4:B8:59:3C:FD:32_power
sensor.dp_2_1_tormx116443_fd32_signal_strength	ibeacon	iBeacon Tracker	CARe FD32		Signal strength	integration		8063ae90-d8b7-11e6-9598-0800200c9a66_64818_22844_B4:B8:59:3C:FD:32_rssi
sensor.dp_2_1_tormx116443_fd32_vendor	ibeacon	iBeacon Tracker	CARe FD32		Vendor	integration		8063ae90-d8b7-11e6-9598-0800200c9a66_64818_22844_B4:B8:59:3C:FD:32_vendor
sensor.dp_2_1_tormx118239_0a90_estimated_distance	ibeacon	iBeacon Tracker	CARe 0A90		Estimated distance			8063ae90-d8b7-11e6-9598-0800200c9a66_2704_22845_B4:B8:59:3D:0A:90_estimated_distance
sensor.dp_2_1_tormx118239_0a90_power	ibeacon	iBeacon Tracker	CARe 0A90		Power	integration		8063ae90-d8b7-11e6-9598-0800200c9a66_2704_22845_B4:B8:59:3D:0A:90_power
sensor.dp_2_1_tormx118239_0a90_signal_strength	ibeacon	iBeacon Tracker	CARe 0A90		Signal strength	integration		8063ae90-d8b7-11e6-9598-0800200c9a66_2704_22845_B4:B8:59:3D:0A:90_rssi
sensor.dp_2_1_tormx118239_0a90_vendor	ibeacon	iBeacon Tracker	CARe 0A90		Vendor	integration		8063ae90-d8b7-11e6-9598-0800200c9a66_2704_22845_B4:B8:59:3D:0A:90_vendor
sensor.dp_2_1_tormx130072_e218_estimated_distance	ibeacon	iBeacon Tracker	CARe E218		Estimated distance			8063ae90-d8b7-11e6-9598-0800200c9a66_57880_22845_B4:B8:59:3D:E2:18_estimated_distance
sensor.dp_2_1_tormx130072_e218_power	ibeacon	iBeacon Tracker	CARe E218		Power	integration		8063ae90-d8b7-11e6-9598-0800200c9a66_57880_22845_B4:B8:59:3D:E2:18_power
sensor.dp_2_1_tormx130072_e218_signal_strength	ibeacon	iBeacon Tracker	CARe E218		Signal strength	integration		8063ae90-d8b7-11e6-9598-0800200c9a66_57880_22845_B4:B8:59:3D:E2:18_rssi
sensor.dp_2_1_tormx130072_e218_vendor	ibeacon	iBeacon Tracker	CARe E218		Vendor	integration		8063ae90-d8b7-11e6-9598-0800200c9a66_57880_22845_B4:B8:59:3D:E2:18_vendor
sensor.dp_2_1_tormy016828_27e1_estimated_distance	ibeacon	iBeacon Tracker	DP_2_1_TORMY016828  27E1		Estimated distance			8063ae90-d8b7-11e6-9598-0800200c9a66_10209_22840_B4:B8:59:38:27:E1_estimated_distance
sensor.dp_2_1_tormy016828_27e1_power	ibeacon	iBeacon Tracker	DP_2_1_TORMY016828  27E1		Power	integration		8063ae90-d8b7-11e6-9598-0800200c9a66_10209_22840_B4:B8:59:38:27:E1_power
sensor.dp_2_1_tormy016828_27e1_signal_strength	ibeacon	iBeacon Tracker	DP_2_1_TORMY016828  27E1		Signal strength	integration		8063ae90-d8b7-11e6-9598-0800200c9a66_10209_22840_B4:B8:59:38:27:E1_rssi
sensor.dp_2_1_tormy016828_27e1_vendor	ibeacon	iBeacon Tracker	DP_2_1_TORMY016828  27E1		Vendor	integration		8063ae90-d8b7-11e6-9598-0800200c9a66_10209_22840_B4:B8:59:38:27:E1_vendor
sensor.dp_2_1_tormy017735_3045_estimated_distance	ibeacon	iBeacon Tracker	CARe 3045		Estimated distance			8063ae90-d8b7-11e6-9598-0800200c9a66_12357_22840_B4:B8:59:38:30:45_estimated_distance
sensor.dp_2_1_tormy017735_3045_power	ibeacon	iBeacon Tracker	CARe 3045		Power	integration		8063ae90-d8b7-11e6-9598-0800200c9a66_12357_22840_B4:B8:59:38:30:45_power
sensor.dp_2_1_tormy017735_3045_signal_strength	ibeacon	iBeacon Tracker	CARe 3045		Signal strength	integration		8063ae90-d8b7-11e6-9598-0800200c9a66_12357_22840_B4:B8:59:38:30:45_rssi
sensor.dp_2_1_tormy017735_3045_vendor	ibeacon	iBeacon Tracker	CARe 3045		Vendor	integration		8063ae90-d8b7-11e6-9598-0800200c9a66_12357_22840_B4:B8:59:38:30:45_vendor
sensor.dp_2_1_tormy065128_9810_estimated_distance	ibeacon	iBeacon Tracker	DP_2_1_TORMY065128  9810		Estimated distance			8063ae90-d8b7-11e6-9598-0800200c9a66_38928_22842_B4:B8:59:3A:98:10_estimated_distance
sensor.dp_2_1_tormy065128_9810_power	ibeacon	iBeacon Tracker	DP_2_1_TORMY065128  9810		Power	integration		8063ae90-d8b7-11e6-9598-0800200c9a66_38928_22842_B4:B8:59:3A:98:10_power
sensor.dp_2_1_tormy065128_9810_signal_strength	ibeacon	iBeacon Tracker	DP_2_1_TORMY065128  9810		Signal strength	integration		8063ae90-d8b7-11e6-9598-0800200c9a66_38928_22842_B4:B8:59:3A:98:10_rssi
sensor.dp_2_1_tormy065128_9810_vendor	ibeacon	iBeacon Tracker	DP_2_1_TORMY065128  9810		Vendor	integration		8063ae90-d8b7-11e6-9598-0800200c9a66_38928_22842_B4:B8:59:3A:98:10_vendor
sensor.dp_2_1_tormy101605_03b1_estimated_distance	ibeacon	iBeacon Tracker	DP_2_1_TORMY101605  03B1		Estimated distance			8063ae90-d8b7-11e6-9598-0800200c9a66_945_22845_B4:B8:59:3D:03:B1_estimated_distance
sensor.dp_2_1_tormy101605_03b1_power	ibeacon	iBeacon Tracker	DP_2_1_TORMY101605  03B1		Power	integration		8063ae90-d8b7-11e6-9598-0800200c9a66_945_22845_B4:B8:59:3D:03:B1_power
sensor.dp_2_1_tormy101605_03b1_signal_strength	ibeacon	iBeacon Tracker	DP_2_1_TORMY101605  03B1		Signal strength	integration		8063ae90-d8b7-11e6-9598-0800200c9a66_945_22845_B4:B8:59:3D:03:B1_rssi
sensor.dp_2_1_tormy101605_03b1_vendor	ibeacon	iBeacon Tracker	DP_2_1_TORMY101605  03B1		Vendor	integration		8063ae90-d8b7-11e6-9598-0800200c9a66_945_22845_B4:B8:59:3D:03:B1_vendor
sensor.dp_2_1_tornx065456_50ae_estimated_distance	ibeacon	iBeacon Tracker	CARe 50AE		Estimated distance			8063ae90-d8b7-11e6-9598-0800200c9a66_20654_22848_B4:B8:59:40:50:AE_estimated_distance
sensor.dp_2_1_tornx065456_50ae_power	ibeacon	iBeacon Tracker	CARe 50AE		Power	integration		8063ae90-d8b7-11e6-9598-0800200c9a66_20654_22848_B4:B8:59:40:50:AE_power
sensor.dp_2_1_tornx065456_50ae_signal_strength	ibeacon	iBeacon Tracker	CARe 50AE		Signal strength	integration		8063ae90-d8b7-11e6-9598-0800200c9a66_20654_22848_B4:B8:59:40:50:AE_rssi
sensor.dp_2_1_tornx065456_50ae_vendor	ibeacon	iBeacon Tracker	CARe 50AE		Vendor	integration		8063ae90-d8b7-11e6-9598-0800200c9a66_20654_22848_B4:B8:59:40:50:AE_vendor
sensor.dp_2_1_tornx188063_d93a_estimated_distance	ibeacon	iBeacon Tracker	DP_2_1_TORNX188063  D93A		Estimated distance			8063ae90-d8b7-11e6-9598-0800200c9a66_55610_22853_B4:B8:59:45:D9:3A_estimated_distance
sensor.dp_2_1_tornx188063_d93a_power	ibeacon	iBeacon Tracker	DP_2_1_TORNX188063  D93A		Power	integration		8063ae90-d8b7-11e6-9598-0800200c9a66_55610_22853_B4:B8:59:45:D9:3A_power
sensor.dp_2_1_tornx188063_d93a_signal_strength	ibeacon	iBeacon Tracker	DP_2_1_TORNX188063  D93A		Signal strength	integration		8063ae90-d8b7-11e6-9598-0800200c9a66_55610_22853_B4:B8:59:45:D9:3A_rssi
sensor.dp_2_1_tornx188063_d93a_vendor	ibeacon	iBeacon Tracker	DP_2_1_TORNX188063  D93A		Vendor	integration		8063ae90-d8b7-11e6-9598-0800200c9a66_55610_22853_B4:B8:59:45:D9:3A_vendor
sensor.dp_2_1_torpy007808_69af_estimated_distance	ibeacon	iBeacon Tracker	DP_2_1_TORPY007808  69AF		Estimated distance			8063ae90-d8b7-11e6-9598-0800200c9a66_27055_22854_B4:B8:59:46:69:AF_estimated_distance
sensor.dp_2_1_torpy007808_69af_power	ibeacon	iBeacon Tracker	DP_2_1_TORPY007808  69AF		Power	integration		8063ae90-d8b7-11e6-9598-0800200c9a66_27055_22854_B4:B8:59:46:69:AF_power
sensor.dp_2_1_torpy007808_69af_signal_strength	ibeacon	iBeacon Tracker	DP_2_1_TORPY007808  69AF		Signal strength	integration		8063ae90-d8b7-11e6-9598-0800200c9a66_27055_22854_B4:B8:59:46:69:AF_rssi
sensor.dp_2_1_torpy007808_69af_vendor	ibeacon	iBeacon Tracker	DP_2_1_TORPY007808  69AF		Vendor	integration		8063ae90-d8b7-11e6-9598-0800200c9a66_27055_22854_B4:B8:59:46:69:AF_vendor
sensor.driveway_detector_driveway_distance_detector	esphome	driveway detector	driveway detector	Garage	Driveway Distance Detector			FC:B4:67:93:64:5C-sensor-driveway_distance_detector
sensor.ellie_nokia_phone_area	bermuda	Bermuda BLE Trilateration	Ellie Nokia Phone	Home General	Area			64:16:66:71:9f:74
sensor.ellie_nokia_phone_distance	bermuda	Bermuda BLE Trilateration	Ellie Nokia Phone	Home General	Distance			64:16:66:71:9f:74_range
sensor.ellie_nokia_phone_distance_to_bedroom_presence	bermuda	Bermuda BLE Trilateration	Ellie Nokia Phone	Home General	Distance to Bedroom Presence	integration		64:16:66:71:9f:74_d8:3b:da:75:e6:90_range
sensor.ellie_nokia_phone_distance_to_loft_controller	bermuda	Bermuda BLE Trilateration	Ellie Nokia Phone	Home General	Distance to Loft Controller	integration		64:16:66:71:9f:74_f4:65:0b:07:ab:34_range
sensor.ellie_nokia_phone_unfiltered_distance_to_bedroom_presence	bermuda	Bermuda BLE Trilateration	Ellie Nokia Phone	Home General	Unfiltered Distance to Bedroom Presence	integration		64:16:66:71:9f:74_d8:3b:da:75:e6:90_range_raw
sensor.ellie_nokia_phone_unfiltered_distance_to_loft_controller	bermuda	Bermuda BLE Trilateration	Ellie Nokia Phone	Home General	Unfiltered Distance to Loft Controller	integration		64:16:66:71:9f:74_f4:65:0b:07:ab:34_range_raw
sensor.ellie_school_bag_area	bermuda	Bermuda BLE Trilateration	Ellie School Bag	Home General	Area			d2:de:e0:31:bf:d7
sensor.ellie_school_bag_area_last_seen	bermuda	Bermuda BLE Trilateration	Ellie School Bag	Home General	Area Last Seen			d2:de:e0:31:bf:d7_area_last_seen
sensor.ellie_school_bag_distance	bermuda	Bermuda BLE Trilateration	Ellie School Bag	Home General	Distance			d2:de:e0:31:bf:d7_range
sensor.ellie_school_bag_distance_to_kai_proxy	bermuda	Bermuda BLE Trilateration	Ellie School Bag	Home General	Distance to kai_proxy			d2:de:e0:31:bf:d7_f4:65:0b:08:8b:88_range
sensor.ellie_school_bag_distance_to_loft_controller	bermuda	Bermuda BLE Trilateration	Ellie School Bag	Home General	Distance to Loft Controller	integration		d2:de:e0:31:bf:d7_f4:65:0b:07:ab:34_range
sensor.ellie_school_bag_distance_to_nya_proxy	bermuda	Bermuda BLE Trilateration	Ellie School Bag	Home General	Distance to nya-proxy			d2:de:e0:31:bf:d7_f4:65:0b:07:70:84_range
sensor.ellie_school_bag_distance_to_work_status	bermuda	Bermuda BLE Trilateration	Ellie School Bag	Home General	Distance to work status			d2:de:e0:31:bf:d7_94:3c:c6:37:67:84_range
sensor.ellie_school_bag_distance_to_zane_proxy	bermuda	Bermuda BLE Trilateration	Ellie School Bag	Home General	Distance to zane-proxy			d2:de:e0:31:bf:d7_d8:3b:da:73:d6:bc_range
sensor.ellie_school_bag_nearest_rssi	bermuda	Bermuda BLE Trilateration	Ellie School Bag	Home General	Nearest RSSI			d2:de:e0:31:bf:d7_rssi
sensor.ellie_school_bag_nearest_scanner	bermuda	Bermuda BLE Trilateration	Ellie School Bag	Home General	Nearest Scanner			d2:de:e0:31:bf:d7_scanner
sensor.ellie_school_bag_unfiltered_distance_to_loft_controller	bermuda	Bermuda BLE Trilateration	Ellie School Bag	Home General	Unfiltered Distance to Loft Controller	integration		d2:de:e0:31:bf:d7_f4:65:0b:07:ab:34_range_raw
sensor.esphome_device_builder_cpu_percent	hassio	Supervisor	ESPHome Device Builder		CPU percent	integration		5c53de3b_esphome_cpu_percent
sensor.esphome_device_builder_memory_percent	hassio	Supervisor	ESPHome Device Builder		Memory percent	integration		5c53de3b_esphome_memory_percent
sensor.esphome_device_builder_newest_version	hassio	Supervisor	ESPHome Device Builder		Newest version	integration		5c53de3b_esphome_version_latest
sensor.esphome_device_builder_version	hassio	Supervisor	ESPHome Device Builder		Version	integration		5c53de3b_esphome_version
sensor.eva_locator	places	Eva Location			Eva Locator			324ed424c510584676f714b2e0be804f
sensor.family_mac_active_audio_input	mobile_app	family_mac	family_mac		family_mac Active Audio Input			2fca3312f88edc81ada813e7612bb62b55bf1acddd7d661d1d53f631938400e7_active_microphone
sensor.family_mac_active_audio_output	mobile_app	family_mac	family_mac		family_mac Active Audio Output			2fca3312f88edc81ada813e7612bb62b55bf1acddd7d661d1d53f631938400e7_active_audio_output
sensor.family_mac_active_camera	mobile_app	family_mac	family_mac		family_mac Active Camera			2fca3312f88edc81ada813e7612bb62b55bf1acddd7d661d1d53f631938400e7_active_camera
sensor.family_mac_app_version	mobile_app	family_mac	family_mac		family_mac App Version			2fca3312f88edc81ada813e7612bb62b55bf1acddd7d661d1d53f631938400e7_app-version
sensor.family_mac_bssid	mobile_app	family_mac	family_mac		family_mac BSSID			2fca3312f88edc81ada813e7612bb62b55bf1acddd7d661d1d53f631938400e7_connectivity_bssid
sensor.family_mac_connection_type	mobile_app	family_mac	family_mac		family_mac Connection Type			2fca3312f88edc81ada813e7612bb62b55bf1acddd7d661d1d53f631938400e7_connectivity_connection_type
sensor.family_mac_displays	mobile_app	family_mac	family_mac		family_mac Displays			2fca3312f88edc81ada813e7612bb62b55bf1acddd7d661d1d53f631938400e7_displays_count
sensor.family_mac_frontmost_app	mobile_app	family_mac	family_mac		family_mac Frontmost App			2fca3312f88edc81ada813e7612bb62b55bf1acddd7d661d1d53f631938400e7_frontmost_app
sensor.family_mac_geocoded_location	mobile_app	family_mac	family_mac		family_mac Geocoded Location			2fca3312f88edc81ada813e7612bb62b55bf1acddd7d661d1d53f631938400e7_geocoded_location
sensor.family_mac_internal_battery_level	mobile_app	family_mac	family_mac		family_mac Internal Battery Level			2fca3312f88edc81ada813e7612bb62b55bf1acddd7d661d1d53f631938400e7_D860172A743L3L2EL_level
sensor.family_mac_internal_battery_state	mobile_app	family_mac	family_mac		family_mac Internal Battery State			2fca3312f88edc81ada813e7612bb62b55bf1acddd7d661d1d53f631938400e7_D860172A743L3L2EL_state
sensor.family_mac_last_update_trigger	mobile_app	family_mac	family_mac		family_mac Last Update Trigger			2fca3312f88edc81ada813e7612bb62b55bf1acddd7d661d1d53f631938400e7_last_update_trigger
sensor.family_mac_location_permission	mobile_app	family_mac	family_mac		family_mac Location permission			2fca3312f88edc81ada813e7612bb62b55bf1acddd7d661d1d53f631938400e7_location-permission
sensor.family_mac_primary_display_id	mobile_app	family_mac	family_mac		family_mac Primary Display ID			2fca3312f88edc81ada813e7612bb62b55bf1acddd7d661d1d53f631938400e7_primary_display_id
sensor.family_mac_primary_display_name	mobile_app	family_mac	family_mac		family_mac Primary Display Name			2fca3312f88edc81ada813e7612bb62b55bf1acddd7d661d1d53f631938400e7_primary_display_name
sensor.family_mac_ssid	mobile_app	family_mac	family_mac		family_mac SSID			2fca3312f88edc81ada813e7612bb62b55bf1acddd7d661d1d53f631938400e7_connectivity_ssid
sensor.family_mac_storage	mobile_app	family_mac	family_mac		family_mac Storage			2fca3312f88edc81ada813e7612bb62b55bf1acddd7d661d1d53f631938400e7_storage
sensor.family_mbp_active_audio_input	mobile_app	MacBook Pro	family-mbp		family-mbp Active Audio Input			f57af69d251e9b013f0128e9809fca7125077245575ceede81fd46cb5f680e45_active_microphone
sensor.family_mbp_active_audio_output	mobile_app	MacBook Pro	family-mbp		family-mbp Active Audio Output			f57af69d251e9b013f0128e9809fca7125077245575ceede81fd46cb5f680e45_active_audio_output
sensor.family_mbp_active_camera	mobile_app	MacBook Pro	family-mbp		family-mbp Active Camera			f57af69d251e9b013f0128e9809fca7125077245575ceede81fd46cb5f680e45_active_camera
sensor.family_mbp_bssid	mobile_app	MacBook Pro	family-mbp		family-mbp BSSID			f57af69d251e9b013f0128e9809fca7125077245575ceede81fd46cb5f680e45_connectivity_bssid
sensor.family_mbp_connection_type	mobile_app	MacBook Pro	family-mbp		family-mbp Connection Type			f57af69d251e9b013f0128e9809fca7125077245575ceede81fd46cb5f680e45_connectivity_connection_type
sensor.family_mbp_displays	mobile_app	MacBook Pro	family-mbp		family-mbp Displays			f57af69d251e9b013f0128e9809fca7125077245575ceede81fd46cb5f680e45_displays_count
sensor.family_mbp_frontmost_app	mobile_app	MacBook Pro	family-mbp		family-mbp Frontmost App			f57af69d251e9b013f0128e9809fca7125077245575ceede81fd46cb5f680e45_frontmost_app
sensor.family_mbp_geocoded_location	mobile_app	MacBook Pro	family-mbp		family-mbp Geocoded Location			f57af69d251e9b013f0128e9809fca7125077245575ceede81fd46cb5f680e45_geocoded_location
sensor.family_mbp_internal_battery_level	mobile_app	MacBook Pro	family-mbp		family-mbp Internal Battery Level			f57af69d251e9b013f0128e9809fca7125077245575ceede81fd46cb5f680e45_D860172A743L3L2EL_level
sensor.family_mbp_internal_battery_state	mobile_app	MacBook Pro	family-mbp		family-mbp Internal Battery State			f57af69d251e9b013f0128e9809fca7125077245575ceede81fd46cb5f680e45_D860172A743L3L2EL_state
sensor.family_mbp_last_update_trigger	mobile_app	MacBook Pro	family-mbp		family-mbp Last Update Trigger			f57af69d251e9b013f0128e9809fca7125077245575ceede81fd46cb5f680e45_last_update_trigger
sensor.family_mbp_primary_display_id	mobile_app	MacBook Pro	family-mbp		family-mbp Primary Display ID			f57af69d251e9b013f0128e9809fca7125077245575ceede81fd46cb5f680e45_primary_display_id
sensor.family_mbp_primary_display_name	mobile_app	MacBook Pro	family-mbp		family-mbp Primary Display Name			f57af69d251e9b013f0128e9809fca7125077245575ceede81fd46cb5f680e45_primary_display_name
sensor.family_mbp_ssid	mobile_app	MacBook Pro	family-mbp		family-mbp SSID			f57af69d251e9b013f0128e9809fca7125077245575ceede81fd46cb5f680e45_connectivity_ssid
sensor.family_mbp_storage	mobile_app	MacBook Pro	family-mbp		family-mbp Storage			f57af69d251e9b013f0128e9809fca7125077245575ceede81fd46cb5f680e45_storage
sensor.file_editor_cpu_percent	hassio	Supervisor	File editor		CPU percent	integration		core_configurator_cpu_percent
sensor.file_editor_memory_percent	hassio	Supervisor	File editor		Memory percent	integration		core_configurator_memory_percent
sensor.file_editor_newest_version	hassio	Supervisor	File editor		Newest version	integration		core_configurator_version_latest
sensor.file_editor_version	hassio	Supervisor	File editor		Version	integration		core_configurator_version
sensor.floors_ascended	garmin_connect	tongaimaramba@gmail.com	Garmin Connect	Home General	Floors Ascended			tongaimaramba@gmail.com_floorsAscended
sensor.floors_ascended_goal	garmin_connect	tongaimaramba@gmail.com	Garmin Connect	Home General	Floors Ascended Goal			tongaimaramba@gmail.com_userFloorsAscendedGoal
sensor.floors_ascended_mtr	garmin_connect	tongaimaramba@gmail.com	Garmin Connect	Home General	Floors Ascended Mtr	integration		tongaimaramba@gmail.com_floorsAscendedInMeters
sensor.floors_descended	garmin_connect	tongaimaramba@gmail.com	Garmin Connect	Home General	Floors Descended			tongaimaramba@gmail.com_floorsDescended
sensor.floors_descended_mtr	garmin_connect	tongaimaramba@gmail.com	Garmin Connect	Home General	Floors Descended Mtr	integration		tongaimaramba@gmail.com_floorsDescendedInMeters
sensor.fp_auth_authentication_status	esphome	Fingerprint Authoriser	Fingerprint Authoriser	Hallway	Authentication Status			C8:F0:9E:4E:4A:5C-text_sensor-authentication_status
sensor.fp_auth_fingerprint_metadata_part_1	esphome	Fingerprint Authoriser	Fingerprint Authoriser	Hallway	Fingerprint Metadata Part 1			C8:F0:9E:4E:4A:5C-text_sensor-fingerprint_metadata_part_1
sensor.fp_auth_fingerprint_metadata_part_2	esphome	Fingerprint Authoriser	Fingerprint Authoriser	Hallway	Fingerprint Metadata Part 2			C8:F0:9E:4E:4A:5C-text_sensor-fingerprint_metadata_part_2
sensor.fp_auth_fingerprint_metadata_part_3	esphome	Fingerprint Authoriser	Fingerprint Authoriser	Hallway	Fingerprint Metadata Part 3			C8:F0:9E:4E:4A:5C-text_sensor-fingerprint_metadata_part_3
sensor.fp_auth_stored_fingerprints	esphome	Fingerprint Authoriser	Fingerprint Authoriser	Hallway	Stored Fingerprints			C8:F0:9E:4E:4A:5C-sensor-stored_fingerprints
sensor.fp_authentication_status	esphome	c3	Fingerprint Authoriser	Garage	Authentication Status			D8:3B:DA:73:D9:F4-text_sensor-authentication_status
sensor.fp_confidence_last_match	esphome	c3	Fingerprint Authoriser	Garage	Confidence Last Match			D8:3B:DA:73:D9:F4-sensor-confidence_last_match
sensor.fp_esp32_internal_temperature	esphome	c3	Fingerprint Authoriser	Garage	ESP32 Internal Temperature			D8:3B:DA:73:D9:F4-sensor-esp32_internal_temperature
sensor.fp_fingerprint_metadata_part_1	esphome	c3	Fingerprint Authoriser	Garage	Fingerprint Metadata Part 1			D8:3B:DA:73:D9:F4-text_sensor-fingerprint_metadata_part_1
sensor.fp_fingerprint_metadata_part_2	esphome	c3	Fingerprint Authoriser	Garage	Fingerprint Metadata Part 2			D8:3B:DA:73:D9:F4-text_sensor-fingerprint_metadata_part_2
sensor.fp_fingerprint_metadata_part_3	esphome	c3	Fingerprint Authoriser	Garage	Fingerprint Metadata Part 3			D8:3B:DA:73:D9:F4-text_sensor-fingerprint_metadata_part_3
sensor.fp_fp_capacity	esphome	c3	Fingerprint Authoriser	Garage	FP Capacity			D8:3B:DA:73:D9:F4-sensor-fp_capacity
sensor.fp_fp_device_status	esphome	c3	Fingerprint Authoriser	Garage	FP Device Status			D8:3B:DA:73:D9:F4-sensor-fp_device_status
sensor.garmin_device_activity	mobile_app	Garmin Device	Garmin Device		Garmin Device Activity	integration		af61dee633a644bcf6ee5f21817c868ed00087e3c55f771699f5b1eea217c3e2_activity
sensor.garmin_device_battery_level	mobile_app	Garmin Device	Garmin Device		Garmin Device Battery Level	integration		af61dee633a644bcf6ee5f21817c868ed00087e3c55f771699f5b1eea217c3e2_battery_level
sensor.garmin_device_floors_climbed_today	mobile_app	Garmin Device	Garmin Device		Garmin Device Floors climbed today	integration		af61dee633a644bcf6ee5f21817c868ed00087e3c55f771699f5b1eea217c3e2_floors_climbed_today
sensor.garmin_device_floors_descended_today	mobile_app	Garmin Device	Garmin Device		Garmin Device Floors descended today	integration		af61dee633a644bcf6ee5f21817c868ed00087e3c55f771699f5b1eea217c3e2_floors_descended_today
sensor.garmin_device_heart_rate	mobile_app	Garmin Device	Garmin Device		Garmin Device Heart rate	integration		af61dee633a644bcf6ee5f21817c868ed00087e3c55f771699f5b1eea217c3e2_heart_rate
sensor.garmin_device_respiration_rate	mobile_app	Garmin Device	Garmin Device		Garmin Device Respiration rate	integration		af61dee633a644bcf6ee5f21817c868ed00087e3c55f771699f5b1eea217c3e2_respiration_rate
sensor.garmin_device_steps_today	mobile_app	Garmin Device	Garmin Device		Garmin Device Steps today	integration		af61dee633a644bcf6ee5f21817c868ed00087e3c55f771699f5b1eea217c3e2_steps_today
sensor.garmin_device_sub_activity	mobile_app	Garmin Device	Garmin Device		Garmin Device Sub-activity	integration		af61dee633a644bcf6ee5f21817c868ed00087e3c55f771699f5b1eea217c3e2_sub_activity
sensor.get_hacs_cpu_percent	hassio	Supervisor	Get HACS		CPU percent	integration		cb646a50_get_cpu_percent
sensor.get_hacs_memory_percent	hassio	Supervisor	Get HACS		Memory percent	integration		cb646a50_get_memory_percent
sensor.get_hacs_newest_version	hassio	Supervisor	Get HACS		Newest version	integration		cb646a50_get_version_latest
sensor.get_hacs_version	hassio	Supervisor	Get HACS		Version	integration		cb646a50_get_version
sensor.growatt_sph_battery_current	mqtt	Mosquitto broker	Growatt SPH		Battery current			inverter_1_battery_current
sensor.growatt_sph_battery_energy_in	mqtt	Mosquitto broker	Growatt SPH		Battery energy in			total_battery_energy_in
sensor.growatt_sph_battery_energy_out	mqtt	Mosquitto broker	Growatt SPH		Battery energy out			total_battery_energy_out
sensor.growatt_sph_battery_power	mqtt	Mosquitto broker	Growatt SPH		Battery power			total_battery_power
sensor.growatt_sph_battery_state_of_charge	mqtt	Mosquitto broker	Growatt SPH		Battery state of charge			total_battery_state_of_charge
sensor.growatt_sph_battery_temperature	mqtt	Mosquitto broker	Growatt SPH		Battery temperature			total_battery_temperature
sensor.growatt_sph_battery_voltage	mqtt	Mosquitto broker	Growatt SPH		Battery voltage			inverter_1_battery_voltage
sensor.growatt_sph_bus_voltage	mqtt	Mosquitto broker	Growatt SPH		Bus voltage			total_bus_voltage
sensor.growatt_sph_device_mode	mqtt	Mosquitto broker	Growatt SPH		Device mode			inverter_1_device_mode
sensor.growatt_sph_grid_energy_in	mqtt	Mosquitto broker	Growatt SPH		Grid energy in			total_grid_energy_in
sensor.growatt_sph_grid_energy_out	mqtt	Mosquitto broker	Growatt SPH		Grid energy out			total_grid_energy_out
sensor.growatt_sph_grid_energy_out_compensation	energy						integration	28ce543200f012f321785610cb9a5c18_grid_compensation
sensor.growatt_sph_grid_energy_out_compensation_2	energy						integration	sensor.growatt_sph_grid_energy_out_grid_compensation
sensor.growatt_sph_grid_frequency	mqtt	Mosquitto broker	Growatt SPH		Grid frequency			inverter_1_grid_frequency
sensor.growatt_sph_grid_power	mqtt	Mosquitto broker	Growatt SPH		Grid power			inverter_1_grid_power
sensor.growatt_sph_grid_voltage	mqtt	Mosquitto broker	Growatt SPH		Grid voltage			inverter_1_grid_voltage
sensor.growatt_sph_load_energy	mqtt	Mosquitto broker	Growatt SPH		Load energy			total_load_energy
sensor.growatt_sph_load_percentage	mqtt	Mosquitto broker	Growatt SPH		Load percentage			inverter_1_load_percentage
sensor.growatt_sph_load_power	mqtt	Mosquitto broker	Growatt SPH		Load power			inverter_1_load_power
sensor.growatt_sph_pv_current_1	mqtt	Mosquitto broker	Growatt SPH		PV current 1			inverter_1_pv_current_1
sensor.growatt_sph_pv_current_2	mqtt	Mosquitto broker	Growatt SPH		PV current 2			inverter_1_pv_current_2
sensor.growatt_sph_pv_energy	mqtt	Mosquitto broker	Growatt SPH		PV energy			total_pv_energy
sensor.growatt_sph_pv_power	mqtt	Mosquitto broker	Growatt SPH		PV power			inverter_1_pv_power
sensor.growatt_sph_pv_power_1	mqtt	Mosquitto broker	Growatt SPH		PV power 1			inverter_1_pv_power_1
sensor.growatt_sph_pv_power_2	mqtt	Mosquitto broker	Growatt SPH		PV power 2			inverter_1_pv_power_2
sensor.growatt_sph_pv_voltage_1	mqtt	Mosquitto broker	Growatt SPH		PV voltage 1			inverter_1_pv_voltage_1
sensor.growatt_sph_pv_voltage_2	mqtt	Mosquitto broker	Growatt SPH		PV voltage 2			inverter_1_pv_voltage_2
sensor.growatt_sph_response	mqtt	Mosquitto broker	Growatt SPH		Response			solar_assistant_set
sensor.growatt_sph_serial_number	mqtt	Mosquitto broker	Growatt SPH		Serial number			inverter_1_serial_number
sensor.growatt_sph_temperature	mqtt	Mosquitto broker	Growatt SPH		Temperature			inverter_1_temperature
sensor.gvh5075_194e_estimated_distance	ibeacon	iBeacon Tracker	GVH5075_194E		Estimated distance			494e5445-4c4c-495f-524f-434b535f4857_20597_62207_A4:C1:38:43:19:4E_estimated_distance
sensor.gvh5075_194e_power	ibeacon	iBeacon Tracker	GVH5075_194E		Power	integration		494e5445-4c4c-495f-524f-434b535f4857_20597_62207_A4:C1:38:43:19:4E_power
sensor.gvh5075_194e_signal_strength	ibeacon	iBeacon Tracker	GVH5075_194E		Signal strength	integration		494e5445-4c4c-495f-524f-434b535f4857_20597_62207_A4:C1:38:43:19:4E_rssi
sensor.gvh5075_194e_vendor	ibeacon	iBeacon Tracker	GVH5075_194E		Vendor	integration		494e5445-4c4c-495f-524f-434b535f4857_20597_62207_A4:C1:38:43:19:4E_vendor
sensor.gvh5075_ff9b_estimated_distance	ibeacon	iBeacon Tracker	GVH5075_FF9B		Estimated distance			494e5445-4c4c-495f-524f-434b535f4857_20597_62207_A4:C1:38:0D:FF:9B_estimated_distance
sensor.gvh5075_ff9b_power	ibeacon	iBeacon Tracker	GVH5075_FF9B		Power	integration		494e5445-4c4c-495f-524f-434b535f4857_20597_62207_A4:C1:38:0D:FF:9B_power
sensor.gvh5075_ff9b_signal_strength	ibeacon	iBeacon Tracker	GVH5075_FF9B		Signal strength	integration		494e5445-4c4c-495f-524f-434b535f4857_20597_62207_A4:C1:38:0D:FF:9B_rssi
sensor.gvh5075_ff9b_vendor	ibeacon	iBeacon Tracker	GVH5075_FF9B		Vendor	integration		494e5445-4c4c-495f-524f-434b535f4857_20597_62207_A4:C1:38:0D:FF:9B_vendor
sensor.hall_downlights_current_consumption	lightwave2	tongaimaramba@gmail.com	Hall Downlights	Hallway	Hall Downlights Current Consumption			5d17143ac42a3075031ca5a8-5d250106b6c35d33e7bfe916_power
sensor.hall_downlights_total_consumption	lightwave2	tongaimaramba@gmail.com	Hall Downlights	Hallway	Hall Downlights Total Consumption			5d17143ac42a3075031ca5a8-5d250106b6c35d33e7bfe916_energy
sensor.hannah_iphone13_area	bermuda	Bermuda BLE Trilateration	Hannah iPhone13	Home General	Area			3e965b2a301d81c5895fa7957e771120
sensor.hannah_iphone13_area_last_seen	bermuda	Bermuda BLE Trilateration	Hannah iPhone13	Home General	Area Last Seen			3e965b2a301d81c5895fa7957e771120_area_last_seen
sensor.hannah_iphone13_area_switch_diagnostic	bermuda	Bermuda BLE Trilateration	Hannah iPhone13	Home General	Area Switch Diagnostic			3e965b2a301d81c5895fa7957e771120_area_switch_reason
sensor.hannah_iphone13_distance	bermuda	Bermuda BLE Trilateration	Hannah iPhone13	Home General	Distance			3e965b2a301d81c5895fa7957e771120_range
sensor.hannah_iphone13_distance_to_kai_proxy	bermuda	Bermuda BLE Trilateration	Hannah iPhone13	Home General	Distance to kai_proxy			3e965b2a301d81c5895fa7957e771120_f4:65:0b:08:8b:88_range
sensor.hannah_iphone13_distance_to_loft_controller	bermuda	Bermuda BLE Trilateration	Hannah iPhone13	Home General	Distance to Loft Controller			3e965b2a301d81c5895fa7957e771120_f4:65:0b:07:ab:34_range
sensor.hannah_iphone13_distance_to_nya_proxy	bermuda	Bermuda BLE Trilateration	Hannah iPhone13	Home General	Distance to nya-proxy			3e965b2a301d81c5895fa7957e771120_f4:65:0b:07:70:84_range
sensor.hannah_iphone13_distance_to_work_status	bermuda	Bermuda BLE Trilateration	Hannah iPhone13	Home General	Distance to work status			3e965b2a301d81c5895fa7957e771120_94:3c:c6:37:67:84_range
sensor.hannah_iphone13_distance_to_zane_proxy	bermuda	Bermuda BLE Trilateration	Hannah iPhone13	Home General	Distance to zane-proxy			3e965b2a301d81c5895fa7957e771120_d8:3b:da:73:d6:bc_range
sensor.hannah_iphone13_estimated_distance	private_ble_device	54:6C:8D:27:C1:1C	Hannah iPhone13	Home General	Estimated distance			3e965b2a301d81c5895fa7957e771120_estimated_distance
sensor.hannah_iphone13_nearest_rssi	bermuda	Bermuda BLE Trilateration	Hannah iPhone13	Home General	Nearest RSSI			3e965b2a301d81c5895fa7957e771120_rssi
sensor.hannah_iphone13_nearest_scanner	bermuda	Bermuda BLE Trilateration	Hannah iPhone13	Home General	Nearest Scanner			3e965b2a301d81c5895fa7957e771120_scanner
sensor.hannah_iphone13_unfiltered_distance_to_work_status	bermuda	Bermuda BLE Trilateration	Hannah iPhone13	Home General	Unfiltered Distance to work status			3e965b2a301d81c5895fa7957e771120_94:3c:c6:37:67:84_range_raw
sensor.hannah_keys_area	bermuda	Bermuda BLE Trilateration	Hannah Keys		Area			ff:1f:04:66:7e:93
sensor.hannah_keys_distance	bermuda	Bermuda BLE Trilateration	Hannah Keys		Distance			ff:1f:04:66:7e:93_range
sensor.hannah_keys_distance_to_bedroom_presence	bermuda	Bermuda BLE Trilateration	Hannah Keys		Distance to Bedroom Presence	integration		ff:1f:04:66:7e:93_d8:3b:da:75:e6:90_range
sensor.hannah_keys_distance_to_loft_controller	bermuda	Bermuda BLE Trilateration	Hannah Keys		Distance to Loft Controller	integration		ff:1f:04:66:7e:93_f4:65:0b:07:ab:34_range
sensor.hannah_keys_unfiltered_distance_to_bedroom_presence	bermuda	Bermuda BLE Trilateration	Hannah Keys		Unfiltered Distance to Bedroom Presence	integration		ff:1f:04:66:7e:93_d8:3b:da:75:e6:90_range_raw
sensor.hannah_keys_unfiltered_distance_to_loft_controller	bermuda	Bermuda BLE Trilateration	Hannah Keys		Unfiltered Distance to Loft Controller	integration		ff:1f:04:66:7e:93_f4:65:0b:07:ab:34_range_raw
sensor.hannah_locator	places	Hannah Locator			Hannah Locator			fe5fc48b3a5e2f34b1d96b582490f9fe
sensor.hannahs_iphone13_activity	mobile_app	Hannah’s iPhone13	Hannah’s iPhone13		Hannah’s iPhone13 Activity			5a0399337c77622c5b3b0e5e6968e03df905618dd2d1720561ce04d0e5086078_activity
sensor.hannahs_iphone13_app_version	mobile_app	Hannah’s iPhone13	Hannah’s iPhone13		Hannah’s iPhone13 App Version			5a0399337c77622c5b3b0e5e6968e03df905618dd2d1720561ce04d0e5086078_app-version
sensor.hannahs_iphone13_audio_output	mobile_app	Hannah’s iPhone13	Hannah’s iPhone13		Hannah’s iPhone13 Audio Output			5a0399337c77622c5b3b0e5e6968e03df905618dd2d1720561ce04d0e5086078_iphone-audio-output
sensor.hannahs_iphone13_average_active_pace	mobile_app	Hannah’s iPhone13	Hannah’s iPhone13		Hannah’s iPhone13 Average Active Pace			5a0399337c77622c5b3b0e5e6968e03df905618dd2d1720561ce04d0e5086078_pedometer_avg_active_pace
sensor.hannahs_iphone13_battery_level	mobile_app	Hannah’s iPhone13	Hannah’s iPhone13		Hannah’s iPhone13 Battery Level			5a0399337c77622c5b3b0e5e6968e03df905618dd2d1720561ce04d0e5086078_battery_level
sensor.hannahs_iphone13_battery_state	mobile_app	Hannah’s iPhone13	Hannah’s iPhone13		Hannah’s iPhone13 Battery State			5a0399337c77622c5b3b0e5e6968e03df905618dd2d1720561ce04d0e5086078_battery_state
sensor.hannahs_iphone13_bssid	mobile_app	Hannah’s iPhone13	Hannah’s iPhone13		Hannah’s iPhone13 BSSID			5a0399337c77622c5b3b0e5e6968e03df905618dd2d1720561ce04d0e5086078_connectivity_bssid
sensor.hannahs_iphone13_camera_stream	mobile_app	Hannah’s iPhone13	Hannah’s iPhone13		Hannah’s iPhone13 Camera Stream			5a0399337c77622c5b3b0e5e6968e03df905618dd2d1720561ce04d0e5086078_cameraStream
sensor.hannahs_iphone13_connection_type	mobile_app	Hannah’s iPhone13	Hannah’s iPhone13		Hannah’s iPhone13 Connection Type			5a0399337c77622c5b3b0e5e6968e03df905618dd2d1720561ce04d0e5086078_connectivity_connection_type
sensor.hannahs_iphone13_current_cadence	mobile_app	Hannah’s iPhone13	Hannah’s iPhone13		Hannah’s iPhone13 Current Cadence			5a0399337c77622c5b3b0e5e6968e03df905618dd2d1720561ce04d0e5086078_pedometer_current_cadence
sensor.hannahs_iphone13_current_pace	mobile_app	Hannah’s iPhone13	Hannah’s iPhone13		Hannah’s iPhone13 Current Pace			5a0399337c77622c5b3b0e5e6968e03df905618dd2d1720561ce04d0e5086078_pedometer_current_pace
sensor.hannahs_iphone13_distance	mobile_app	Hannah’s iPhone13	Hannah’s iPhone13		Hannah’s iPhone13 Distance			5a0399337c77622c5b3b0e5e6968e03df905618dd2d1720561ce04d0e5086078_pedometer_distance
sensor.hannahs_iphone13_floors_ascended	mobile_app	Hannah’s iPhone13	Hannah’s iPhone13		Hannah’s iPhone13 Floors Ascended			5a0399337c77622c5b3b0e5e6968e03df905618dd2d1720561ce04d0e5086078_pedometer_floors_ascended
sensor.hannahs_iphone13_floors_descended	mobile_app	Hannah’s iPhone13	Hannah’s iPhone13		Hannah’s iPhone13 Floors Descended			5a0399337c77622c5b3b0e5e6968e03df905618dd2d1720561ce04d0e5086078_pedometer_floors_descended
sensor.hannahs_iphone13_geocoded_location	mobile_app	Hannah’s iPhone13	Hannah’s iPhone13		Hannah’s iPhone13 Geocoded Location			5a0399337c77622c5b3b0e5e6968e03df905618dd2d1720561ce04d0e5086078_geocoded_location
sensor.hannahs_iphone13_kiosk_brightness	mobile_app	Hannah’s iPhone13	Hannah’s iPhone13		Hannah’s iPhone13 Kiosk Brightness			5a0399337c77622c5b3b0e5e6968e03df905618dd2d1720561ce04d0e5086078_kioskBrightness
sensor.hannahs_iphone13_kiosk_volume	mobile_app	Hannah’s iPhone13	Hannah’s iPhone13		Hannah’s iPhone13 Kiosk Volume			5a0399337c77622c5b3b0e5e6968e03df905618dd2d1720561ce04d0e5086078_kioskVolume
sensor.hannahs_iphone13_last_update_trigger	mobile_app	Hannah’s iPhone13	Hannah’s iPhone13		Hannah’s iPhone13 Last Update Trigger			5a0399337c77622c5b3b0e5e6968e03df905618dd2d1720561ce04d0e5086078_last_update_trigger
sensor.hannahs_iphone13_location_permission	mobile_app	Hannah’s iPhone13	Hannah’s iPhone13		Hannah’s iPhone13 Location permission			5a0399337c77622c5b3b0e5e6968e03df905618dd2d1720561ce04d0e5086078_location-permission
sensor.hannahs_iphone13_pressure	mobile_app	Hannah’s iPhone13	Hannah’s iPhone13		Hannah’s iPhone13 Pressure			5a0399337c77622c5b3b0e5e6968e03df905618dd2d1720561ce04d0e5086078_pressure
sensor.hannahs_iphone13_sim_1	mobile_app	Hannah’s iPhone13	Hannah’s iPhone13		Hannah’s iPhone13 SIM 1			5a0399337c77622c5b3b0e5e6968e03df905618dd2d1720561ce04d0e5086078_connectivity_sim_1
sensor.hannahs_iphone13_sim_2	mobile_app	Hannah’s iPhone13	Hannah’s iPhone13		Hannah’s iPhone13 SIM 2			5a0399337c77622c5b3b0e5e6968e03df905618dd2d1720561ce04d0e5086078_connectivity_sim_2
sensor.hannahs_iphone13_ssid	mobile_app	Hannah’s iPhone13	Hannah’s iPhone13		Hannah’s iPhone13 SSID			5a0399337c77622c5b3b0e5e6968e03df905618dd2d1720561ce04d0e5086078_connectivity_ssid
sensor.hannahs_iphone13_steps	mobile_app	Hannah’s iPhone13	Hannah’s iPhone13		Hannah’s iPhone13 Steps			5a0399337c77622c5b3b0e5e6968e03df905618dd2d1720561ce04d0e5086078_pedometer_steps
sensor.hannahs_iphone13_storage	mobile_app	Hannah’s iPhone13	Hannah’s iPhone13		Hannah’s iPhone13 Storage			5a0399337c77622c5b3b0e5e6968e03df905618dd2d1720561ce04d0e5086078_storage
sensor.hannahs_iphone_activity	mobile_app	Hannah’s iPhone	Hannah’s iPhone		Hannah’s iPhone Activity			0932139ad7451413777296f0cb5a91cc1e41f06aa37b4e74a614c4da1507373b_activity
sensor.hannahs_iphone_app_version	mobile_app	Hannah’s iPhone	Hannah’s iPhone		Hannah’s iPhone App Version			0932139ad7451413777296f0cb5a91cc1e41f06aa37b4e74a614c4da1507373b_app-version
sensor.hannahs_iphone_app_version_2	mobile_app	Hannah’s iPhone	Hannah’s iPhone		Hannah’s iPhone App Version			a380b30f3e653dafe09b34d9a44f691ba877cd7b7eea135a2876312a5c3bd930_app-version
sensor.hannahs_iphone_audio_output	mobile_app	Hannah’s iPhone	Hannah’s iPhone		Hannah’s iPhone Audio Output			a380b30f3e653dafe09b34d9a44f691ba877cd7b7eea135a2876312a5c3bd930_iphone-audio-output
sensor.hannahs_iphone_average_active_pace	mobile_app	Hannah’s iPhone	Hannah’s iPhone		Hannah’s iPhone Average Active Pace			0932139ad7451413777296f0cb5a91cc1e41f06aa37b4e74a614c4da1507373b_pedometer_avg_active_pace
sensor.hannahs_iphone_battery_level	mobile_app	Hannah’s iPhone	Hannah’s iPhone		Hannah’s iPhone Battery Level			0932139ad7451413777296f0cb5a91cc1e41f06aa37b4e74a614c4da1507373b_battery_level
sensor.hannahs_iphone_battery_level_2	mobile_app	Hannah’s iPhone	Hannah’s iPhone		Hannah’s iPhone Battery Level			a380b30f3e653dafe09b34d9a44f691ba877cd7b7eea135a2876312a5c3bd930_battery_level
sensor.hannahs_iphone_battery_state	mobile_app	Hannah’s iPhone	Hannah’s iPhone		Hannah’s iPhone Battery State			0932139ad7451413777296f0cb5a91cc1e41f06aa37b4e74a614c4da1507373b_battery_state
sensor.hannahs_iphone_battery_state_2	mobile_app	Hannah’s iPhone	Hannah’s iPhone		Hannah’s iPhone Battery State			a380b30f3e653dafe09b34d9a44f691ba877cd7b7eea135a2876312a5c3bd930_battery_state
sensor.hannahs_iphone_bssid	mobile_app	Hannah’s iPhone	Hannah’s iPhone		Hannah’s iPhone BSSID			0932139ad7451413777296f0cb5a91cc1e41f06aa37b4e74a614c4da1507373b_connectivity_bssid
sensor.hannahs_iphone_bssid_2	mobile_app	Hannah’s iPhone	Hannah’s iPhone		Hannah’s iPhone BSSID			a380b30f3e653dafe09b34d9a44f691ba877cd7b7eea135a2876312a5c3bd930_connectivity_bssid
sensor.hannahs_iphone_connection_type	mobile_app	Hannah’s iPhone	Hannah’s iPhone		Hannah’s iPhone Connection Type			0932139ad7451413777296f0cb5a91cc1e41f06aa37b4e74a614c4da1507373b_connectivity_connection_type
sensor.hannahs_iphone_connection_type_2	mobile_app	Hannah’s iPhone	Hannah’s iPhone		Hannah’s iPhone Connection Type			a380b30f3e653dafe09b34d9a44f691ba877cd7b7eea135a2876312a5c3bd930_connectivity_connection_type
sensor.hannahs_iphone_distance	mobile_app	Hannah’s iPhone	Hannah’s iPhone		Hannah’s iPhone Distance			0932139ad7451413777296f0cb5a91cc1e41f06aa37b4e74a614c4da1507373b_pedometer_distance
sensor.hannahs_iphone_floors_ascended	mobile_app	Hannah’s iPhone	Hannah’s iPhone		Hannah’s iPhone Floors Ascended			0932139ad7451413777296f0cb5a91cc1e41f06aa37b4e74a614c4da1507373b_pedometer_floors_ascended
sensor.hannahs_iphone_floors_descended	mobile_app	Hannah’s iPhone	Hannah’s iPhone		Hannah’s iPhone Floors Descended			0932139ad7451413777296f0cb5a91cc1e41f06aa37b4e74a614c4da1507373b_pedometer_floors_descended
sensor.hannahs_iphone_geocoded_location	mobile_app	Hannah’s iPhone	Hannah’s iPhone		Hannah’s iPhone Geocoded Location			0932139ad7451413777296f0cb5a91cc1e41f06aa37b4e74a614c4da1507373b_geocoded_location
sensor.hannahs_iphone_geocoded_location_2	mobile_app	Hannah’s iPhone	Hannah’s iPhone		Hannah’s iPhone Geocoded Location			a380b30f3e653dafe09b34d9a44f691ba877cd7b7eea135a2876312a5c3bd930_geocoded_location
sensor.hannahs_iphone_last_update_trigger	mobile_app	Hannah’s iPhone	Hannah’s iPhone		Hannah’s iPhone Last Update Trigger			0932139ad7451413777296f0cb5a91cc1e41f06aa37b4e74a614c4da1507373b_last_update_trigger
sensor.hannahs_iphone_last_update_trigger_2	mobile_app	Hannah’s iPhone	Hannah’s iPhone		Hannah’s iPhone Last Update Trigger			a380b30f3e653dafe09b34d9a44f691ba877cd7b7eea135a2876312a5c3bd930_last_update_trigger
sensor.hannahs_iphone_location_permission	mobile_app	Hannah’s iPhone	Hannah’s iPhone		Hannah’s iPhone Location permission			0932139ad7451413777296f0cb5a91cc1e41f06aa37b4e74a614c4da1507373b_location-permission
sensor.hannahs_iphone_location_permission_2	mobile_app	Hannah’s iPhone	Hannah’s iPhone		Hannah’s iPhone Location permission			a380b30f3e653dafe09b34d9a44f691ba877cd7b7eea135a2876312a5c3bd930_location-permission
sensor.hannahs_iphone_sim_1	mobile_app	Hannah’s iPhone	Hannah’s iPhone		Hannah’s iPhone SIM 1			0932139ad7451413777296f0cb5a91cc1e41f06aa37b4e74a614c4da1507373b_connectivity_sim_1
sensor.hannahs_iphone_sim_1_2	mobile_app	Hannah’s iPhone	Hannah’s iPhone		Hannah’s iPhone SIM 1			a380b30f3e653dafe09b34d9a44f691ba877cd7b7eea135a2876312a5c3bd930_connectivity_sim_1
sensor.hannahs_iphone_sim_2	mobile_app	Hannah’s iPhone	Hannah’s iPhone		Hannah’s iPhone SIM 2			a380b30f3e653dafe09b34d9a44f691ba877cd7b7eea135a2876312a5c3bd930_connectivity_sim_2
sensor.hannahs_iphone_ssid	mobile_app	Hannah’s iPhone	Hannah’s iPhone		Hannah’s iPhone SSID			0932139ad7451413777296f0cb5a91cc1e41f06aa37b4e74a614c4da1507373b_connectivity_ssid
sensor.hannahs_iphone_ssid_2	mobile_app	Hannah’s iPhone	Hannah’s iPhone		Hannah’s iPhone SSID			a380b30f3e653dafe09b34d9a44f691ba877cd7b7eea135a2876312a5c3bd930_connectivity_ssid
sensor.hannahs_iphone_steps	mobile_app	Hannah’s iPhone	Hannah’s iPhone		Hannah’s iPhone Steps			0932139ad7451413777296f0cb5a91cc1e41f06aa37b4e74a614c4da1507373b_pedometer_steps
sensor.hannahs_iphone_storage	mobile_app	Hannah’s iPhone	Hannah’s iPhone		Hannah’s iPhone Storage			0932139ad7451413777296f0cb5a91cc1e41f06aa37b4e74a614c4da1507373b_storage
sensor.hannahs_iphone_storage_2	mobile_app	Hannah’s iPhone	Hannah’s iPhone		Hannah’s iPhone Storage			a380b30f3e653dafe09b34d9a44f691ba877cd7b7eea135a2876312a5c3bd930_storage
sensor.high_stress_duration	garmin_connect	tongaimaramba@gmail.com	Garmin Connect	Home General	High Stress Duration			tongaimaramba@gmail.com_highStressDuration
sensor.high_stress_percentage	garmin_connect	tongaimaramba@gmail.com	Garmin Connect	Home General	High Stress Percentage	integration		tongaimaramba@gmail.com_highStressPercentage
sensor.highest_respiration	garmin_connect	tongaimaramba@gmail.com	Garmin Connect	Home General	Highest Respiration	integration		tongaimaramba@gmail.com_highestRespirationValue
sensor.highly_active_time	garmin_connect	tongaimaramba@gmail.com	Garmin Connect	Home General	Highly Active Time	integration		tongaimaramba@gmail.com_highlyActiveSeconds
sensor.home_assistant_core_cpu_percent	hassio	Supervisor	Home Assistant Core		CPU percent	integration		home_assistant_core_cpu_percent
sensor.home_assistant_core_memory_percent	hassio	Supervisor	Home Assistant Core		Memory percent	integration		home_assistant_core_memory_percent
sensor.home_assistant_google_drive_backup_cpu_percent	hassio	Supervisor	Home Assistant Google Drive Backup		CPU percent	integration		cebe7a76_hassio_google_drive_backup_cpu_percent
sensor.home_assistant_google_drive_backup_memory_percent	hassio	Supervisor	Home Assistant Google Drive Backup		Memory percent	integration		cebe7a76_hassio_google_drive_backup_memory_percent
sensor.home_assistant_google_drive_backup_newest_version	hassio	Supervisor	Home Assistant Google Drive Backup		Newest version	integration		cebe7a76_hassio_google_drive_backup_version_latest
sensor.home_assistant_google_drive_backup_version	hassio	Supervisor	Home Assistant Google Drive Backup		Version	integration		cebe7a76_hassio_google_drive_backup_version
sensor.home_assistant_host_apparmor_version	hassio	Supervisor	Home Assistant Host		AppArmor version	integration		home_assistant_host_apparmor_version
sensor.home_assistant_host_disk_free	hassio	Supervisor	Home Assistant Host		Disk free	integration		home_assistant_host_disk_free
sensor.home_assistant_host_disk_total	hassio	Supervisor	Home Assistant Host		Disk total	integration		home_assistant_host_disk_total
sensor.home_assistant_host_disk_used	hassio	Supervisor	Home Assistant Host		Disk used	integration		home_assistant_host_disk_used
sensor.home_assistant_host_os_agent_version	hassio	Supervisor	Home Assistant Host		OS Agent version	integration		home_assistant_host_agent_version
sensor.home_assistant_operating_system_newest_version	hassio	Supervisor	Home Assistant Operating System		Newest version	integration		home_assistant_os_version_latest
sensor.home_assistant_operating_system_version	hassio	Supervisor	Home Assistant Operating System		Version	integration		home_assistant_os_version
sensor.home_assistant_supervisor_cpu_percent	hassio	Supervisor	Home Assistant Supervisor		CPU percent	integration		home_assistant_supervisor_cpu_percent
sensor.home_assistant_supervisor_memory_percent	hassio	Supervisor	Home Assistant Supervisor		Memory percent	integration		home_assistant_supervisor_memory_percent
sensor.hue_adore_wall_1_zigbee_connectivity	hue	Hue Bridge 0017882791a0	Loft Bathroom Sink	Loft Bathroom	Zigbee connectivity	integration		f13708b0-6df0-422c-8385-c57b69116024
sensor.hue_dimmer_switch_1_battery	hue	Hue Bridge 0017882791a0	Loft Sink Switch	Loft Bathroom	Battery			52156c0a-0d51-4223-aed3-13baaca959ae
sensor.hue_dimmer_switch_1_battery_2	hue	Hue Bridge 0017882791a0	Hannah Hue Dimmer 	Hannahs Bedroom	Battery			657c7154-b659-4072-a82f-9ea4c0480364
sensor.hue_dimmer_switch_1_battery_level	hue	Hue Bridge 0017882791a0	Piano Lamp Dimmer		Battery			f65f1ca7-710c-421a-9f25-38f163364963
sensor.hue_dimmer_switch_1_zigbee_connectivity	hue	Hue Bridge 0017882791a0	Piano Lamp Dimmer		Zigbee connectivity	integration		a779a351-3585-4dc6-b832-d8ddaf9fe1af
sensor.hue_dimmer_switch_1_zigbee_connectivity_2	hue	Hue Bridge 0017882791a0	Loft Sink Switch	Loft Bathroom	Zigbee connectivity	integration		b7a25539-8c99-4094-ae0a-60395648f73e
sensor.hue_dimmer_switch_1_zigbee_connectivity_3	hue	Hue Bridge 0017882791a0	Hannah Hue Dimmer 	Hannahs Bedroom	Zigbee connectivity	integration		28cb4735-9ba3-4d78-9d6b-bb9f52119723
sensor.hue_dimmer_switch_2_battery	hue	Hue Bridge 0017882791a0	Ellie Hue Dimmer	Ellies Bedroom	Battery			1dca8a13-a76c-460e-a5c0-70a4d6b6ef69
sensor.hue_dimmer_switch_2_zigbee_connectivity	hue	Hue Bridge 0017882791a0	Ellie Hue Dimmer	Ellies Bedroom	Zigbee connectivity	integration		8c8b55dc-73db-48a2-8d2a-cdb51ec57316
sensor.hue_lightstrip_1_zigbee_connectivity	hue	Hue Bridge 0017882791a0	Garage Light Strip		Zigbee connectivity	integration		42d5d860-d6ea-48b6-9cc9-65ac361d65dc
sensor.hue_lightstrip_plus_1_zigbee_connectivity	hue	Hue Bridge 0017882791a0	Desk shelf	Study	Zigbee connectivity	integration		a0b83c1e-b69d-4d91-8f47-1aa855b1d3de
sensor.hue_motion_sensor_1_battery	hue	Hue Bridge 0017882791a0	Loft Bathroom 	Loft Bathroom	Battery			9351b681-14e8-456b-a9d0-1e1444e760ed
sensor.hue_motion_sensor_1_illuminance	hue	Hue Bridge 0017882791a0	Loft Bathroom 	Loft Bathroom	Illuminance			df9dca41-453d-4a8a-9a20-807ac9f91f59
sensor.hue_motion_sensor_1_temperature	hue	Hue Bridge 0017882791a0	Loft Bathroom 	Loft Bathroom	Temperature			9434b382-0257-47d6-936a-7e22e0d6d0ab
sensor.hue_motion_sensor_1_zigbee_connectivity	hue	Hue Bridge 0017882791a0	Loft Bathroom 	Loft Bathroom	Zigbee connectivity	integration		0f26fb19-0e87-409e-a75e-29a2aabf3c98
sensor.hue_motion_sensor_2_battery	hue	Hue Bridge 0017882791a0	Garage Laundry	Kitchen	Battery			70adb240-db1a-4c91-9ec8-ed8f337c5fb7
sensor.hue_motion_sensor_2_illuminance	hue	Hue Bridge 0017882791a0	Garage Laundry	Kitchen	Illuminance			a7ac884d-0226-4959-8542-7b7e08227cf1
sensor.hue_motion_sensor_2_temperature	hue	Hue Bridge 0017882791a0	Garage Laundry	Kitchen	Temperature			346d0385-4080-48a1-886e-d92f43dd12c7
sensor.hue_motion_sensor_2_zigbee_connectivity	hue	Hue Bridge 0017882791a0	Garage Laundry	Kitchen	Zigbee connectivity	integration		8894272d-2f63-40c0-b178-05875faa54fc
sensor.hue_tap_dial_switch_1_battery	hue	Hue Bridge 0017882791a0	Lamps Dial		Battery			58039f83-dd56-4e03-a836-a9a7135b3f50
sensor.hue_tap_dial_switch_1_zigbee_connectivity	hue	Hue Bridge 0017882791a0	Lamps Dial		Zigbee connectivity	integration		8ebcfcfb-7017-4c2a-a9cf-202521672c9f
sensor.hue_white_spot_1_zigbee_connectivity	hue	Hue Bridge 0017882791a0	Downstairs Loo		Zigbee connectivity	integration		dd101722-33f5-45a4-8006-be9807b76452
sensor.identify_344_current_consumption	lightwave2	tongaimaramba@gmail.com	Media Room Wall Lights		Media Room Wall Lights Current Consumption			5d17143ac42a3075031ca5a8-665f686ff812fb9bda578a75_power
sensor.identify_344_current_consumption_2	lightwave2	tongaimaramba@gmail.com	Lounge Wall Lights		Lounge Wall Lights Current Consumption			5d17143ac42a3075031ca5a8-665f686ff812fb9bda578a76_power
sensor.identify_344_total_consumption	lightwave2	tongaimaramba@gmail.com	Media Room Wall Lights		Media Room Wall Lights Total Consumption			5d17143ac42a3075031ca5a8-665f686ff812fb9bda578a75_energy
sensor.identify_344_total_consumption_2	lightwave2	tongaimaramba@gmail.com	Lounge Wall Lights		Lounge Wall Lights Total Consumption			5d17143ac42a3075031ca5a8-665f686ff812fb9bda578a76_energy
sensor.ims_0152_10d3_estimated_distance	ibeacon	iBeacon Tracker	IMS-0152 10D3		Estimated distance			e08d4118-15d6-11e6-a148-3e1d05defe78_8898_7128_EA:C3:78:5C:10:D3_estimated_distance
sensor.ims_0152_10d3_power	ibeacon	iBeacon Tracker	IMS-0152 10D3		Power	integration		e08d4118-15d6-11e6-a148-3e1d05defe78_8898_7128_EA:C3:78:5C:10:D3_power
sensor.ims_0152_10d3_signal_strength	ibeacon	iBeacon Tracker	IMS-0152 10D3		Signal strength	integration		e08d4118-15d6-11e6-a148-3e1d05defe78_8898_7128_EA:C3:78:5C:10:D3_rssi
sensor.ims_0152_10d3_vendor	ibeacon	iBeacon Tracker	IMS-0152 10D3		Vendor	integration		e08d4118-15d6-11e6-a148-3e1d05defe78_8898_7128_EA:C3:78:5C:10:D3_vendor
sensor.ims_1628_bd61_estimated_distance	ibeacon	iBeacon Tracker	IMS-1628 BD61		Estimated distance			e08d4118-15d6-11e6-a148-3e1d05defe78_19862_18012_FF:0E:AE:29:BD:61_estimated_distance
sensor.ims_1628_bd61_power	ibeacon	iBeacon Tracker	IMS-1628 BD61		Power	integration		e08d4118-15d6-11e6-a148-3e1d05defe78_19862_18012_FF:0E:AE:29:BD:61_power
sensor.ims_1628_bd61_signal_strength	ibeacon	iBeacon Tracker	IMS-1628 BD61		Signal strength	integration		e08d4118-15d6-11e6-a148-3e1d05defe78_19862_18012_FF:0E:AE:29:BD:61_rssi
sensor.ims_1628_bd61_vendor	ibeacon	iBeacon Tracker	IMS-1628 BD61		Vendor	integration		e08d4118-15d6-11e6-a148-3e1d05defe78_19862_18012_FF:0E:AE:29:BD:61_vendor
sensor.ims_1940_6772_estimated_distance	ibeacon	iBeacon Tracker	IMS-1940 6772		Estimated distance			e08d4118-15d6-11e6-a148-3e1d05defe78_17646_17748_D1:AA:D2:4F:67:72_estimated_distance
sensor.ims_1940_6772_power	ibeacon	iBeacon Tracker	IMS-1940 6772		Power	integration		e08d4118-15d6-11e6-a148-3e1d05defe78_17646_17748_D1:AA:D2:4F:67:72_power
sensor.ims_1940_6772_signal_strength	ibeacon	iBeacon Tracker	IMS-1940 6772		Signal strength	integration		e08d4118-15d6-11e6-a148-3e1d05defe78_17646_17748_D1:AA:D2:4F:67:72_rssi
sensor.ims_1940_6772_vendor	ibeacon	iBeacon Tracker	IMS-1940 6772		Vendor	integration		e08d4118-15d6-11e6-a148-3e1d05defe78_17646_17748_D1:AA:D2:4F:67:72_vendor
sensor.ims_2005_30d0_estimated_distance	ibeacon	iBeacon Tracker	IMS-2005 30D0		Estimated distance			e08d4118-15d6-11e6-a148-3e1d05defe78_29040_61077_C2:03:0E:0D:30:D0_estimated_distance
sensor.ims_2005_30d0_power	ibeacon	iBeacon Tracker	IMS-2005 30D0		Power	integration		e08d4118-15d6-11e6-a148-3e1d05defe78_29040_61077_C2:03:0E:0D:30:D0_power
sensor.ims_2005_30d0_signal_strength	ibeacon	iBeacon Tracker	IMS-2005 30D0		Signal strength	integration		e08d4118-15d6-11e6-a148-3e1d05defe78_29040_61077_C2:03:0E:0D:30:D0_rssi
sensor.ims_2005_30d0_vendor	ibeacon	iBeacon Tracker	IMS-2005 30D0		Vendor	integration		e08d4118-15d6-11e6-a148-3e1d05defe78_29040_61077_C2:03:0E:0D:30:D0_vendor
sensor.ims_2110_f584_estimated_distance	ibeacon	iBeacon Tracker	IMS-2110 F584		Estimated distance			e08d4118-15d6-11e6-a148-3e1d05defe78_1500_31534_E9:8F:A2:F6:F5:84_estimated_distance
sensor.ims_2110_f584_power	ibeacon	iBeacon Tracker	IMS-2110 F584		Power	integration		e08d4118-15d6-11e6-a148-3e1d05defe78_1500_31534_E9:8F:A2:F6:F5:84_power
sensor.ims_2110_f584_signal_strength	ibeacon	iBeacon Tracker	IMS-2110 F584		Signal strength	integration		e08d4118-15d6-11e6-a148-3e1d05defe78_1500_31534_E9:8F:A2:F6:F5:84_rssi
sensor.ims_2110_f584_vendor	ibeacon	iBeacon Tracker	IMS-2110 F584		Vendor	integration		e08d4118-15d6-11e6-a148-3e1d05defe78_1500_31534_E9:8F:A2:F6:F5:84_vendor
sensor.ims_2429_8496_estimated_distance	ibeacon	iBeacon Tracker	IMS-2429 8496		Estimated distance			e08d4118-15d6-11e6-a148-3e1d05defe78_15594_36973_E9:EB:1C:D6:84:96_estimated_distance
sensor.ims_2429_8496_power	ibeacon	iBeacon Tracker	IMS-2429 8496		Power	integration		e08d4118-15d6-11e6-a148-3e1d05defe78_15594_36973_E9:EB:1C:D6:84:96_power
sensor.ims_2429_8496_signal_strength	ibeacon	iBeacon Tracker	IMS-2429 8496		Signal strength	integration		e08d4118-15d6-11e6-a148-3e1d05defe78_15594_36973_E9:EB:1C:D6:84:96_rssi
sensor.ims_2429_8496_vendor	ibeacon	iBeacon Tracker	IMS-2429 8496		Vendor	integration		e08d4118-15d6-11e6-a148-3e1d05defe78_15594_36973_E9:EB:1C:D6:84:96_vendor
sensor.ims_3179_d4ee_estimated_distance	ibeacon	iBeacon Tracker	IMS-3179 D4EE		Estimated distance			e08d4118-15d6-11e6-a148-3e1d05defe78_27518_37387_D6:F8:40:5B:D4:EE_estimated_distance
sensor.ims_3179_d4ee_power	ibeacon	iBeacon Tracker	IMS-3179 D4EE		Power	integration		e08d4118-15d6-11e6-a148-3e1d05defe78_27518_37387_D6:F8:40:5B:D4:EE_power
sensor.ims_3179_d4ee_signal_strength	ibeacon	iBeacon Tracker	IMS-3179 D4EE		Signal strength	integration		e08d4118-15d6-11e6-a148-3e1d05defe78_27518_37387_D6:F8:40:5B:D4:EE_rssi
sensor.ims_3179_d4ee_vendor	ibeacon	iBeacon Tracker	IMS-3179 D4EE		Vendor	integration		e08d4118-15d6-11e6-a148-3e1d05defe78_27518_37387_D6:F8:40:5B:D4:EE_vendor
sensor.ims_3289_62ca_estimated_distance	ibeacon	iBeacon Tracker	IMS-3289 62CA		Estimated distance			e08d4118-15d6-11e6-a148-3e1d05defe78_19206_56425_F6:E6:7A:69:62:CA_estimated_distance
sensor.ims_3289_62ca_power	ibeacon	iBeacon Tracker	IMS-3289 62CA		Power	integration		e08d4118-15d6-11e6-a148-3e1d05defe78_19206_56425_F6:E6:7A:69:62:CA_power
sensor.ims_3289_62ca_signal_strength	ibeacon	iBeacon Tracker	IMS-3289 62CA		Signal strength	integration		e08d4118-15d6-11e6-a148-3e1d05defe78_19206_56425_F6:E6:7A:69:62:CA_rssi
sensor.ims_3289_62ca_vendor	ibeacon	iBeacon Tracker	IMS-3289 62CA		Vendor	integration		e08d4118-15d6-11e6-a148-3e1d05defe78_19206_56425_F6:E6:7A:69:62:CA_vendor
sensor.ims_4561_cdb0_estimated_distance	ibeacon	iBeacon Tracker	IMS-4561 CDB0		Estimated distance			e08d4118-15d6-11e6-a148-3e1d05defe78_62570_63233_EC:64:09:14:CD:B0_estimated_distance
sensor.ims_4561_cdb0_power	ibeacon	iBeacon Tracker	IMS-4561 CDB0		Power	integration		e08d4118-15d6-11e6-a148-3e1d05defe78_62570_63233_EC:64:09:14:CD:B0_power
sensor.ims_4561_cdb0_signal_strength	ibeacon	iBeacon Tracker	IMS-4561 CDB0		Signal strength	integration		e08d4118-15d6-11e6-a148-3e1d05defe78_62570_63233_EC:64:09:14:CD:B0_rssi
sensor.ims_4561_cdb0_vendor	ibeacon	iBeacon Tracker	IMS-4561 CDB0		Vendor	integration		e08d4118-15d6-11e6-a148-3e1d05defe78_62570_63233_EC:64:09:14:CD:B0_vendor
sensor.ims_5193_1d48_estimated_distance	ibeacon	iBeacon Tracker	IMS-5193 1D48		Estimated distance			e08d4118-15d6-11e6-a148-3e1d05defe78_48372_19465_D9:8F:7A:83:1D:48_estimated_distance
sensor.ims_5193_1d48_power	ibeacon	iBeacon Tracker	IMS-5193 1D48		Power	integration		e08d4118-15d6-11e6-a148-3e1d05defe78_48372_19465_D9:8F:7A:83:1D:48_power
sensor.ims_5193_1d48_signal_strength	ibeacon	iBeacon Tracker	IMS-5193 1D48		Signal strength	integration		e08d4118-15d6-11e6-a148-3e1d05defe78_48372_19465_D9:8F:7A:83:1D:48_rssi
sensor.ims_5193_1d48_vendor	ibeacon	iBeacon Tracker	IMS-5193 1D48		Vendor	integration		e08d4118-15d6-11e6-a148-3e1d05defe78_48372_19465_D9:8F:7A:83:1D:48_vendor
sensor.ims_5514_3ea1_estimated_distance	ibeacon	iBeacon Tracker	IMS-5514 3EA1		Estimated distance			e08d4118-15d6-11e6-a148-3e1d05defe78_42759_58762_D3:40:CB:A3:3E:A1_estimated_distance
sensor.ims_5514_3ea1_power	ibeacon	iBeacon Tracker	IMS-5514 3EA1		Power	integration		e08d4118-15d6-11e6-a148-3e1d05defe78_42759_58762_D3:40:CB:A3:3E:A1_power
sensor.ims_5514_3ea1_signal_strength	ibeacon	iBeacon Tracker	IMS-5514 3EA1		Signal strength	integration		e08d4118-15d6-11e6-a148-3e1d05defe78_42759_58762_D3:40:CB:A3:3E:A1_rssi
sensor.ims_5514_3ea1_vendor	ibeacon	iBeacon Tracker	IMS-5514 3EA1		Vendor	integration		e08d4118-15d6-11e6-a148-3e1d05defe78_42759_58762_D3:40:CB:A3:3E:A1_vendor
sensor.ims_7046_0aa3_estimated_distance	ibeacon	iBeacon Tracker	IMS-7046 0AA3		Estimated distance			e08d4118-15d6-11e6-a148-3e1d05defe78_53246_50614_D6:1C:B4:73:0A:A3_estimated_distance
sensor.ims_7046_0aa3_power	ibeacon	iBeacon Tracker	IMS-7046 0AA3		Power	integration		e08d4118-15d6-11e6-a148-3e1d05defe78_53246_50614_D6:1C:B4:73:0A:A3_power
sensor.ims_7046_0aa3_signal_strength	ibeacon	iBeacon Tracker	IMS-7046 0AA3		Signal strength	integration		e08d4118-15d6-11e6-a148-3e1d05defe78_53246_50614_D6:1C:B4:73:0A:A3_rssi
sensor.ims_7046_0aa3_vendor	ibeacon	iBeacon Tracker	IMS-7046 0AA3		Vendor	integration		e08d4118-15d6-11e6-a148-3e1d05defe78_53246_50614_D6:1C:B4:73:0A:A3_vendor
sensor.ims_7658_ae46_estimated_distance	ibeacon	iBeacon Tracker	IMS-7658 AE46		Estimated distance			e08d4118-15d6-11e6-a148-3e1d05defe78_28717_24010_E5:02:F3:D4:AE:46_estimated_distance
sensor.ims_7658_ae46_power	ibeacon	iBeacon Tracker	IMS-7658 AE46		Power	integration		e08d4118-15d6-11e6-a148-3e1d05defe78_28717_24010_E5:02:F3:D4:AE:46_power
sensor.ims_7658_ae46_signal_strength	ibeacon	iBeacon Tracker	IMS-7658 AE46		Signal strength	integration		e08d4118-15d6-11e6-a148-3e1d05defe78_28717_24010_E5:02:F3:D4:AE:46_rssi
sensor.ims_7658_ae46_vendor	ibeacon	iBeacon Tracker	IMS-7658 AE46		Vendor	integration		e08d4118-15d6-11e6-a148-3e1d05defe78_28717_24010_E5:02:F3:D4:AE:46_vendor
sensor.intensity_goal	garmin_connect	tongaimaramba@gmail.com	Garmin Connect	Home General	Intensity Goal	integration		tongaimaramba@gmail.com_intensityMinutesGoal
sensor.inverter_all_pv_wattage	growatt_server_api	tojgan-solar	Inverter	Garage	Inverter All PV Wattage			KTM0CM50CC-mix_wattage_pv_all
sensor.inverter_battery_charged_today	growatt_server_api	tojgan-solar	Inverter	Garage	Inverter Battery charged today			KTM0CM50CC-mix_battery_charge_today
sensor.inverter_battery_charging	growatt_server_api	tojgan-solar	Inverter	Garage	Inverter Battery charging			KTM0CM50CC-mix_battery_charge
sensor.inverter_battery_discharged_today	growatt_server_api	tojgan-solar	Inverter	Garage	Inverter Battery discharged today			KTM0CM50CC-mix_battery_discharge_today
sensor.inverter_battery_discharging_kw	growatt_server_api	tojgan-solar	Inverter	Garage	Inverter Battery discharging kW			KTM0CM50CC-mix_battery_discharge_kw
sensor.inverter_battery_discharging_w	growatt_server_api	tojgan-solar	Inverter	Garage	Inverter Battery discharging W			KTM0CM50CC-mix_battery_discharge_w
sensor.inverter_battery_voltage	growatt_server_api	tojgan-solar	Inverter	Garage	Inverter Battery voltage			KTM0CM50CC-mix_battery_voltage
sensor.inverter_export_to_grid	growatt_server_api	tojgan-solar	Inverter	Garage	Inverter Export to grid			KTM0CM50CC-mix_export_to_grid
sensor.inverter_export_to_grid_today	growatt_server_api	tojgan-solar	Inverter	Garage	Inverter Export to grid today			KTM0CM50CC-mix_export_to_grid_today
sensor.inverter_grid_voltage	growatt_server_api	tojgan-solar	Inverter	Garage	Inverter Grid voltage			KTM0CM50CC-mix_grid_voltage
sensor.inverter_import_from_grid	growatt_server_api	tojgan-solar	Inverter	Garage	Inverter Import from grid			KTM0CM50CC-mix_import_from_grid
sensor.inverter_import_from_grid_today_load	growatt_server_api	tojgan-solar	Inverter	Garage	Inverter Import from grid today (load)			KTM0CM50CC-mix_import_from_grid_today
sensor.inverter_import_from_grid_today_load_charging	growatt_server_api	tojgan-solar	Inverter	Garage	Inverter Import from grid today (load + charging)			KTM0CM50CC-mix_import_from_grid_today_combined
sensor.inverter_last_data_update	growatt_server_api	tojgan-solar	Inverter	Garage	Inverter Last Data Update			KTM0CM50CC-mix_last_update
sensor.inverter_lifetime_battery_charged	growatt_server_api	tojgan-solar	Inverter	Garage	Inverter Lifetime battery charged			KTM0CM50CC-mix_battery_charge_lifetime
sensor.inverter_lifetime_battery_discharged	growatt_server_api	tojgan-solar	Inverter	Garage	Inverter Lifetime battery discharged			KTM0CM50CC-mix_battery_discharge_lifetime
sensor.inverter_lifetime_export_to_grid	growatt_server_api	tojgan-solar	Inverter	Garage	Inverter Lifetime export to grid			KTM0CM50CC-mix_export_to_grid_lifetime
sensor.inverter_lifetime_load_consumption	growatt_server_api	tojgan-solar	Inverter	Garage	Inverter Lifetime load consumption			KTM0CM50CC-mix_load_consumption_lifetime
sensor.inverter_lifetime_solar_energy	growatt_server_api	tojgan-solar	Inverter	Garage	Inverter Lifetime solar energy			KTM0CM50CC-mix_solar_generation_lifetime
sensor.inverter_load_consumption	growatt_server_api	tojgan-solar	Inverter	Garage	Inverter Load consumption			KTM0CM50CC-mix_load_consumption
sensor.inverter_load_consumption_today	growatt_server_api	tojgan-solar	Inverter	Garage	Inverter Load consumption today			KTM0CM50CC-mix_load_consumption_today
sensor.inverter_load_consumption_today_battery	growatt_server_api	tojgan-solar	Inverter	Garage	Inverter Load consumption today (battery)			KTM0CM50CC-mix_load_consumption_battery_today
sensor.inverter_load_consumption_today_solar	growatt_server_api	tojgan-solar	Inverter	Garage	Inverter Load consumption today (solar)			KTM0CM50CC-mix_load_consumption_solar_today
sensor.inverter_pv1_voltage	growatt_server_api	tojgan-solar	Inverter	Garage	Inverter PV1 voltage			KTM0CM50CC-mix_pv1_voltage
sensor.inverter_pv1_wattage	growatt_server_api	tojgan-solar	Inverter	Garage	Inverter PV1 Wattage			KTM0CM50CC-mix_wattage_pv_1
sensor.inverter_pv2_voltage	growatt_server_api	tojgan-solar	Inverter	Garage	Inverter PV2 voltage			KTM0CM50CC-mix_pv2_voltage
sensor.inverter_pv2_wattage	growatt_server_api	tojgan-solar	Inverter	Garage	Inverter PV2 Wattage			KTM0CM50CC-mix_wattage_pv_2
sensor.inverter_self_consumption_today_solar_battery	growatt_server_api	tojgan-solar	Inverter	Garage	Inverter Self consumption today (solar + battery)			KTM0CM50CC-mix_self_consumption_today
sensor.inverter_solar_energy_today	growatt_server_api	tojgan-solar	Inverter	Garage	Inverter Solar energy today			KTM0CM50CC-mix_solar_generation_today
sensor.inverter_statement_of_charge	growatt_server_api	tojgan-solar	Inverter	Garage	Inverter Statement of charge			KTM0CM50CC-mix_statement_of_charge
sensor.inverter_system_production_today_self_consumption_export	growatt_server_api	tojgan-solar	Inverter	Garage	Inverter System production today (self-consumption + export)			KTM0CM50CC-mix_system_production_today
sensor.ipad_battery_level	mobile_app	iPad	Hanpad		iPad Battery Level			540eea5b975c076c15617df62f7310a7fb3f0fee2e6a8f11da5084ca204933cd_battery_level
sensor.ipad_battery_state	mobile_app	iPad	Hanpad		iPad Battery State			540eea5b975c076c15617df62f7310a7fb3f0fee2e6a8f11da5084ca204933cd_battery_state
sensor.ipad_bssid	mobile_app	iPad	Hanpad		iPad BSSID			540eea5b975c076c15617df62f7310a7fb3f0fee2e6a8f11da5084ca204933cd_connectivity_bssid
sensor.ipad_connection_type	mobile_app	iPad	Hanpad		iPad Connection Type			540eea5b975c076c15617df62f7310a7fb3f0fee2e6a8f11da5084ca204933cd_connectivity_connection_type
sensor.ipad_geocoded_location	mobile_app	iPad	Hanpad		iPad Geocoded Location			540eea5b975c076c15617df62f7310a7fb3f0fee2e6a8f11da5084ca204933cd_geocoded_location
sensor.ipad_last_update_trigger	mobile_app	iPad	Hanpad		iPad Last Update Trigger			540eea5b975c076c15617df62f7310a7fb3f0fee2e6a8f11da5084ca204933cd_last_update_trigger
sensor.ipad_ssid	mobile_app	iPad	Hanpad		iPad SSID			540eea5b975c076c15617df62f7310a7fb3f0fee2e6a8f11da5084ca204933cd_connectivity_ssid
sensor.ipad_storage	mobile_app	iPad	Hanpad		iPad Storage			540eea5b975c076c15617df62f7310a7fb3f0fee2e6a8f11da5084ca204933cd_storage
sensor.iphone_32_battery_level	mobile_app	iPhone (32)	iPhone (32)		iPhone (32) Battery Level			42545204a0774ca1cf08f3e3fa7566c5dcbeb3db4658f3915199c8fb0d916027_battery_level
sensor.iphone_32_battery_state	mobile_app	iPhone (32)	iPhone (32)		iPhone (32) Battery State			42545204a0774ca1cf08f3e3fa7566c5dcbeb3db4658f3915199c8fb0d916027_battery_state
sensor.iphone_32_bssid	mobile_app	iPhone (32)	iPhone (32)		iPhone (32) BSSID			42545204a0774ca1cf08f3e3fa7566c5dcbeb3db4658f3915199c8fb0d916027_connectivity_bssid
sensor.iphone_32_connection_type	mobile_app	iPhone (32)	iPhone (32)		iPhone (32) Connection Type			42545204a0774ca1cf08f3e3fa7566c5dcbeb3db4658f3915199c8fb0d916027_connectivity_connection_type
sensor.iphone_32_geocoded_location	mobile_app	iPhone (32)	iPhone (32)		iPhone (32) Geocoded Location			42545204a0774ca1cf08f3e3fa7566c5dcbeb3db4658f3915199c8fb0d916027_geocoded_location
sensor.iphone_32_last_update_trigger	mobile_app	iPhone (32)	iPhone (32)		iPhone (32) Last Update Trigger			42545204a0774ca1cf08f3e3fa7566c5dcbeb3db4658f3915199c8fb0d916027_last_update_trigger
sensor.iphone_32_sim_1	mobile_app	iPhone (32)	iPhone (32)		iPhone (32) SIM 1			42545204a0774ca1cf08f3e3fa7566c5dcbeb3db4658f3915199c8fb0d916027_connectivity_sim_1
sensor.iphone_32_sim_2	mobile_app	iPhone (32)	iPhone (32)		iPhone (32) SIM 2			42545204a0774ca1cf08f3e3fa7566c5dcbeb3db4658f3915199c8fb0d916027_connectivity_sim_2
sensor.iphone_32_ssid	mobile_app	iPhone (32)	iPhone (32)		iPhone (32) SSID			42545204a0774ca1cf08f3e3fa7566c5dcbeb3db4658f3915199c8fb0d916027_connectivity_ssid
sensor.iphone_32_storage	mobile_app	iPhone (32)	iPhone (32)		iPhone (32) Storage			42545204a0774ca1cf08f3e3fa7566c5dcbeb3db4658f3915199c8fb0d916027_storage
sensor.isla_switch_battery_level	hue	Hue Bridge 0017882791a0	Study Switch	Isla Bedroom	Battery			476abea5-3c36-460c-a6e4-96fbdf49eaab
sensor.isla_switch_zigbee_connectivity	hue	Hue Bridge 0017882791a0	Study Switch	Isla Bedroom	Zigbee connectivity	integration		b57a5118-a936-4f4d-b33c-f5f060b43fd1
sensor.john_s_bike	garmin_connect	tongaimaramba@gmail.com	Garmin Connect	Home General	John's Bike			tongaimaramba@gmail.com_e5ab3b1e7fba4a878a2672364d43068b
sensor.kitchen_current_consumption	lightwave2	tongaimaramba@gmail.com	Kitchen Spotlights	Dining Area	Kitchen Current Consumption			5d17143ac42a3075031ca5a8-5e68f516213a0d46ddf774a4_power
sensor.kitchen_current_consumption_2	lightwave2	tongaimaramba@gmail.com	Dining Spotlights	Dining Area	Kitchen Current Consumption			5d17143ac42a3075031ca5a8-5e68f516213a0d46ddf774a5_power
sensor.kitchen_illuminance	hue	Hue Bridge 0017882791a0	Kitchen	Kitchen	Illuminance			c443c177-eb57-4725-b91b-dff49e49aba8
sensor.kitchen_switch_battery_level	hue	Hue Bridge 0017882791a0	Kitchen switch	Kitchen	Battery			c5189302-8a39-4057-bab3-3aa494dc3332
sensor.kitchen_switch_zigbee_connectivity	hue	Hue Bridge 0017882791a0	Kitchen switch	Kitchen	Zigbee connectivity	integration		ad36a418-35fc-4c65-8151-f8563eb49329
sensor.kitchen_total_consumption	lightwave2	tongaimaramba@gmail.com	Kitchen Spotlights	Dining Area	Kitchen Total Consumption			5d17143ac42a3075031ca5a8-5e68f516213a0d46ddf774a4_energy
sensor.kitchen_total_consumption_2	lightwave2	tongaimaramba@gmail.com	Dining Spotlights	Dining Area	Kitchen Total Consumption			5d17143ac42a3075031ca5a8-5e68f516213a0d46ddf774a5_energy
sensor.kitchen_worktop	eventsensor	kitchen_worktop			kitchen_worktop			hue_event_id_kitchen_switch_button_subtype_1_1_click_2_2_click_3_3_click_4_4_click
sensor.kitchen_worktop_zigbee_connectivity	hue	Hue Bridge 0017882791a0	Kitchen Worktop	Kitchen	Zigbee connectivity	integration		3358131b-393a-4f64-b2dd-aa448fe06980
sensor.landing_blind_landing_blind_position	esphome	landing-blind	landing-blind	Loft	Landing Blind Position			34:85:18:03:D8:A8-sensor-landing_blind_position
sensor.last_7_days_avg_heart_rate	garmin_connect	tongaimaramba@gmail.com	Garmin Connect	Home General	Last 7 Days Avg Heart Rate	integration		tongaimaramba@gmail.com_lastSevenDaysAvgRestingHeartRate
sensor.last_activities	garmin_connect	tongaimaramba@gmail.com	Garmin Connect	Home General	Last Activities	integration		tongaimaramba@gmail.com_lastActivities
sensor.latest_respiration	garmin_connect	tongaimaramba@gmail.com	Garmin Connect	Home General	Latest Respiration	integration		tongaimaramba@gmail.com_latestRespirationValue
sensor.latest_respiration_update	garmin_connect	tongaimaramba@gmail.com	Garmin Connect	Home General	Latest Respiration Update	integration		tongaimaramba@gmail.com_latestRespirationTimeGMT
sensor.latest_spo2	garmin_connect	tongaimaramba@gmail.com	Garmin Connect	Home General	Latest SPO2			tongaimaramba@gmail.com_latestSpo2
sensor.latest_spo2_time	garmin_connect	tongaimaramba@gmail.com	Garmin Connect	Home General	Latest SPO2 Time	integration		tongaimaramba@gmail.com_latestSpo2ReadingTimeLocal
sensor.leapmotor_digitalkey_6b0c_estimated_distance	ibeacon	iBeacon Tracker	Leapmotor_DigitalKey 6B0C		Estimated distance			feff0000-0000-0000-0000-000000000000_0_0_44:3E:8A:9D:6B:0C_estimated_distance
sensor.leapmotor_digitalkey_6b0c_power	ibeacon	iBeacon Tracker	Leapmotor_DigitalKey 6B0C		Power	integration		feff0000-0000-0000-0000-000000000000_0_0_44:3E:8A:9D:6B:0C_power
sensor.leapmotor_digitalkey_6b0c_signal_strength	ibeacon	iBeacon Tracker	Leapmotor_DigitalKey 6B0C		Signal strength	integration		feff0000-0000-0000-0000-000000000000_0_0_44:3E:8A:9D:6B:0C_rssi
sensor.leapmotor_digitalkey_6b0c_vendor	ibeacon	iBeacon Tracker	Leapmotor_DigitalKey 6B0C		Vendor	integration		feff0000-0000-0000-0000-000000000000_0_0_44:3E:8A:9D:6B:0C_vendor
sensor.leapmotor_digitalkey_8e54_estimated_distance	ibeacon	iBeacon Tracker	Leapmotor_DigitalKey 8E54		Estimated distance			feff0000-0000-0000-0000-000000000000_0_0_34:C4:59:C3:8E:54_estimated_distance
sensor.leapmotor_digitalkey_8e54_power	ibeacon	iBeacon Tracker	Leapmotor_DigitalKey 8E54		Power	integration		feff0000-0000-0000-0000-000000000000_0_0_34:C4:59:C3:8E:54_power
sensor.leapmotor_digitalkey_8e54_signal_strength	ibeacon	iBeacon Tracker	Leapmotor_DigitalKey 8E54		Signal strength	integration		feff0000-0000-0000-0000-000000000000_0_0_34:C4:59:C3:8E:54_rssi
sensor.leapmotor_digitalkey_8e54_vendor	ibeacon	iBeacon Tracker	Leapmotor_DigitalKey 8E54		Vendor	integration		feff0000-0000-0000-0000-000000000000_0_0_34:C4:59:C3:8E:54_vendor
sensor.linkplus_dawn_time	lightwave2	tongaimaramba@gmail.com	LinkPlus	Garage	LinkPlus Dawn Time			5d17143ac42a3075031ca5a8-5d17143ac42a3075031ca5b1_dawnTime
sensor.linkplus_dusk_time	lightwave2	tongaimaramba@gmail.com	LinkPlus	Garage	LinkPlus Dusk Time			5d17143ac42a3075031ca5a8-5d17143ac42a3075031ca5b1_duskTime
sensor.linkplus_last_event_received	lightwave2	tongaimaramba@gmail.com	LinkPlus	Garage	LinkPlus Last Event Received			5d17143ac42a3075031ca5a8-5d17143ac42a3075031ca5b1_lastEvent
sensor.litra_beam_463b_estimated_distance	ibeacon	iBeacon Tracker	Litra Beam 463B		Estimated distance			a92ee200-5501-11e4-916c-0800200c9a66_12278_16893_E2:0F:08:22:46:3B_estimated_distance
sensor.litra_beam_463b_power	ibeacon	iBeacon Tracker	Litra Beam 463B		Power	integration		a92ee200-5501-11e4-916c-0800200c9a66_12278_16893_E2:0F:08:22:46:3B_power
sensor.litra_beam_463b_signal_strength	ibeacon	iBeacon Tracker	Litra Beam 463B		Signal strength	integration		a92ee200-5501-11e4-916c-0800200c9a66_12278_16893_E2:0F:08:22:46:3B_rssi
sensor.litra_beam_463b_vendor	ibeacon	iBeacon Tracker	Litra Beam 463B		Vendor	integration		a92ee200-5501-11e4-916c-0800200c9a66_12278_16893_E2:0F:08:22:46:3B_vendor
sensor.loft_bathroom_illuminance	hue	Hue Bridge 0017882791a0	Loft Bathroom	Loft Bathroom	Illuminance			4ea1a656-e058-4468-b566-e927b0249c12
sensor.loft_blind_loft_suite_blind_position	esphome	loft-blind	loft-blind		Loft Suite Blind Position			AC:0B:FB:D7:F6:97-sensor-loft_suite_blind_position
sensor.loft_controller_loft_suite_blind_position	esphome	Loft Controller	Loft Controller	Loft	Loft Suite Blind Position			F4:65:0B:07:AB:34-sensor-loft_suite_blind_position
sensor.loft_suite_spotlights_current_consumption	lightwave2	tongaimaramba@gmail.com	Loft Suite Spotlights	Loft Suite	Loft Suite Spotlights Current Consumption			5d17143ac42a3075031ca5a8-658da652fcf6321ec512ac19_power
sensor.loft_suite_spotlights_total_consumption	lightwave2	tongaimaramba@gmail.com	Loft Suite Spotlights	Loft Suite	Loft Suite Spotlights Total Consumption			5d17143ac42a3075031ca5a8-658da652fcf6321ec512ac19_energy
sensor.lounge_dim_current_consumption	lightwave2	tongaimaramba@gmail.com	Lounge dim	Living Room	Lounge dim Current Consumption			5d17143ac42a3075031ca5a8-5dcfce99909866214d6f9632_power
sensor.lounge_dim_current_consumption_2	lightwave2	tongaimaramba@gmail.com	Lounge Spotlights	Living Room	Lounge dim Current Consumption			5d17143ac42a3075031ca5a8-5dcfce99909866214d6f9633_power
sensor.lounge_dim_total_consumption	lightwave2	tongaimaramba@gmail.com	Lounge dim	Living Room	Lounge dim Total Consumption			5d17143ac42a3075031ca5a8-5dcfce99909866214d6f9632_energy
sensor.lounge_dim_total_consumption_2	lightwave2	tongaimaramba@gmail.com	Lounge Spotlights	Living Room	Lounge dim Total Consumption			5d17143ac42a3075031ca5a8-5dcfce99909866214d6f9633_energy
sensor.lounge_lamp_dimmer	eventsensor	lounge_lamp_dimmer			lounge_lamp_dimmer			hue_event_id_hue_dimmer_switch_1_button_subtype_1_1_click_2_2_click_3_3_click_4_4_click
sensor.lounge_lamp_printer_zigbee_connectivity	hue	Hue Bridge 0017882791a0	Ellie Standing Lamp	Living Room	Zigbee connectivity	integration		d2176fc3-4b2b-4a28-ba25-d43ea559fa4b
sensor.lounge_lamp_sofa_zigbee_connectivity	hue	Hue Bridge 0017882791a0	Lounge Lamp - Poppy	Living Room	Zigbee connectivity	integration		5fcb2b54-7ae1-4eb1-acc8-6f58562b66d0
sensor.low_stress_duration	garmin_connect	tongaimaramba@gmail.com	Garmin Connect	Home General	Low Stress Duration			tongaimaramba@gmail.com_lowStressDuration
sensor.low_stress_percentage	garmin_connect	tongaimaramba@gmail.com	Garmin Connect	Home General	Low Stress Percentage	integration		tongaimaramba@gmail.com_lowStressPercentage
sensor.lowest_respiration	garmin_connect	tongaimaramba@gmail.com	Garmin Connect	Home General	Lowest Respiration	integration		tongaimaramba@gmail.com_lowestRespirationValue
sensor.lowest_spo2	garmin_connect	tongaimaramba@gmail.com	Garmin Connect	Home General	Lowest SPO2			tongaimaramba@gmail.com_lowestSpo2
sensor.m2_connect_d1c62a252a64_estimated_distance	ibeacon	iBeacon Tracker	M2+ Connect_D1C62A252A64		Estimated distance			18bae0e7-a7f7-4148-8b65-396f1ec41684_1_1_D1:C6:2A:25:2A:64_estimated_distance
sensor.m2_connect_d1c62a252a64_power	ibeacon	iBeacon Tracker	M2+ Connect_D1C62A252A64		Power	integration		18bae0e7-a7f7-4148-8b65-396f1ec41684_1_1_D1:C6:2A:25:2A:64_power
sensor.m2_connect_d1c62a252a64_signal_strength	ibeacon	iBeacon Tracker	M2+ Connect_D1C62A252A64		Signal strength	integration		18bae0e7-a7f7-4148-8b65-396f1ec41684_1_1_D1:C6:2A:25:2A:64_rssi
sensor.m2_connect_d1c62a252a64_vendor	ibeacon	iBeacon Tracker	M2+ Connect_D1C62A252A64		Vendor	integration		18bae0e7-a7f7-4148-8b65-396f1ec41684_1_1_D1:C6:2A:25:2A:64_vendor
sensor.m_bedside_light_battery_level	hue	Hue Bridge 0017882791a0	M Bedside Light	Main Bedroom	Battery			f6ef3202-f83d-47d9-ab05-312ee2840eae
sensor.m_bedside_light_zigbee_connectivity	hue	Hue Bridge 0017882791a0	M Bedside Light	Main Bedroom	Zigbee connectivity	integration		fdac3a1e-f23c-48da-af26-721dd6fdc4b1
sensor.m_side	eventsensor	m-side			m-side			hue_event_id_m_bedside_light_event_1000_1_click_2000_2_click_3000_3_click_4000_4_click_1001_1_hold_2001_2_hold_3001_3_hold_4001_4_hold_1002_1_click_up_2002_2_click_up_3002_3_click_up_4002_4_click_up_1003_1_hold_up_2003_2_hold_up_3003_3_hold_up_4003_4_hold_up
sensor.m_side_zigbee_connectivity	hue	Hue Bridge 0017882791a0	E Door side	M Bedside	Zigbee connectivity	integration		e5b95263-c2ac-468f-b4ed-c6db56000c72
sensor.main_downlights_current_consumption	lightwave2	tongaimaramba@gmail.com	Main Downlights	Main Bedroom	Main Downlights Current Consumption			5d17143ac42a3075031ca5a8-5d25a447b6c35d33e7bfeb43_power
sensor.main_downlights_total_consumption	lightwave2	tongaimaramba@gmail.com	Main Downlights	Main Bedroom	Main Downlights Total Consumption			5d17143ac42a3075031ca5a8-5d25a447b6c35d33e7bfeb43_energy
sensor.matter_server_cpu_percent	hassio	Supervisor	Matter Server		CPU percent	integration		core_matter_server_cpu_percent
sensor.matter_server_memory_percent	hassio	Supervisor	Matter Server		Memory percent	integration		core_matter_server_memory_percent
sensor.matter_server_newest_version	hassio	Supervisor	Matter Server		Newest version	integration		core_matter_server_version_latest
sensor.matter_server_version	hassio	Supervisor	Matter Server		Version	integration		core_matter_server_version
sensor.max_avg_heart_rate	garmin_connect	tongaimaramba@gmail.com	Garmin Connect	Home General	Max Avg Heart Rate	integration		tongaimaramba@gmail.com_maxAvgHeartRate
sensor.max_heart_rate	garmin_connect	tongaimaramba@gmail.com	Garmin Connect	Home General	Max Heart Rate			tongaimaramba@gmail.com_maxHeartRate
sensor.max_stress_level	garmin_connect	tongaimaramba@gmail.com	Garmin Connect	Home General	Max Stress Level			tongaimaramba@gmail.com_maxStressLevel
sensor.medium_stress_duration	garmin_connect	tongaimaramba@gmail.com	Garmin Connect	Home General	Medium Stress Duration			tongaimaramba@gmail.com_mediumStressDuration
sensor.medium_stress_percentage	garmin_connect	tongaimaramba@gmail.com	Garmin Connect	Home General	Medium Stress Percentage	integration		tongaimaramba@gmail.com_mediumStressPercentage
sensor.metabolic_age	garmin_connect	tongaimaramba@gmail.com	Garmin Connect	Home General	Metabolic Age	integration		tongaimaramba@gmail.com_metabolicAge
sensor.min_avg_heart_rate	garmin_connect	tongaimaramba@gmail.com	Garmin Connect	Home General	Min Avg Heart Rate	integration		tongaimaramba@gmail.com_minAvgHeartRate
sensor.min_heart_rate	garmin_connect	tongaimaramba@gmail.com	Garmin Connect	Home General	Min Heart Rate			tongaimaramba@gmail.com_minHeartRate
sensor.mm_iphone_activity	mobile_app	iPhone (3)	mm iphone		mm iphone Activity			1e4f4f5c243b4c297da73c9e6bfbccb4ea668fe9a42d2e729ff38a7b30eeee14_activity
sensor.mm_iphone_average_active_pace	mobile_app	iPhone (3)	mm iphone		mm iphone Average Active Pace			1e4f4f5c243b4c297da73c9e6bfbccb4ea668fe9a42d2e729ff38a7b30eeee14_pedometer_avg_active_pace
sensor.mm_iphone_battery_level	mobile_app	iPhone (3)	mm iphone		mm iphone Battery Level			1e4f4f5c243b4c297da73c9e6bfbccb4ea668fe9a42d2e729ff38a7b30eeee14_battery_level
sensor.mm_iphone_battery_state	mobile_app	iPhone (3)	mm iphone		mm iphone Battery State			1e4f4f5c243b4c297da73c9e6bfbccb4ea668fe9a42d2e729ff38a7b30eeee14_battery_state
sensor.mm_iphone_bssid	mobile_app	iPhone (3)	mm iphone		mm iphone BSSID			1e4f4f5c243b4c297da73c9e6bfbccb4ea668fe9a42d2e729ff38a7b30eeee14_connectivity_bssid
sensor.mm_iphone_connection_type	mobile_app	iPhone (3)	mm iphone		mm iphone Connection Type			1e4f4f5c243b4c297da73c9e6bfbccb4ea668fe9a42d2e729ff38a7b30eeee14_connectivity_connection_type
sensor.mm_iphone_distance	mobile_app	iPhone (3)	mm iphone		mm iphone Distance			1e4f4f5c243b4c297da73c9e6bfbccb4ea668fe9a42d2e729ff38a7b30eeee14_pedometer_distance
sensor.mm_iphone_floors_ascended	mobile_app	iPhone (3)	mm iphone		mm iphone Floors Ascended			1e4f4f5c243b4c297da73c9e6bfbccb4ea668fe9a42d2e729ff38a7b30eeee14_pedometer_floors_ascended
sensor.mm_iphone_floors_descended	mobile_app	iPhone (3)	mm iphone		mm iphone Floors Descended			1e4f4f5c243b4c297da73c9e6bfbccb4ea668fe9a42d2e729ff38a7b30eeee14_pedometer_floors_descended
sensor.mm_iphone_geocoded_location	mobile_app	iPhone (3)	mm iphone		mm iphone Geocoded Location			1e4f4f5c243b4c297da73c9e6bfbccb4ea668fe9a42d2e729ff38a7b30eeee14_geocoded_location
sensor.mm_iphone_last_update_trigger	mobile_app	iPhone (3)	mm iphone		mm iphone Last Update Trigger			1e4f4f5c243b4c297da73c9e6bfbccb4ea668fe9a42d2e729ff38a7b30eeee14_last_update_trigger
sensor.mm_iphone_sim_1	mobile_app	iPhone (3)	mm iphone		mm iphone SIM 1			1e4f4f5c243b4c297da73c9e6bfbccb4ea668fe9a42d2e729ff38a7b30eeee14_connectivity_sim_1
sensor.mm_iphone_sim_2	mobile_app	iPhone (3)	mm iphone		mm iphone SIM 2			1e4f4f5c243b4c297da73c9e6bfbccb4ea668fe9a42d2e729ff38a7b30eeee14_connectivity_sim_2
sensor.mm_iphone_ssid	mobile_app	iPhone (3)	mm iphone		mm iphone SSID			1e4f4f5c243b4c297da73c9e6bfbccb4ea668fe9a42d2e729ff38a7b30eeee14_connectivity_ssid
sensor.mm_iphone_steps	mobile_app	iPhone (3)	mm iphone		mm iphone Steps			1e4f4f5c243b4c297da73c9e6bfbccb4ea668fe9a42d2e729ff38a7b30eeee14_pedometer_steps
sensor.mm_iphone_storage	mobile_app	iPhone (3)	mm iphone		mm iphone Storage			1e4f4f5c243b4c297da73c9e6bfbccb4ea668fe9a42d2e729ff38a7b30eeee14_storage
sensor.moderate_intensity	garmin_connect	tongaimaramba@gmail.com	Garmin Connect	Home General	Moderate Intensity	integration		tongaimaramba@gmail.com_moderateIntensityMinutes
sensor.mojgan_iphone11_area	bermuda	Bermuda BLE Trilateration	Mojgan iPhone11	Home General	Area			81f0112b21aab4c0981fb4ba75aa239a
sensor.mojgan_iphone11_area_last_seen	bermuda	Bermuda BLE Trilateration	Mojgan iPhone11	Home General	Area Last Seen			81f0112b21aab4c0981fb4ba75aa239a_area_last_seen
sensor.mojgan_iphone11_area_switch_diagnostic	bermuda	Bermuda BLE Trilateration	Mojgan iPhone11	Home General	Area Switch Diagnostic	integration		81f0112b21aab4c0981fb4ba75aa239a_area_switch_reason
sensor.mojgan_iphone11_distance	bermuda	Bermuda BLE Trilateration	Mojgan iPhone11	Home General	Distance			81f0112b21aab4c0981fb4ba75aa239a_range
sensor.mojgan_iphone11_distance_to_bedroom_presence	bermuda	Bermuda BLE Trilateration	Mojgan iPhone11	Home General	Distance to Bedroom Presence			81f0112b21aab4c0981fb4ba75aa239a_d8:3b:da:75:e6:90_range
sensor.mojgan_iphone11_distance_to_kai_proxy	bermuda	Bermuda BLE Trilateration	Mojgan iPhone11	Home General	Distance to kai_proxy			81f0112b21aab4c0981fb4ba75aa239a_f4:65:0b:08:8b:88_range
sensor.mojgan_iphone11_distance_to_loft_controller	bermuda	Bermuda BLE Trilateration	Mojgan iPhone11	Home General	Distance to Loft Controller	integration		81f0112b21aab4c0981fb4ba75aa239a_f4:65:0b:07:ab:34_range
sensor.mojgan_iphone11_distance_to_nya_proxy	bermuda	Bermuda BLE Trilateration	Mojgan iPhone11	Home General	Distance to nya-proxy			81f0112b21aab4c0981fb4ba75aa239a_f4:65:0b:07:70:84_range
sensor.mojgan_iphone11_distance_to_work_status	bermuda	Bermuda BLE Trilateration	Mojgan iPhone11	Home General	Distance to work status			81f0112b21aab4c0981fb4ba75aa239a_94:3c:c6:37:67:84_range
sensor.mojgan_iphone11_distance_to_zane_proxy	bermuda	Bermuda BLE Trilateration	Mojgan iPhone11	Home General	Distance to zane-proxy			81f0112b21aab4c0981fb4ba75aa239a_d8:3b:da:73:d6:bc_range
sensor.mojgan_iphone11_estimated_distance	private_ble_device	4E:CA:38:46:96:96	Mojgan iPhone11	Home General	Estimated distance			81f0112b21aab4c0981fb4ba75aa239a_estimated_distance
sensor.mojgan_iphone11_nearest_rssi	bermuda	Bermuda BLE Trilateration	Mojgan iPhone11	Home General	Nearest RSSI			81f0112b21aab4c0981fb4ba75aa239a_rssi
sensor.mojgan_iphone11_nearest_scanner	bermuda	Bermuda BLE Trilateration	Mojgan iPhone11	Home General	Nearest Scanner			81f0112b21aab4c0981fb4ba75aa239a_scanner
sensor.mojgan_iphone11_unfiltered_distance_to_bedroom_presence	bermuda	Bermuda BLE Trilateration	Mojgan iPhone11	Home General	Unfiltered Distance to Bedroom Presence	integration		81f0112b21aab4c0981fb4ba75aa239a_d8:3b:da:75:e6:90_range_raw
sensor.mojgan_iphone11_unfiltered_distance_to_kai_proxy	bermuda	Bermuda BLE Trilateration	Mojgan iPhone11	Home General	Unfiltered Distance to kai_proxy	integration		81f0112b21aab4c0981fb4ba75aa239a_f4:65:0b:08:8b:88_range_raw
sensor.mojgan_iphone11_unfiltered_distance_to_loft_controller	bermuda	Bermuda BLE Trilateration	Mojgan iPhone11	Home General	Unfiltered Distance to Loft Controller	integration		81f0112b21aab4c0981fb4ba75aa239a_f4:65:0b:07:ab:34_range_raw
sensor.mojgan_iphone11_unfiltered_distance_to_nya_proxy	bermuda	Bermuda BLE Trilateration	Mojgan iPhone11	Home General	Unfiltered Distance to nya-proxy	integration		81f0112b21aab4c0981fb4ba75aa239a_f4:65:0b:07:70:84_range_raw
sensor.mojgan_iphone11_unfiltered_distance_to_work_status	bermuda	Bermuda BLE Trilateration	Mojgan iPhone11	Home General	Unfiltered Distance to work status	integration		81f0112b21aab4c0981fb4ba75aa239a_94:3c:c6:37:67:84_range_raw
sensor.mojgan_iphone11_unfiltered_distance_to_zane_proxy	bermuda	Bermuda BLE Trilateration	Mojgan iPhone11	Home General	Unfiltered Distance to zane-proxy	integration		81f0112b21aab4c0981fb4ba75aa239a_d8:3b:da:73:d6:bc_range_raw
sensor.mojgan_locator	places	Mojgan Locator			Mojgan Locator			b3950f3e7ac357580dca8bd6cd76f552
sensor.mosquitto_broker_cpu_percent	hassio	Supervisor	Mosquitto broker		CPU percent	integration		core_mosquitto_cpu_percent
sensor.mosquitto_broker_memory_percent	hassio	Supervisor	Mosquitto broker		Memory percent	integration		core_mosquitto_memory_percent
sensor.mosquitto_broker_newest_version	hassio	Supervisor	Mosquitto broker		Newest version	integration		core_mosquitto_version_latest
sensor.mosquitto_broker_version	hassio	Supervisor	Mosquitto broker		Version	integration		core_mosquitto_version
sensor.mountain_bike	garmin_connect	tongaimaramba@gmail.com	Garmin Connect	Home General	Mountain bike 			tongaimaramba@gmail.com_bea704f07f374bc2b4e8bda4c45a3090
sensor.movie_lamp_zigbee_connectivity	hue	Hue Bridge 0017882791a0	Piano Lamp	Media area	Zigbee connectivity	integration		043f8c5b-e44a-4f40-996c-6a7c2ab98cda
sensor.muscle_mass	garmin_connect	tongaimaramba@gmail.com	Garmin Connect	Home General	Muscle Mass	integration		tongaimaramba@gmail.com_muscleMass
sensor.myups_battery_charge	nut	ccf28a08-nut:3493	Myups	Garage	Battery charge			American Power Conversion_Back-UPS RS  650MI_5B2139T64966  _battery.charge
sensor.myups_battery_chemistry	nut	ccf28a08-nut:3493	Myups	Garage	Battery chemistry	integration		American Power Conversion_Back-UPS RS  650MI_5B2139T64966  _battery.type
sensor.myups_battery_date	nut	ccf28a08-nut:3493	Myups	Garage	Battery date	integration		American Power Conversion_Back-UPS RS  650MI_5B2139T64966  _battery.date
sensor.myups_battery_manuf_date	nut	ccf28a08-nut:3493	Myups	Garage	Battery manuf. date	integration		American Power Conversion_Back-UPS RS  650MI_5B2139T64966  _battery.mfr.date
sensor.myups_battery_runtime	nut	ccf28a08-nut:3493	Myups	Garage	Battery runtime	integration		American Power Conversion_Back-UPS RS  650MI_5B2139T64966  _battery.runtime
sensor.myups_battery_voltage	nut	ccf28a08-nut:3493	Myups	Garage	Battery voltage	integration		American Power Conversion_Back-UPS RS  650MI_5B2139T64966  _battery.voltage
sensor.myups_beeper_status	nut	ccf28a08-nut:3493	Myups	Garage	Beeper status	integration		American Power Conversion_Back-UPS RS  650MI_5B2139T64966  _ups.beeper.status
sensor.myups_high_voltage_transfer	nut	ccf28a08-nut:3493	Myups	Garage	High voltage transfer	integration		American Power Conversion_Back-UPS RS  650MI_5B2139T64966  _input.transfer.high
sensor.myups_input_power_sensitivity	nut	ccf28a08-nut:3493	Myups	Garage	Input power sensitivity	integration		American Power Conversion_Back-UPS RS  650MI_5B2139T64966  _input.sensitivity
sensor.myups_input_voltage	nut	ccf28a08-nut:3493	Myups	Garage	Input voltage			American Power Conversion_Back-UPS RS  650MI_5B2139T64966  _input.voltage
sensor.myups_load	nut	ccf28a08-nut:3493	Myups	Garage	Load			American Power Conversion_Back-UPS RS  650MI_5B2139T64966  _ups.load
sensor.myups_load_reboot_timer	nut	ccf28a08-nut:3493	Myups	Garage	Load reboot timer	integration		American Power Conversion_Back-UPS RS  650MI_5B2139T64966  _ups.timer.reboot
sensor.myups_load_shutdown_timer	nut	ccf28a08-nut:3493	Myups	Garage	Load shutdown timer	integration		American Power Conversion_Back-UPS RS  650MI_5B2139T64966  _ups.timer.shutdown
sensor.myups_low_battery_runtime	nut	ccf28a08-nut:3493	Myups	Garage	Low battery runtime	integration		American Power Conversion_Back-UPS RS  650MI_5B2139T64966  _battery.runtime.low
sensor.myups_low_battery_setpoint	nut	ccf28a08-nut:3493	Myups	Garage	Low battery setpoint	integration		American Power Conversion_Back-UPS RS  650MI_5B2139T64966  _battery.charge.low
sensor.myups_low_voltage_transfer	nut	ccf28a08-nut:3493	Myups	Garage	Low voltage transfer	integration		American Power Conversion_Back-UPS RS  650MI_5B2139T64966  _input.transfer.low
sensor.myups_nominal_battery_voltage	nut	ccf28a08-nut:3493	Myups	Garage	Nominal battery voltage	integration		American Power Conversion_Back-UPS RS  650MI_5B2139T64966  _battery.voltage.nominal
sensor.myups_nominal_input_voltage	nut	ccf28a08-nut:3493	Myups	Garage	Nominal input voltage	integration		American Power Conversion_Back-UPS RS  650MI_5B2139T64966  _input.voltage.nominal
sensor.myups_nominal_real_power	nut	ccf28a08-nut:3493	Myups	Garage	Nominal real power	integration		American Power Conversion_Back-UPS RS  650MI_5B2139T64966  _ups.realpower.nominal
sensor.myups_self_test_result	nut	ccf28a08-nut:3493	Myups	Garage	Self-test result	integration		American Power Conversion_Back-UPS RS  650MI_5B2139T64966  _ups.test.result
sensor.myups_status	nut	ccf28a08-nut:3493	Myups	Garage	Status			American Power Conversion_Back-UPS RS  650MI_5B2139T64966  _ups.status.display
sensor.myups_status_2	nut	ccf28a08-nut:3493	Myups		Status			e4593ec01a36a391177e6b62af65ce6c_ups.status.display
sensor.myups_status_data	nut	ccf28a08-nut:3493	Myups	Garage	Status data			American Power Conversion_Back-UPS RS  650MI_5B2139T64966  _ups.status
sensor.myups_status_data_2	nut	ccf28a08-nut:3493	Myups		Status data			e4593ec01a36a391177e6b62af65ce6c_ups.status
sensor.myups_ups_shutdown_delay	nut	ccf28a08-nut:3493	Myups	Garage	UPS shutdown delay	integration		American Power Conversion_Back-UPS RS  650MI_5B2139T64966  _ups.delay.shutdown
sensor.myups_voltage_transfer_reason	nut	ccf28a08-nut:3493	Myups	Garage	Voltage transfer reason	integration		American Power Conversion_Back-UPS RS  650MI_5B2139T64966  _input.transfer.reason
sensor.myups_warning_battery_setpoint	nut	ccf28a08-nut:3493	Myups	Garage	Warning battery setpoint	integration		American Power Conversion_Back-UPS RS  650MI_5B2139T64966  _battery.charge.warning
sensor.net_calorie_goal	garmin_connect	tongaimaramba@gmail.com	Garmin Connect	Home General	Net Calorie Goal	integration		tongaimaramba@gmail.com_netCalorieGoal
sensor.net_remaining_kilocalories	garmin_connect	tongaimaramba@gmail.com	Garmin Connect	Home General	Net Remaining KiloCalories	integration		tongaimaramba@gmail.com_netRemainingKilocalories
sensor.network_ups_tools_cpu_percent	hassio	Supervisor	Network UPS Tools		CPU percent	integration		ccf28a08_nut_cpu_percent
sensor.network_ups_tools_memory_percent	hassio	Supervisor	Network UPS Tools		Memory percent	integration		ccf28a08_nut_memory_percent
sensor.network_ups_tools_newest_version	hassio	Supervisor	Network UPS Tools		Newest version	integration		ccf28a08_nut_version_latest
sensor.network_ups_tools_version	hassio	Supervisor	Network UPS Tools		Version	integration		ccf28a08_nut_version
sensor.next_alarm_time	garmin_connect	tongaimaramba@gmail.com	Garmin Connect	Home General	Next Alarm Time			tongaimaramba@gmail.com_nextAlarm
sensor.nginx_home_assistant_ssl_proxy_cpu_percent	hassio	Supervisor	NGINX Home Assistant SSL proxy		CPU percent	integration		core_nginx_proxy_cpu_percent
sensor.nginx_home_assistant_ssl_proxy_memory_percent	hassio	Supervisor	NGINX Home Assistant SSL proxy		Memory percent	integration		core_nginx_proxy_memory_percent
sensor.nginx_home_assistant_ssl_proxy_newest_version	hassio	Supervisor	NGINX Home Assistant SSL proxy		Newest version	integration		core_nginx_proxy_version_latest
sensor.nginx_home_assistant_ssl_proxy_version	hassio	Supervisor	NGINX Home Assistant SSL proxy		Version	integration		core_nginx_proxy_version
sensor.nuki_2ff641fd_estimated_distance	ibeacon	iBeacon Tracker	Nuki_2FF641FD		Estimated distance			a92ee200-5501-11e4-916c-0800200c9a66_12278_16893_54:D2:72:F6:41:FD_estimated_distance
sensor.nuki_2ff641fd_power	ibeacon	iBeacon Tracker	Nuki_2FF641FD		Power	integration		a92ee200-5501-11e4-916c-0800200c9a66_12278_16893_54:D2:72:F6:41:FD_power
sensor.nuki_2ff641fd_signal_strength	ibeacon	iBeacon Tracker	Nuki_2FF641FD		Signal strength	integration		a92ee200-5501-11e4-916c-0800200c9a66_12278_16893_54:D2:72:F6:41:FD_rssi
sensor.nuki_2ff641fd_vendor	ibeacon	iBeacon Tracker	Nuki_2FF641FD		Vendor	integration		a92ee200-5501-11e4-916c-0800200c9a66_12278_16893_54:D2:72:F6:41:FD_vendor
sensor.nuki_493e09d7_estimated_distance	ibeacon	iBeacon Tracker	Nuki_493E09D7		Estimated distance			a92ee200-5501-11e4-916c-0800200c9a66_18750_2519_54:D2:72:3E:09:D7_estimated_distance
sensor.nuki_493e09d7_power	ibeacon	iBeacon Tracker	Nuki_493E09D7		Power	integration		a92ee200-5501-11e4-916c-0800200c9a66_18750_2519_54:D2:72:3E:09:D7_power
sensor.nuki_493e09d7_signal_strength	ibeacon	iBeacon Tracker	Nuki_493E09D7		Signal strength	integration		a92ee200-5501-11e4-916c-0800200c9a66_18750_2519_54:D2:72:3E:09:D7_rssi
sensor.nuki_493e09d7_vendor	ibeacon	iBeacon Tracker	Nuki_493E09D7		Vendor	integration		a92ee200-5501-11e4-916c-0800200c9a66_18750_2519_54:D2:72:3E:09:D7_vendor
sensor.nuki_49e9ef2f_estimated_distance	ibeacon	iBeacon Tracker	Nuki_49E9EF2F		Estimated distance			a92ee200-5501-11e4-916c-0800200c9a66_18921_61231_54:D2:72:E9:EF:2F_estimated_distance
sensor.nuki_49e9ef2f_power	ibeacon	iBeacon Tracker	Nuki_49E9EF2F		Power	integration		a92ee200-5501-11e4-916c-0800200c9a66_18921_61231_54:D2:72:E9:EF:2F_power
sensor.nuki_49e9ef2f_signal_strength	ibeacon	iBeacon Tracker	Nuki_49E9EF2F		Signal strength	integration		a92ee200-5501-11e4-916c-0800200c9a66_18921_61231_54:D2:72:E9:EF:2F_rssi
sensor.nuki_49e9ef2f_vendor	ibeacon	iBeacon Tracker	Nuki_49E9EF2F		Vendor	integration		a92ee200-5501-11e4-916c-0800200c9a66_18921_61231_54:D2:72:E9:EF:2F_vendor
sensor.ooono_bcc8_estimated_distance	ibeacon	iBeacon Tracker	Ooono BCC8		Estimated distance			cf757c79-d27a-4bea-aaf2-a2908e49fc19_1_1_C8:51:56:99:BC:C8_estimated_distance
sensor.ooono_bcc8_power	ibeacon	iBeacon Tracker	Ooono BCC8		Power	integration		cf757c79-d27a-4bea-aaf2-a2908e49fc19_1_1_C8:51:56:99:BC:C8_power
sensor.ooono_bcc8_signal_strength	ibeacon	iBeacon Tracker	Ooono BCC8		Signal strength	integration		cf757c79-d27a-4bea-aaf2-a2908e49fc19_1_1_C8:51:56:99:BC:C8_rssi
sensor.ooono_bcc8_vendor	ibeacon	iBeacon Tracker	Ooono BCC8		Vendor	integration		cf757c79-d27a-4bea-aaf2-a2908e49fc19_1_1_C8:51:56:99:BC:C8_vendor
sensor.physique_rating	garmin_connect	tongaimaramba@gmail.com	Garmin Connect	Home General	Physique Rating	integration		tongaimaramba@gmail.com_physiqueRating
sensor.private_ble_device_3e965b_estimated_broadcast_interval	private_ble_device	54:6C:8D:27:C1:1C	Hannah iPhone13	Home General	Estimated broadcast interval	integration		3e965b2a301d81c5895fa7957e771120_estimated_broadcast_interval
sensor.private_ble_device_3e965b_power	private_ble_device	54:6C:8D:27:C1:1C	Hannah iPhone13	Home General	Power	integration		3e965b2a301d81c5895fa7957e771120_power
sensor.private_ble_device_3e965b_signal_strength	private_ble_device	54:6C:8D:27:C1:1C	Hannah iPhone13	Home General	Signal strength	integration		3e965b2a301d81c5895fa7957e771120
sensor.private_ble_device_3e965b_unfiltered_distance_to_kai_proxy	bermuda	Bermuda BLE Trilateration	Hannah iPhone13	Home General	Unfiltered Distance to kai_proxy	integration		3e965b2a301d81c5895fa7957e771120_f4:65:0b:08:8b:88_range_raw
sensor.private_ble_device_3e965b_unfiltered_distance_to_loft_controller	bermuda	Bermuda BLE Trilateration	Hannah iPhone13	Home General	Unfiltered Distance to Loft Controller	integration		3e965b2a301d81c5895fa7957e771120_f4:65:0b:07:ab:34_range_raw
sensor.private_ble_device_3e965b_unfiltered_distance_to_nya_proxy	bermuda	Bermuda BLE Trilateration	Hannah iPhone13	Home General	Unfiltered Distance to nya-proxy	integration		3e965b2a301d81c5895fa7957e771120_f4:65:0b:07:70:84_range_raw
sensor.private_ble_device_3e965b_unfiltered_distance_to_zane_proxy	bermuda	Bermuda BLE Trilateration	Hannah iPhone13	Home General	Unfiltered Distance to zane-proxy	integration		3e965b2a301d81c5895fa7957e771120_d8:3b:da:73:d6:bc_range_raw
sensor.private_ble_device_81f011_estimated_broadcast_interval	private_ble_device	4E:CA:38:46:96:96	Mojgan iPhone11	Home General	Estimated broadcast interval	integration		81f0112b21aab4c0981fb4ba75aa239a_estimated_broadcast_interval
sensor.private_ble_device_81f011_power	private_ble_device	4E:CA:38:46:96:96	Mojgan iPhone11	Home General	Power	integration		81f0112b21aab4c0981fb4ba75aa239a_power
sensor.private_ble_device_81f011_signal_strength	private_ble_device	4E:CA:38:46:96:96	Mojgan iPhone11	Home General	Signal strength	integration		81f0112b21aab4c0981fb4ba75aa239a
sensor.ps2525a0150179_0eaf_estimated_distance	ibeacon	iBeacon Tracker	PS2525A0150179 0EAF		Estimated distance			2f234454-cf6d-4a0f-adf2-f4911ba9ffa6_10_7_11:89:01:A1:0E:AF_estimated_distance
sensor.ps2525a0150179_0eaf_power	ibeacon	iBeacon Tracker	PS2525A0150179 0EAF		Power	integration		2f234454-cf6d-4a0f-adf2-f4911ba9ffa6_10_7_11:89:01:A1:0E:AF_power
sensor.ps2525a0150179_0eaf_signal_strength	ibeacon	iBeacon Tracker	PS2525A0150179 0EAF		Signal strength	integration		2f234454-cf6d-4a0f-adf2-f4911ba9ffa6_10_7_11:89:01:A1:0E:AF_rssi
sensor.ps2525a0150179_0eaf_vendor	ibeacon	iBeacon Tracker	PS2525A0150179 0EAF		Vendor	integration		2f234454-cf6d-4a0f-adf2-f4911ba9ffa6_10_7_11:89:01:A1:0E:AF_vendor
sensor.ps2525a0255426_0aa5_estimated_distance	ibeacon	iBeacon Tracker	PS2525A0255426 0AA5		Estimated distance			2f234454-cf6d-4a0f-adf2-f4911ba9ffa6_10_7_11:89:01:A1:0A:A5_estimated_distance
sensor.ps2525a0255426_0aa5_estimated_distance_2	ibeacon	iBeacon Tracker	PS2525A0255426 0AA5		Estimated distance			2f234454-cf6d-0f09-5053-323532354130_12853_13620_11:89:01:A1:0A:A5_estimated_distance
sensor.ps2525a0255426_0aa5_power	ibeacon	iBeacon Tracker	PS2525A0255426 0AA5		Power	integration		2f234454-cf6d-4a0f-adf2-f4911ba9ffa6_10_7_11:89:01:A1:0A:A5_power
sensor.ps2525a0255426_0aa5_power_2	ibeacon	iBeacon Tracker	PS2525A0255426 0AA5		Power	integration		2f234454-cf6d-0f09-5053-323532354130_12853_13620_11:89:01:A1:0A:A5_power
sensor.ps2525a0255426_0aa5_signal_strength	ibeacon	iBeacon Tracker	PS2525A0255426 0AA5		Signal strength	integration		2f234454-cf6d-4a0f-adf2-f4911ba9ffa6_10_7_11:89:01:A1:0A:A5_rssi
sensor.ps2525a0255426_0aa5_signal_strength_2	ibeacon	iBeacon Tracker	PS2525A0255426 0AA5		Signal strength	integration		2f234454-cf6d-0f09-5053-323532354130_12853_13620_11:89:01:A1:0A:A5_rssi
sensor.ps2525a0255426_0aa5_vendor	ibeacon	iBeacon Tracker	PS2525A0255426 0AA5		Vendor	integration		2f234454-cf6d-4a0f-adf2-f4911ba9ffa6_10_7_11:89:01:A1:0A:A5_vendor
sensor.ps2525a0255426_0aa5_vendor_2	ibeacon	iBeacon Tracker	PS2525A0255426 0AA5		Vendor	integration		2f234454-cf6d-0f09-5053-323532354130_12853_13620_11:89:01:A1:0A:A5_vendor
sensor.ps2525a0369781_086c_estimated_distance	ibeacon	iBeacon Tracker	PS2525A0369781 086C		Estimated distance			2f234454-cf6d-4a0f-adf2-f4911ba9ffa6_10_7_11:89:01:A1:08:6C_estimated_distance
sensor.ps2525a0369781_086c_power	ibeacon	iBeacon Tracker	PS2525A0369781 086C		Power	integration		2f234454-cf6d-4a0f-adf2-f4911ba9ffa6_10_7_11:89:01:A1:08:6C_power
sensor.ps2525a0369781_086c_signal_strength	ibeacon	iBeacon Tracker	PS2525A0369781 086C		Signal strength	integration		2f234454-cf6d-4a0f-adf2-f4911ba9ffa6_10_7_11:89:01:A1:08:6C_rssi
sensor.ps2525a0369781_086c_vendor	ibeacon	iBeacon Tracker	PS2525A0369781 086C		Vendor	integration		2f234454-cf6d-4a0f-adf2-f4911ba9ffa6_10_7_11:89:01:A1:08:6C_vendor
sensor.pure_cool_carbon_filter_life	dyson_local	Pure Cool	Pure Cool	Main Bedroom	Pure Cool Carbon Filter Life			VS7-UK-MFA2757A-carbon_filter_life
sensor.pure_cool_hepa_filter_life	dyson_local	Pure Cool	Pure Cool	Main Bedroom	Pure Cool HEPA Filter Life			VS7-UK-MFA2757A-hepa_filter_life
sensor.pure_cool_humidity	dyson_local	Pure Cool	Pure Cool	Main Bedroom	Pure Cool Humidity			VS7-UK-MFA2757A-humidity
sensor.pure_cool_nitrogen_dioxide	dyson_local	Pure Cool	Pure Cool	Main Bedroom	Pure Cool Nitrogen Dioxide			VS7-UK-MFA2757A-no2
sensor.pure_cool_pm_10	dyson_local	Pure Cool	Pure Cool	Main Bedroom	Pure Cool PM 10			VS7-UK-MFA2757A-pm10
sensor.pure_cool_pm_2_5	dyson_local	Pure Cool	Pure Cool	Main Bedroom	Pure Cool PM 2.5			VS7-UK-MFA2757A-pm25
sensor.pure_cool_temperature	dyson_local	Pure Cool	Pure Cool	Main Bedroom	Pure Cool Temperature			VS7-UK-MFA2757A-temperature
sensor.pure_cool_volatile_organic_compounds	dyson_local	Pure Cool	Pure Cool	Main Bedroom	Pure Cool Volatile Organic Compounds			VS7-UK-MFA2757A-voc
sensor.pure_hot_cool_carbon_filter_life	dyson_local	Pure Hot+Cool	Pure Hot+Cool	Isla	Pure Hot+Cool Carbon Filter Life			ZZ9-UK-NEA5537A-carbon_filter_life
sensor.pure_hot_cool_hepa_filter_life	dyson_local	Pure Hot+Cool	Pure Hot+Cool	Isla	Pure Hot+Cool HEPA Filter Life			ZZ9-UK-NEA5537A-hepa_filter_life
sensor.pure_hot_cool_humidity	dyson_local	Pure Hot+Cool	Pure Hot+Cool	Isla	Pure Hot+Cool Humidity			ZZ9-UK-NEA5537A-humidity
sensor.pure_hot_cool_nitrogen_dioxide	dyson_local	Pure Hot+Cool	Pure Hot+Cool	Isla	Pure Hot+Cool Nitrogen Dioxide			ZZ9-UK-NEA5537A-no2
sensor.pure_hot_cool_pm_10	dyson_local	Pure Hot+Cool	Pure Hot+Cool	Isla	Pure Hot+Cool PM 10			ZZ9-UK-NEA5537A-pm10
sensor.pure_hot_cool_pm_2_5	dyson_local	Pure Hot+Cool	Pure Hot+Cool	Isla	Pure Hot+Cool PM 2.5			ZZ9-UK-NEA5537A-pm25
sensor.pure_hot_cool_temperature	dyson_local	Pure Hot+Cool	Pure Hot+Cool	Isla	Pure Hot+Cool Temperature			ZZ9-UK-NEA5537A-temperature
sensor.pure_hot_cool_volatile_organic_compounds	dyson_local	Pure Hot+Cool	Pure Hot+Cool	Isla	Pure Hot+Cool Volatile Organic Compounds			ZZ9-UK-NEA5537A-voc
sensor.qmhconnect_0399_3966_estimated_distance	ibeacon	iBeacon Tracker	QMHConnect-0399 3966		Estimated distance			e08d4118-15d6-11e6-a148-3e1d05defe78_17683_2671_E6:1B:45:26:39:66_estimated_distance
sensor.qmhconnect_0399_3966_power	ibeacon	iBeacon Tracker	QMHConnect-0399 3966		Power	integration		e08d4118-15d6-11e6-a148-3e1d05defe78_17683_2671_E6:1B:45:26:39:66_power
sensor.qmhconnect_0399_3966_signal_strength	ibeacon	iBeacon Tracker	QMHConnect-0399 3966		Signal strength	integration		e08d4118-15d6-11e6-a148-3e1d05defe78_17683_2671_E6:1B:45:26:39:66_rssi
sensor.qmhconnect_0399_3966_vendor	ibeacon	iBeacon Tracker	QMHConnect-0399 3966		Vendor	integration		e08d4118-15d6-11e6-a148-3e1d05defe78_17683_2671_E6:1B:45:26:39:66_vendor
sensor.qmhconnect_0568_1390_estimated_distance	ibeacon	iBeacon Tracker	QMHConnect-0568 1390		Estimated distance			e08d4118-15d6-11e6-a148-3e1d05defe78_4488_38488_FF:7B:4D:EB:13:90_estimated_distance
sensor.qmhconnect_0568_1390_power	ibeacon	iBeacon Tracker	QMHConnect-0568 1390		Power	integration		e08d4118-15d6-11e6-a148-3e1d05defe78_4488_38488_FF:7B:4D:EB:13:90_power
sensor.qmhconnect_0568_1390_signal_strength	ibeacon	iBeacon Tracker	QMHConnect-0568 1390		Signal strength	integration		e08d4118-15d6-11e6-a148-3e1d05defe78_4488_38488_FF:7B:4D:EB:13:90_rssi
sensor.qmhconnect_0568_1390_vendor	ibeacon	iBeacon Tracker	QMHConnect-0568 1390		Vendor	integration		e08d4118-15d6-11e6-a148-3e1d05defe78_4488_38488_FF:7B:4D:EB:13:90_vendor
sensor.qmhconnect_0916_9b4b_estimated_distance	ibeacon	iBeacon Tracker	QMHConnect-0916 9B4B		Estimated distance			e08d4118-15d6-11e6-a148-3e1d05defe78_40358_52836_F9:22:DA:C1:9B:4B_estimated_distance
sensor.qmhconnect_0916_9b4b_power	ibeacon	iBeacon Tracker	QMHConnect-0916 9B4B		Power	integration		e08d4118-15d6-11e6-a148-3e1d05defe78_40358_52836_F9:22:DA:C1:9B:4B_power
sensor.qmhconnect_0916_9b4b_signal_strength	ibeacon	iBeacon Tracker	QMHConnect-0916 9B4B		Signal strength	integration		e08d4118-15d6-11e6-a148-3e1d05defe78_40358_52836_F9:22:DA:C1:9B:4B_rssi
sensor.qmhconnect_0916_9b4b_vendor	ibeacon	iBeacon Tracker	QMHConnect-0916 9B4B		Vendor	integration		e08d4118-15d6-11e6-a148-3e1d05defe78_40358_52836_F9:22:DA:C1:9B:4B_vendor
sensor.qmhconnect_0958_0bbe_estimated_distance	ibeacon	iBeacon Tracker	QMHConnect-0958 0BBE		Estimated distance			e08d4118-15d6-11e6-a148-3e1d05defe78_55308_8142_EA:C1:56:B5:0B:BE_estimated_distance
sensor.qmhconnect_0958_0bbe_power	ibeacon	iBeacon Tracker	QMHConnect-0958 0BBE		Power	integration		e08d4118-15d6-11e6-a148-3e1d05defe78_55308_8142_EA:C1:56:B5:0B:BE_power
sensor.qmhconnect_0958_0bbe_signal_strength	ibeacon	iBeacon Tracker	QMHConnect-0958 0BBE		Signal strength	integration		e08d4118-15d6-11e6-a148-3e1d05defe78_55308_8142_EA:C1:56:B5:0B:BE_rssi
sensor.qmhconnect_0958_0bbe_vendor	ibeacon	iBeacon Tracker	QMHConnect-0958 0BBE		Vendor	integration		e08d4118-15d6-11e6-a148-3e1d05defe78_55308_8142_EA:C1:56:B5:0B:BE_vendor
sensor.qmhconnect_0975_9034_estimated_distance	ibeacon	iBeacon Tracker	QMHConnect-0975 9034		Estimated distance			e08d4118-15d6-11e6-a148-3e1d05defe78_3611_30415_FF:72:9C:E3:90:34_estimated_distance
sensor.qmhconnect_0975_9034_power	ibeacon	iBeacon Tracker	QMHConnect-0975 9034		Power	integration		e08d4118-15d6-11e6-a148-3e1d05defe78_3611_30415_FF:72:9C:E3:90:34_power
sensor.qmhconnect_0975_9034_signal_strength	ibeacon	iBeacon Tracker	QMHConnect-0975 9034		Signal strength	integration		e08d4118-15d6-11e6-a148-3e1d05defe78_3611_30415_FF:72:9C:E3:90:34_rssi
sensor.qmhconnect_0975_9034_vendor	ibeacon	iBeacon Tracker	QMHConnect-0975 9034		Vendor	integration		e08d4118-15d6-11e6-a148-3e1d05defe78_3611_30415_FF:72:9C:E3:90:34_vendor
sensor.qmhconnect_1143_1bf1_estimated_distance	ibeacon	iBeacon Tracker	QMHConnect-1143 1BF1		Estimated distance			e08d4118-15d6-11e6-a148-3e1d05defe78_39641_25111_EA:4C:73:4C:1B:F1_estimated_distance
sensor.qmhconnect_1143_1bf1_power	ibeacon	iBeacon Tracker	QMHConnect-1143 1BF1		Power	integration		e08d4118-15d6-11e6-a148-3e1d05defe78_39641_25111_EA:4C:73:4C:1B:F1_power
sensor.qmhconnect_1143_1bf1_signal_strength	ibeacon	iBeacon Tracker	QMHConnect-1143 1BF1		Signal strength	integration		e08d4118-15d6-11e6-a148-3e1d05defe78_39641_25111_EA:4C:73:4C:1B:F1_rssi
sensor.qmhconnect_1143_1bf1_vendor	ibeacon	iBeacon Tracker	QMHConnect-1143 1BF1		Vendor	integration		e08d4118-15d6-11e6-a148-3e1d05defe78_39641_25111_EA:4C:73:4C:1B:F1_vendor
sensor.qmhconnect_1324_d815_estimated_distance	ibeacon	iBeacon Tracker	QMHConnect-1324 D815		Estimated distance			e08d4118-15d6-11e6-a148-3e1d05defe78_8585_43212_DD:58:56:E1:D8:15_estimated_distance
sensor.qmhconnect_1324_d815_power	ibeacon	iBeacon Tracker	QMHConnect-1324 D815		Power	integration		e08d4118-15d6-11e6-a148-3e1d05defe78_8585_43212_DD:58:56:E1:D8:15_power
sensor.qmhconnect_1324_d815_signal_strength	ibeacon	iBeacon Tracker	QMHConnect-1324 D815		Signal strength	integration		e08d4118-15d6-11e6-a148-3e1d05defe78_8585_43212_DD:58:56:E1:D8:15_rssi
sensor.qmhconnect_1324_d815_vendor	ibeacon	iBeacon Tracker	QMHConnect-1324 D815		Vendor	integration		e08d4118-15d6-11e6-a148-3e1d05defe78_8585_43212_DD:58:56:E1:D8:15_vendor
sensor.qmhconnect_1588_76f4_estimated_distance	ibeacon	iBeacon Tracker	QMHConnect-1588 76F4		Estimated distance			e08d4118-15d6-11e6-a148-3e1d05defe78_56810_23108_E4:5D:A2:E5:76:F4_estimated_distance
sensor.qmhconnect_1588_76f4_power	ibeacon	iBeacon Tracker	QMHConnect-1588 76F4		Power	integration		e08d4118-15d6-11e6-a148-3e1d05defe78_56810_23108_E4:5D:A2:E5:76:F4_power
sensor.qmhconnect_1588_76f4_signal_strength	ibeacon	iBeacon Tracker	QMHConnect-1588 76F4		Signal strength	integration		e08d4118-15d6-11e6-a148-3e1d05defe78_56810_23108_E4:5D:A2:E5:76:F4_rssi
sensor.qmhconnect_1588_76f4_vendor	ibeacon	iBeacon Tracker	QMHConnect-1588 76F4		Vendor	integration		e08d4118-15d6-11e6-a148-3e1d05defe78_56810_23108_E4:5D:A2:E5:76:F4_vendor
sensor.qmhconnect_1653_1e63_estimated_distance	ibeacon	iBeacon Tracker	QMHConnect-1653 1E63		Estimated distance			e08d4118-15d6-11e6-a148-3e1d05defe78_35038_29621_D0:1B:7D:3D:1E:63_estimated_distance
sensor.qmhconnect_1653_1e63_power	ibeacon	iBeacon Tracker	QMHConnect-1653 1E63		Power	integration		e08d4118-15d6-11e6-a148-3e1d05defe78_35038_29621_D0:1B:7D:3D:1E:63_power
sensor.qmhconnect_1653_1e63_signal_strength	ibeacon	iBeacon Tracker	QMHConnect-1653 1E63		Signal strength	integration		e08d4118-15d6-11e6-a148-3e1d05defe78_35038_29621_D0:1B:7D:3D:1E:63_rssi
sensor.qmhconnect_1653_1e63_vendor	ibeacon	iBeacon Tracker	QMHConnect-1653 1E63		Vendor	integration		e08d4118-15d6-11e6-a148-3e1d05defe78_35038_29621_D0:1B:7D:3D:1E:63_vendor
sensor.qmhconnect_1770_93a6_estimated_distance	ibeacon	iBeacon Tracker	QMHConnect-1770 93A6		Estimated distance			e08d4118-15d6-11e6-a148-3e1d05defe78_32373_20890_FC:42:F2:C4:93:A6_estimated_distance
sensor.qmhconnect_1770_93a6_power	ibeacon	iBeacon Tracker	QMHConnect-1770 93A6		Power	integration		e08d4118-15d6-11e6-a148-3e1d05defe78_32373_20890_FC:42:F2:C4:93:A6_power
sensor.qmhconnect_1770_93a6_signal_strength	ibeacon	iBeacon Tracker	QMHConnect-1770 93A6		Signal strength	integration		e08d4118-15d6-11e6-a148-3e1d05defe78_32373_20890_FC:42:F2:C4:93:A6_rssi
sensor.qmhconnect_1770_93a6_vendor	ibeacon	iBeacon Tracker	QMHConnect-1770 93A6		Vendor	integration		e08d4118-15d6-11e6-a148-3e1d05defe78_32373_20890_FC:42:F2:C4:93:A6_vendor
sensor.qmhconnect_2226_ea54_estimated_distance	ibeacon	iBeacon Tracker	QMHConnect-2226 EA54		Estimated distance			e08d4118-15d6-11e6-a148-3e1d05defe78_30465_47266_FE:C8:65:E0:EA:54_estimated_distance
sensor.qmhconnect_2226_ea54_power	ibeacon	iBeacon Tracker	QMHConnect-2226 EA54		Power	integration		e08d4118-15d6-11e6-a148-3e1d05defe78_30465_47266_FE:C8:65:E0:EA:54_power
sensor.qmhconnect_2226_ea54_signal_strength	ibeacon	iBeacon Tracker	QMHConnect-2226 EA54		Signal strength	integration		e08d4118-15d6-11e6-a148-3e1d05defe78_30465_47266_FE:C8:65:E0:EA:54_rssi
sensor.qmhconnect_2226_ea54_vendor	ibeacon	iBeacon Tracker	QMHConnect-2226 EA54		Vendor	integration		e08d4118-15d6-11e6-a148-3e1d05defe78_30465_47266_FE:C8:65:E0:EA:54_vendor
sensor.qmhconnect_2536_4d47_estimated_distance	ibeacon	iBeacon Tracker	QMHConnect-2536 4D47		Estimated distance			e08d4118-15d6-11e6-a148-3e1d05defe78_58889_9880_DD:6C:68:51:4D:47_estimated_distance
sensor.qmhconnect_2536_4d47_power	ibeacon	iBeacon Tracker	QMHConnect-2536 4D47		Power	integration		e08d4118-15d6-11e6-a148-3e1d05defe78_58889_9880_DD:6C:68:51:4D:47_power
sensor.qmhconnect_2536_4d47_signal_strength	ibeacon	iBeacon Tracker	QMHConnect-2536 4D47		Signal strength	integration		e08d4118-15d6-11e6-a148-3e1d05defe78_58889_9880_DD:6C:68:51:4D:47_rssi
sensor.qmhconnect_2536_4d47_vendor	ibeacon	iBeacon Tracker	QMHConnect-2536 4D47		Vendor	integration		e08d4118-15d6-11e6-a148-3e1d05defe78_58889_9880_DD:6C:68:51:4D:47_vendor
sensor.qmhconnect_2545_6694_estimated_distance	ibeacon	iBeacon Tracker	QMHConnect-2545 6694		Estimated distance			e08d4118-15d6-11e6-a148-3e1d05defe78_47118_47985_E4:BB:AF:31:66:94_estimated_distance
sensor.qmhconnect_2545_6694_power	ibeacon	iBeacon Tracker	QMHConnect-2545 6694		Power	integration		e08d4118-15d6-11e6-a148-3e1d05defe78_47118_47985_E4:BB:AF:31:66:94_power
sensor.qmhconnect_2545_6694_signal_strength	ibeacon	iBeacon Tracker	QMHConnect-2545 6694		Signal strength	integration		e08d4118-15d6-11e6-a148-3e1d05defe78_47118_47985_E4:BB:AF:31:66:94_rssi
sensor.qmhconnect_2545_6694_vendor	ibeacon	iBeacon Tracker	QMHConnect-2545 6694		Vendor	integration		e08d4118-15d6-11e6-a148-3e1d05defe78_47118_47985_E4:BB:AF:31:66:94_vendor
sensor.qmhconnect_2909_df98_estimated_distance	ibeacon	iBeacon Tracker	QMHConnect-2909 DF98		Estimated distance			e08d4118-15d6-11e6-a148-3e1d05defe78_28104_21885_CF:C7:55:A5:DF:98_estimated_distance
sensor.qmhconnect_2909_df98_power	ibeacon	iBeacon Tracker	QMHConnect-2909 DF98		Power	integration		e08d4118-15d6-11e6-a148-3e1d05defe78_28104_21885_CF:C7:55:A5:DF:98_power
sensor.qmhconnect_2909_df98_signal_strength	ibeacon	iBeacon Tracker	QMHConnect-2909 DF98		Signal strength	integration		e08d4118-15d6-11e6-a148-3e1d05defe78_28104_21885_CF:C7:55:A5:DF:98_rssi
sensor.qmhconnect_2909_df98_vendor	ibeacon	iBeacon Tracker	QMHConnect-2909 DF98		Vendor	integration		e08d4118-15d6-11e6-a148-3e1d05defe78_28104_21885_CF:C7:55:A5:DF:98_vendor
sensor.qmhconnect_3368_5439_estimated_distance	ibeacon	iBeacon Tracker	QMHConnect-3368 5439		Estimated distance			e08d4118-15d6-11e6-a148-3e1d05defe78_24660_51624_D6:C3:E6:F1:54:39_estimated_distance
sensor.qmhconnect_3368_5439_power	ibeacon	iBeacon Tracker	QMHConnect-3368 5439		Power	integration		e08d4118-15d6-11e6-a148-3e1d05defe78_24660_51624_D6:C3:E6:F1:54:39_power
sensor.qmhconnect_3368_5439_signal_strength	ibeacon	iBeacon Tracker	QMHConnect-3368 5439		Signal strength	integration		e08d4118-15d6-11e6-a148-3e1d05defe78_24660_51624_D6:C3:E6:F1:54:39_rssi
sensor.qmhconnect_3368_5439_vendor	ibeacon	iBeacon Tracker	QMHConnect-3368 5439		Vendor	integration		e08d4118-15d6-11e6-a148-3e1d05defe78_24660_51624_D6:C3:E6:F1:54:39_vendor
sensor.qmhconnect_3544_ebc1_estimated_distance	ibeacon	iBeacon Tracker	QMHConnect-3544 EBC1		Estimated distance			e08d4118-15d6-11e6-a148-3e1d05defe78_12024_59704_F4:49:CC:A2:EB:C1_estimated_distance
sensor.qmhconnect_3544_ebc1_power	ibeacon	iBeacon Tracker	QMHConnect-3544 EBC1		Power	integration		e08d4118-15d6-11e6-a148-3e1d05defe78_12024_59704_F4:49:CC:A2:EB:C1_power
sensor.qmhconnect_3544_ebc1_signal_strength	ibeacon	iBeacon Tracker	QMHConnect-3544 EBC1		Signal strength	integration		e08d4118-15d6-11e6-a148-3e1d05defe78_12024_59704_F4:49:CC:A2:EB:C1_rssi
sensor.qmhconnect_3544_ebc1_vendor	ibeacon	iBeacon Tracker	QMHConnect-3544 EBC1		Vendor	integration		e08d4118-15d6-11e6-a148-3e1d05defe78_12024_59704_F4:49:CC:A2:EB:C1_vendor
sensor.qmhconnect_4287_304d_estimated_distance	ibeacon	iBeacon Tracker	QMHConnect-4287 304D		Estimated distance			e08d4118-15d6-11e6-a148-3e1d05defe78_28701_7119_EC:3F:CB:7D:30:4D_estimated_distance
sensor.qmhconnect_4287_304d_power	ibeacon	iBeacon Tracker	QMHConnect-4287 304D		Power	integration		e08d4118-15d6-11e6-a148-3e1d05defe78_28701_7119_EC:3F:CB:7D:30:4D_power
sensor.qmhconnect_4287_304d_signal_strength	ibeacon	iBeacon Tracker	QMHConnect-4287 304D		Signal strength	integration		e08d4118-15d6-11e6-a148-3e1d05defe78_28701_7119_EC:3F:CB:7D:30:4D_rssi
sensor.qmhconnect_4287_304d_vendor	ibeacon	iBeacon Tracker	QMHConnect-4287 304D		Vendor	integration		e08d4118-15d6-11e6-a148-3e1d05defe78_28701_7119_EC:3F:CB:7D:30:4D_vendor
sensor.qmhconnect_4361_51fe_estimated_distance	ibeacon	iBeacon Tracker	QMHConnect-4361 51FE		Estimated distance			e08d4118-15d6-11e6-a148-3e1d05defe78_8002_34889_D4:F9:C4:03:51:FE_estimated_distance
sensor.qmhconnect_4361_51fe_power	ibeacon	iBeacon Tracker	QMHConnect-4361 51FE		Power	integration		e08d4118-15d6-11e6-a148-3e1d05defe78_8002_34889_D4:F9:C4:03:51:FE_power
sensor.qmhconnect_4361_51fe_signal_strength	ibeacon	iBeacon Tracker	QMHConnect-4361 51FE		Signal strength	integration		e08d4118-15d6-11e6-a148-3e1d05defe78_8002_34889_D4:F9:C4:03:51:FE_rssi
sensor.qmhconnect_4361_51fe_vendor	ibeacon	iBeacon Tracker	QMHConnect-4361 51FE		Vendor	integration		e08d4118-15d6-11e6-a148-3e1d05defe78_8002_34889_D4:F9:C4:03:51:FE_vendor
sensor.qmhconnect_5074_cfb9_estimated_distance	ibeacon	iBeacon Tracker	QMHConnect-5074 CFB9		Estimated distance			e08d4118-15d6-11e6-a148-3e1d05defe78_22243_9314_E4:A9:D1:4B:CF:B9_estimated_distance
sensor.qmhconnect_5074_cfb9_power	ibeacon	iBeacon Tracker	QMHConnect-5074 CFB9		Power	integration		e08d4118-15d6-11e6-a148-3e1d05defe78_22243_9314_E4:A9:D1:4B:CF:B9_power
sensor.qmhconnect_5074_cfb9_signal_strength	ibeacon	iBeacon Tracker	QMHConnect-5074 CFB9		Signal strength	integration		e08d4118-15d6-11e6-a148-3e1d05defe78_22243_9314_E4:A9:D1:4B:CF:B9_rssi
sensor.qmhconnect_5074_cfb9_vendor	ibeacon	iBeacon Tracker	QMHConnect-5074 CFB9		Vendor	integration		e08d4118-15d6-11e6-a148-3e1d05defe78_22243_9314_E4:A9:D1:4B:CF:B9_vendor
sensor.qmhconnect_5207_f87a_estimated_distance	ibeacon	iBeacon Tracker	QMHConnect-5207 F87A		Estimated distance			e08d4118-15d6-11e6-a148-3e1d05defe78_25920_17079_EB:CC:F4:31:F8:7A_estimated_distance
sensor.qmhconnect_5207_f87a_power	ibeacon	iBeacon Tracker	QMHConnect-5207 F87A		Power	integration		e08d4118-15d6-11e6-a148-3e1d05defe78_25920_17079_EB:CC:F4:31:F8:7A_power
sensor.qmhconnect_5207_f87a_signal_strength	ibeacon	iBeacon Tracker	QMHConnect-5207 F87A		Signal strength	integration		e08d4118-15d6-11e6-a148-3e1d05defe78_25920_17079_EB:CC:F4:31:F8:7A_rssi
sensor.qmhconnect_5207_f87a_vendor	ibeacon	iBeacon Tracker	QMHConnect-5207 F87A		Vendor	integration		e08d4118-15d6-11e6-a148-3e1d05defe78_25920_17079_EB:CC:F4:31:F8:7A_vendor
sensor.qmhconnect_5317_82be_estimated_distance	ibeacon	iBeacon Tracker	QMHConnect-5317 82BE		Estimated distance			e08d4118-15d6-11e6-a148-3e1d05defe78_42798_58645_E1:51:6F:37:82:BE_estimated_distance
sensor.qmhconnect_5317_82be_power	ibeacon	iBeacon Tracker	QMHConnect-5317 82BE		Power	integration		e08d4118-15d6-11e6-a148-3e1d05defe78_42798_58645_E1:51:6F:37:82:BE_power
sensor.qmhconnect_5317_82be_signal_strength	ibeacon	iBeacon Tracker	QMHConnect-5317 82BE		Signal strength	integration		e08d4118-15d6-11e6-a148-3e1d05defe78_42798_58645_E1:51:6F:37:82:BE_rssi
sensor.qmhconnect_5317_82be_vendor	ibeacon	iBeacon Tracker	QMHConnect-5317 82BE		Vendor	integration		e08d4118-15d6-11e6-a148-3e1d05defe78_42798_58645_E1:51:6F:37:82:BE_vendor
sensor.qmhconnect_5411_6198_estimated_distance	ibeacon	iBeacon Tracker	QMHConnect-5411 6198		Estimated distance			e08d4118-15d6-11e6-a148-3e1d05defe78_61703_54947_F3:0D:66:A0:61:98_estimated_distance
sensor.qmhconnect_5411_6198_power	ibeacon	iBeacon Tracker	QMHConnect-5411 6198		Power	integration		e08d4118-15d6-11e6-a148-3e1d05defe78_61703_54947_F3:0D:66:A0:61:98_power
sensor.qmhconnect_5411_6198_signal_strength	ibeacon	iBeacon Tracker	QMHConnect-5411 6198		Signal strength	integration		e08d4118-15d6-11e6-a148-3e1d05defe78_61703_54947_F3:0D:66:A0:61:98_rssi
sensor.qmhconnect_5411_6198_vendor	ibeacon	iBeacon Tracker	QMHConnect-5411 6198		Vendor	integration		e08d4118-15d6-11e6-a148-3e1d05defe78_61703_54947_F3:0D:66:A0:61:98_vendor
sensor.qmhconnect_5888_4a5b_estimated_distance	ibeacon	iBeacon Tracker	QMHConnect-5888 4A5B		Estimated distance			e08d4118-15d6-11e6-a148-3e1d05defe78_51874_14272_EA:F5:1C:58:4A:5B_estimated_distance
sensor.qmhconnect_5888_4a5b_power	ibeacon	iBeacon Tracker	QMHConnect-5888 4A5B		Power	integration		e08d4118-15d6-11e6-a148-3e1d05defe78_51874_14272_EA:F5:1C:58:4A:5B_power
sensor.qmhconnect_5888_4a5b_signal_strength	ibeacon	iBeacon Tracker	QMHConnect-5888 4A5B		Signal strength	integration		e08d4118-15d6-11e6-a148-3e1d05defe78_51874_14272_EA:F5:1C:58:4A:5B_rssi
sensor.qmhconnect_5888_4a5b_vendor	ibeacon	iBeacon Tracker	QMHConnect-5888 4A5B		Vendor	integration		e08d4118-15d6-11e6-a148-3e1d05defe78_51874_14272_EA:F5:1C:58:4A:5B_vendor
sensor.qmhconnect_6686_3416_estimated_distance	ibeacon	iBeacon Tracker	QMHConnect-6686 3416		Estimated distance			e08d4118-15d6-11e6-a148-3e1d05defe78_54484_19710_FB:12:92:CA:34:16_estimated_distance
sensor.qmhconnect_6686_3416_power	ibeacon	iBeacon Tracker	QMHConnect-6686 3416		Power	integration		e08d4118-15d6-11e6-a148-3e1d05defe78_54484_19710_FB:12:92:CA:34:16_power
sensor.qmhconnect_6686_3416_signal_strength	ibeacon	iBeacon Tracker	QMHConnect-6686 3416		Signal strength	integration		e08d4118-15d6-11e6-a148-3e1d05defe78_54484_19710_FB:12:92:CA:34:16_rssi
sensor.qmhconnect_6686_3416_vendor	ibeacon	iBeacon Tracker	QMHConnect-6686 3416		Vendor	integration		e08d4118-15d6-11e6-a148-3e1d05defe78_54484_19710_FB:12:92:CA:34:16_vendor
sensor.qmhconnect_7209_2051_estimated_distance	ibeacon	iBeacon Tracker	QMHConnect-7209 2051		Estimated distance			e08d4118-15d6-11e6-a148-3e1d05defe78_42437_27577_CF:2C:13:72:20:51_estimated_distance
sensor.qmhconnect_7209_2051_power	ibeacon	iBeacon Tracker	QMHConnect-7209 2051		Power	integration		e08d4118-15d6-11e6-a148-3e1d05defe78_42437_27577_CF:2C:13:72:20:51_power
sensor.qmhconnect_7209_2051_signal_strength	ibeacon	iBeacon Tracker	QMHConnect-7209 2051		Signal strength	integration		e08d4118-15d6-11e6-a148-3e1d05defe78_42437_27577_CF:2C:13:72:20:51_rssi
sensor.qmhconnect_7209_2051_vendor	ibeacon	iBeacon Tracker	QMHConnect-7209 2051		Vendor	integration		e08d4118-15d6-11e6-a148-3e1d05defe78_42437_27577_CF:2C:13:72:20:51_vendor
sensor.qmhconnect_7626_e425_estimated_distance	ibeacon	iBeacon Tracker	QMHConnect-7626 E425		Estimated distance			e08d4118-15d6-11e6-a148-3e1d05defe78_30404_33530_F2:F0:2C:7E:E4:25_estimated_distance
sensor.qmhconnect_7626_e425_power	ibeacon	iBeacon Tracker	QMHConnect-7626 E425		Power	integration		e08d4118-15d6-11e6-a148-3e1d05defe78_30404_33530_F2:F0:2C:7E:E4:25_power
sensor.qmhconnect_7626_e425_signal_strength	ibeacon	iBeacon Tracker	QMHConnect-7626 E425		Signal strength	integration		e08d4118-15d6-11e6-a148-3e1d05defe78_30404_33530_F2:F0:2C:7E:E4:25_rssi
sensor.qmhconnect_7626_e425_vendor	ibeacon	iBeacon Tracker	QMHConnect-7626 E425		Vendor	integration		e08d4118-15d6-11e6-a148-3e1d05defe78_30404_33530_F2:F0:2C:7E:E4:25_vendor
sensor.qmhconnect_7787_381a_estimated_distance	ibeacon	iBeacon Tracker	QMHConnect-7787 381A		Estimated distance			e08d4118-15d6-11e6-a148-3e1d05defe78_56023_50315_E9:7D:6C:DB:38:1A_estimated_distance
sensor.qmhconnect_7787_381a_power	ibeacon	iBeacon Tracker	QMHConnect-7787 381A		Power	integration		e08d4118-15d6-11e6-a148-3e1d05defe78_56023_50315_E9:7D:6C:DB:38:1A_power
sensor.qmhconnect_7787_381a_signal_strength	ibeacon	iBeacon Tracker	QMHConnect-7787 381A		Signal strength	integration		e08d4118-15d6-11e6-a148-3e1d05defe78_56023_50315_E9:7D:6C:DB:38:1A_rssi
sensor.qmhconnect_7787_381a_vendor	ibeacon	iBeacon Tracker	QMHConnect-7787 381A		Vendor	integration		e08d4118-15d6-11e6-a148-3e1d05defe78_56023_50315_E9:7D:6C:DB:38:1A_vendor
sensor.qmhconnect_8202_9c66_estimated_distance	ibeacon	iBeacon Tracker	QMHConnect-8202 9C66		Estimated distance			e08d4118-15d6-11e6-a148-3e1d05defe78_13920_7898_F0:CD:50:5E:9C:66_estimated_distance
sensor.qmhconnect_8202_9c66_power	ibeacon	iBeacon Tracker	QMHConnect-8202 9C66		Power	integration		e08d4118-15d6-11e6-a148-3e1d05defe78_13920_7898_F0:CD:50:5E:9C:66_power
sensor.qmhconnect_8202_9c66_signal_strength	ibeacon	iBeacon Tracker	QMHConnect-8202 9C66		Signal strength	integration		e08d4118-15d6-11e6-a148-3e1d05defe78_13920_7898_F0:CD:50:5E:9C:66_rssi
sensor.qmhconnect_8202_9c66_vendor	ibeacon	iBeacon Tracker	QMHConnect-8202 9C66		Vendor	integration		e08d4118-15d6-11e6-a148-3e1d05defe78_13920_7898_F0:CD:50:5E:9C:66_vendor
sensor.qmhconnect_9272_3fda_estimated_distance	ibeacon	iBeacon Tracker	QMHConnect-9272 3FDA		Estimated distance			e08d4118-15d6-11e6-a148-3e1d05defe78_42481_55368_D0:CE:4A:0B:3F:DA_estimated_distance
sensor.qmhconnect_9272_3fda_power	ibeacon	iBeacon Tracker	QMHConnect-9272 3FDA		Power	integration		e08d4118-15d6-11e6-a148-3e1d05defe78_42481_55368_D0:CE:4A:0B:3F:DA_power
sensor.qmhconnect_9272_3fda_signal_strength	ibeacon	iBeacon Tracker	QMHConnect-9272 3FDA		Signal strength	integration		e08d4118-15d6-11e6-a148-3e1d05defe78_42481_55368_D0:CE:4A:0B:3F:DA_rssi
sensor.qmhconnect_9272_3fda_vendor	ibeacon	iBeacon Tracker	QMHConnect-9272 3FDA		Vendor	integration		e08d4118-15d6-11e6-a148-3e1d05defe78_42481_55368_D0:CE:4A:0B:3F:DA_vendor
sensor.qmhconnect_9393_9a57_estimated_distance	ibeacon	iBeacon Tracker	QMHConnect-9393 9A57		Estimated distance			e08d4118-15d6-11e6-a148-3e1d05defe78_41595_12881_E5:AE:88:BE:9A:57_estimated_distance
sensor.qmhconnect_9393_9a57_power	ibeacon	iBeacon Tracker	QMHConnect-9393 9A57		Power	integration		e08d4118-15d6-11e6-a148-3e1d05defe78_41595_12881_E5:AE:88:BE:9A:57_power
sensor.qmhconnect_9393_9a57_signal_strength	ibeacon	iBeacon Tracker	QMHConnect-9393 9A57		Signal strength	integration		e08d4118-15d6-11e6-a148-3e1d05defe78_41595_12881_E5:AE:88:BE:9A:57_rssi
sensor.qmhconnect_9393_9a57_vendor	ibeacon	iBeacon Tracker	QMHConnect-9393 9A57		Vendor	integration		e08d4118-15d6-11e6-a148-3e1d05defe78_41595_12881_E5:AE:88:BE:9A:57_vendor
sensor.qmhconnect_9434_0171_estimated_distance	ibeacon	iBeacon Tracker	QMHConnect-9434 0171		Estimated distance			e08d4118-15d6-11e6-a148-3e1d05defe78_56512_15610_EC:06:71:7A:01:71_estimated_distance
sensor.qmhconnect_9434_0171_power	ibeacon	iBeacon Tracker	QMHConnect-9434 0171		Power	integration		e08d4118-15d6-11e6-a148-3e1d05defe78_56512_15610_EC:06:71:7A:01:71_power
sensor.qmhconnect_9434_0171_signal_strength	ibeacon	iBeacon Tracker	QMHConnect-9434 0171		Signal strength	integration		e08d4118-15d6-11e6-a148-3e1d05defe78_56512_15610_EC:06:71:7A:01:71_rssi
sensor.qmhconnect_9434_0171_vendor	ibeacon	iBeacon Tracker	QMHConnect-9434 0171		Vendor	integration		e08d4118-15d6-11e6-a148-3e1d05defe78_56512_15610_EC:06:71:7A:01:71_vendor
sensor.qmhconnect_9645_1b29_estimated_distance	ibeacon	iBeacon Tracker	QMHConnect-9645 1B29		Estimated distance			e08d4118-15d6-11e6-a148-3e1d05defe78_10078_19869_C6:9A:C7:07:1B:29_estimated_distance
sensor.qmhconnect_9645_1b29_power	ibeacon	iBeacon Tracker	QMHConnect-9645 1B29		Power	integration		e08d4118-15d6-11e6-a148-3e1d05defe78_10078_19869_C6:9A:C7:07:1B:29_power
sensor.qmhconnect_9645_1b29_signal_strength	ibeacon	iBeacon Tracker	QMHConnect-9645 1B29		Signal strength	integration		e08d4118-15d6-11e6-a148-3e1d05defe78_10078_19869_C6:9A:C7:07:1B:29_rssi
sensor.qmhconnect_9645_1b29_vendor	ibeacon	iBeacon Tracker	QMHConnect-9645 1B29		Vendor	integration		e08d4118-15d6-11e6-a148-3e1d05defe78_10078_19869_C6:9A:C7:07:1B:29_vendor
sensor.qmhconnect_9727_925a_estimated_distance	ibeacon	iBeacon Tracker	QMHConnect-9727 925A		Estimated distance			e08d4118-15d6-11e6-a148-3e1d05defe78_9225_41663_FB:A7:09:4F:92:5A_estimated_distance
sensor.qmhconnect_9727_925a_power	ibeacon	iBeacon Tracker	QMHConnect-9727 925A		Power	integration		e08d4118-15d6-11e6-a148-3e1d05defe78_9225_41663_FB:A7:09:4F:92:5A_power
sensor.qmhconnect_9727_925a_signal_strength	ibeacon	iBeacon Tracker	QMHConnect-9727 925A		Signal strength	integration		e08d4118-15d6-11e6-a148-3e1d05defe78_9225_41663_FB:A7:09:4F:92:5A_rssi
sensor.qmhconnect_9727_925a_vendor	ibeacon	iBeacon Tracker	QMHConnect-9727 925A		Vendor	integration		e08d4118-15d6-11e6-a148-3e1d05defe78_9225_41663_FB:A7:09:4F:92:5A_vendor
sensor.qmhconnect_9983_c72e_estimated_distance	ibeacon	iBeacon Tracker	QMHConnect-9983 C72E		Estimated distance			e08d4118-15d6-11e6-a148-3e1d05defe78_2279_6623_EF:B6:49:05:C7:2E_estimated_distance
sensor.qmhconnect_9983_c72e_power	ibeacon	iBeacon Tracker	QMHConnect-9983 C72E		Power	integration		e08d4118-15d6-11e6-a148-3e1d05defe78_2279_6623_EF:B6:49:05:C7:2E_power
sensor.qmhconnect_9983_c72e_signal_strength	ibeacon	iBeacon Tracker	QMHConnect-9983 C72E		Signal strength	integration		e08d4118-15d6-11e6-a148-3e1d05defe78_2279_6623_EF:B6:49:05:C7:2E_rssi
sensor.qmhconnect_9983_c72e_vendor	ibeacon	iBeacon Tracker	QMHConnect-9983 C72E		Vendor	integration		e08d4118-15d6-11e6-a148-3e1d05defe78_2279_6623_EF:B6:49:05:C7:2E_vendor
sensor.remaining_kilocalories	garmin_connect	tongaimaramba@gmail.com	Garmin Connect	Home General	Remaining KiloCalories	integration		tongaimaramba@gmail.com_remainingKilocalories
sensor.rest_stress_duration	garmin_connect	tongaimaramba@gmail.com	Garmin Connect	Home General	Rest Stress Duration			tongaimaramba@gmail.com_restStressDuration
sensor.rest_stress_percentage	garmin_connect	tongaimaramba@gmail.com	Garmin Connect	Home General	Rest Stress Percentage	integration		tongaimaramba@gmail.com_restStressPercentage
sensor.resting_heart_rate	garmin_connect	tongaimaramba@gmail.com	Garmin Connect	Home General	Resting Heart Rate			tongaimaramba@gmail.com_restingHeartRate
sensor.robert_average_mission_time	roomba	Robert	Robert		Average mission time			average_mission_time_4320C0BC4988426D9ADA72F6C3CD8499
sensor.robert_battery_cycles	roomba	Robert	Robert		Battery cycles			battery_cycles_4320C0BC4988426D9ADA72F6C3CD8499
sensor.robert_battery_level	roomba	Robert	Robert		Battery			battery_4320C0BC4988426D9ADA72F6C3CD8499
sensor.robert_canceled_missions	roomba	Robert	Robert		Cancelled missions			canceled_missions_4320C0BC4988426D9ADA72F6C3CD8499
sensor.robert_dock_tank_level	roomba	Robert	Robert		Dock tank level			dock_tank_level_4320C0BC4988426D9ADA72F6C3CD8499
sensor.robert_failed_missions	roomba	Robert	Robert		Failed missions			failed_missions_4320C0BC4988426D9ADA72F6C3CD8499
sensor.robert_last_mission_start_time	roomba	Robert	Robert		Last mission start time	integration		last_mission_4320C0BC4988426D9ADA72F6C3CD8499
sensor.robert_scrubs	roomba	Robert	Robert		Scrubs	integration		scrubs_count_4320C0BC4988426D9ADA72F6C3CD8499
sensor.robert_successful_missions	roomba	Robert	Robert		Successful missions			successful_missions_4320C0BC4988426D9ADA72F6C3CD8499
sensor.robert_tank_level	roomba	Robert	Robert		Tank level			tank_level_4320C0BC4988426D9ADA72F6C3CD8499
sensor.robert_total_cleaned_area	roomba	Robert	Robert		Total cleaned area	integration		total_cleaned_area_4320C0BC4988426D9ADA72F6C3CD8499
sensor.robert_total_cleaning_time	roomba	Robert	Robert		Total cleaning time			total_cleaning_time_4320C0BC4988426D9ADA72F6C3CD8499
sensor.robert_total_missions	roomba	Robert	Robert		Total missions			total_missions_4320C0BC4988426D9ADA72F6C3CD8499
sensor.samba_share_cpu_percent	hassio	Supervisor	Samba share		CPU percent	integration		core_samba_cpu_percent
sensor.samba_share_memory_percent	hassio	Supervisor	Samba share		Memory percent	integration		core_samba_memory_percent
sensor.samba_share_newest_version	hassio	Supervisor	Samba share		Newest version	integration		core_samba_version_latest
sensor.samba_share_version	hassio	Supervisor	Samba share		Version	integration		core_samba_version
sensor.se559a297aaca9e00c_db27_estimated_distance	ibeacon	iBeacon Tracker	Se559a297aaca9e00C DB27		Estimated distance			74278bda-b644-4520-8f0c-720eaf059935_0_50955_80:C4:1B:92:DB:27_estimated_distance
sensor.se559a297aaca9e00c_db27_power	ibeacon	iBeacon Tracker	Se559a297aaca9e00C DB27		Power	integration		74278bda-b644-4520-8f0c-720eaf059935_0_50955_80:C4:1B:92:DB:27_power
sensor.se559a297aaca9e00c_db27_signal_strength	ibeacon	iBeacon Tracker	Se559a297aaca9e00C DB27		Signal strength	integration		74278bda-b644-4520-8f0c-720eaf059935_0_50955_80:C4:1B:92:DB:27_rssi
sensor.se559a297aaca9e00c_db27_vendor	ibeacon	iBeacon Tracker	Se559a297aaca9e00C DB27		Vendor	integration		74278bda-b644-4520-8f0c-720eaf059935_0_50955_80:C4:1B:92:DB:27_vendor
sensor.sedentary_time	garmin_connect	tongaimaramba@gmail.com	Garmin Connect	Home General	Sedentary Time			tongaimaramba@gmail.com_sedentarySeconds
sensor.sleep_duration	garmin_connect	tongaimaramba@gmail.com	Garmin Connect	Home General	Sleep Duration			tongaimaramba@gmail.com_measurableAsleepDuration
sensor.sleep_score	garmin_connect	tongaimaramba@gmail.com	Garmin Connect	Home General	Sleep Score			tongaimaramba@gmail.com_sleepScore
sensor.sleeping_time	garmin_connect	tongaimaramba@gmail.com	Garmin Connect	Home General	Sleeping Time			tongaimaramba@gmail.com_sleepingSeconds
sensor.smartvehicle869_1c7f_estimated_distance	ibeacon	iBeacon Tracker	smartVehicle869 1C7F		Estimated distance			a6b084c7-4ebb-4fb8-929b-ee9e448a75fe_0_0_6A:BB:27:53:1C:7F_estimated_distance
sensor.smartvehicle869_1c7f_power	ibeacon	iBeacon Tracker	smartVehicle869 1C7F		Power	integration		a6b084c7-4ebb-4fb8-929b-ee9e448a75fe_0_0_6A:BB:27:53:1C:7F_power
sensor.smartvehicle869_1c7f_signal_strength	ibeacon	iBeacon Tracker	smartVehicle869 1C7F		Signal strength	integration		a6b084c7-4ebb-4fb8-929b-ee9e448a75fe_0_0_6A:BB:27:53:1C:7F_rssi
sensor.smartvehicle869_1c7f_vendor	ibeacon	iBeacon Tracker	smartVehicle869 1C7F		Vendor	integration		a6b084c7-4ebb-4fb8-929b-ee9e448a75fe_0_0_6A:BB:27:53:1C:7F_vendor
sensor.smartvehicle869_7e90_estimated_distance	ibeacon	iBeacon Tracker	smartVehicle869 7E90		Estimated distance			a6b084c7-4ebb-4fb8-929b-ee9e448a75fe_0_0_5B:8A:D2:98:7E:90_estimated_distance
sensor.smartvehicle869_7e90_power	ibeacon	iBeacon Tracker	smartVehicle869 7E90		Power	integration		a6b084c7-4ebb-4fb8-929b-ee9e448a75fe_0_0_5B:8A:D2:98:7E:90_power
sensor.smartvehicle869_7e90_signal_strength	ibeacon	iBeacon Tracker	smartVehicle869 7E90		Signal strength	integration		a6b084c7-4ebb-4fb8-929b-ee9e448a75fe_0_0_5B:8A:D2:98:7E:90_rssi
sensor.smartvehicle869_7e90_vendor	ibeacon	iBeacon Tracker	smartVehicle869 7E90		Vendor	integration		a6b084c7-4ebb-4fb8-929b-ee9e448a75fe_0_0_5B:8A:D2:98:7E:90_vendor
sensor.smartvehicle869_8ccd_estimated_distance	ibeacon	iBeacon Tracker	smartVehicle869 8CCD		Estimated distance			a6b084c7-4ebb-4fb8-929b-ee9e448a75fe_0_0_63:1E:1D:0A:8C:CD_estimated_distance
sensor.smartvehicle869_8ccd_power	ibeacon	iBeacon Tracker	smartVehicle869 8CCD		Power	integration		a6b084c7-4ebb-4fb8-929b-ee9e448a75fe_0_0_63:1E:1D:0A:8C:CD_power
sensor.smartvehicle869_8ccd_signal_strength	ibeacon	iBeacon Tracker	smartVehicle869 8CCD		Signal strength	integration		a6b084c7-4ebb-4fb8-929b-ee9e448a75fe_0_0_63:1E:1D:0A:8C:CD_rssi
sensor.smartvehicle869_8ccd_vendor	ibeacon	iBeacon Tracker	smartVehicle869 8CCD		Vendor	integration		a6b084c7-4ebb-4fb8-929b-ee9e448a75fe_0_0_63:1E:1D:0A:8C:CD_vendor
sensor.smartvehicle869_f53c_estimated_distance	ibeacon	iBeacon Tracker	smartVehicle869 F53C		Estimated distance			a6b084c7-4ebb-4fb8-929b-ee9e448a75fe_0_0_6F:9B:2F:FC:F5:3C_estimated_distance
sensor.smartvehicle869_f53c_power	ibeacon	iBeacon Tracker	smartVehicle869 F53C		Power	integration		a6b084c7-4ebb-4fb8-929b-ee9e448a75fe_0_0_6F:9B:2F:FC:F5:3C_power
sensor.smartvehicle869_f53c_signal_strength	ibeacon	iBeacon Tracker	smartVehicle869 F53C		Signal strength	integration		a6b084c7-4ebb-4fb8-929b-ee9e448a75fe_0_0_6F:9B:2F:FC:F5:3C_rssi
sensor.smartvehicle869_f53c_vendor	ibeacon	iBeacon Tracker	smartVehicle869 F53C		Vendor	integration		a6b084c7-4ebb-4fb8-929b-ee9e448a75fe_0_0_6F:9B:2F:FC:F5:3C_vendor
sensor.sonoff_1000eced8f_rssi	sonoff	tongaimaramba@gmail.com	Fan		Fan RSSI	integration		1000eced8f_rssi
sensor.sonoff_100125dac5_rssi	sonoff	tongaimaramba@gmail.com	patio lights		patio lights RSSI	integration		100125dac5_rssi
sensor.sonoff_100140291c_rssi	sonoff	tongaimaramba@gmail.com	Garage		Garage RSSI	integration		100140291c_rssi
sensor.speedtest_cpu_percent	hassio	Supervisor	Speedtest		CPU percent	integration		6b87c29e_speedtest_addon_cpu_percent
sensor.speedtest_download_2	speedtestdotnet	SpeedTest	SpeedTest	Garage	Download			download
sensor.speedtest_memory_percent	hassio	Supervisor	Speedtest		Memory percent	integration		6b87c29e_speedtest_addon_memory_percent
sensor.speedtest_newest_version	hassio	Supervisor	Speedtest		Newest version	integration		6b87c29e_speedtest_addon_version_latest
sensor.speedtest_ping	speedtestdotnet	SpeedTest	SpeedTest	Garage	Ping			ping
sensor.speedtest_upload	speedtestdotnet	SpeedTest	SpeedTest	Garage	Upload			upload
sensor.speedtest_version	hassio	Supervisor	Speedtest		Version	integration		6b87c29e_speedtest_addon_version
sensor.spr20_0af9_estimated_distance	ibeacon	iBeacon Tracker	SPR20             0AF9		Estimated distance			fda50693-a4e2-4fb1-afcf-c6eb07647825_10100_27629_10:15:00:00:0A:F9_estimated_distance
sensor.spr20_0af9_power	ibeacon	iBeacon Tracker	SPR20             0AF9		Power	integration		fda50693-a4e2-4fb1-afcf-c6eb07647825_10100_27629_10:15:00:00:0A:F9_power
sensor.spr20_0af9_signal_strength	ibeacon	iBeacon Tracker	SPR20             0AF9		Signal strength	integration		fda50693-a4e2-4fb1-afcf-c6eb07647825_10100_27629_10:15:00:00:0A:F9_rssi
sensor.spr20_0af9_vendor	ibeacon	iBeacon Tracker	SPR20             0AF9		Vendor	integration		fda50693-a4e2-4fb1-afcf-c6eb07647825_10100_27629_10:15:00:00:0A:F9_vendor
sensor.sqlite_web_cpu_percent	hassio	Supervisor	SQLite Web		CPU percent	integration		a0d7b954_sqlite-web_cpu_percent
sensor.sqlite_web_memory_percent	hassio	Supervisor	SQLite Web		Memory percent	integration		a0d7b954_sqlite-web_memory_percent
sensor.sqlite_web_newest_version	hassio	Supervisor	SQLite Web		Newest version	integration		a0d7b954_sqlite-web_version_latest
sensor.sqlite_web_version	hassio	Supervisor	SQLite Web		Version	integration		a0d7b954_sqlite-web_version
sensor.stress_duration	garmin_connect	tongaimaramba@gmail.com	Garmin Connect	Home General	Stress Duration	integration		tongaimaramba@gmail.com_stressDuration
sensor.stress_percentage	garmin_connect	tongaimaramba@gmail.com	Garmin Connect	Home General	Stress Percentage	integration		tongaimaramba@gmail.com_stressPercentage
sensor.stress_qualifier	garmin_connect	tongaimaramba@gmail.com	Garmin Connect	Home General	Stress Qualifier	integration		tongaimaramba@gmail.com_stressQualifier
sensor.study_desk_lamp_zigbee_connectivity	hue	Hue Bridge 0017882791a0	Side Board Lamp	Study	Zigbee connectivity	integration		03c3d08d-ef3d-4eb2-bedb-d2ee303de8bb
sensor.study_presence_desk_sensor	esphome	doorstep presence	study presence	Study	Desk Sensor			58:BF:25:D7:20:71-sensor-desk_sensor
sensor.sun_next_dawn	sun	Sun	Sun		Next dawn			fb23c1fe8cd83a23977a89578999be3f-next_dawn
sensor.sun_next_dusk	sun	Sun	Sun		Next dusk			fb23c1fe8cd83a23977a89578999be3f-next_dusk
sensor.sun_next_midnight	sun	Sun	Sun		Next midnight			fb23c1fe8cd83a23977a89578999be3f-next_midnight
sensor.sun_next_noon	sun	Sun	Sun		Next noon			fb23c1fe8cd83a23977a89578999be3f-next_noon
sensor.sun_next_rising	sun	Sun	Sun		Next rising			fb23c1fe8cd83a23977a89578999be3f-next_rising
sensor.sun_next_setting	sun	Sun	Sun		Next setting			fb23c1fe8cd83a23977a89578999be3f-next_setting
sensor.sun_solar_azimuth	sun	Sun	Sun		Solar azimuth	integration		fb23c1fe8cd83a23977a89578999be3f-solar_azimuth
sensor.sun_solar_elevation	sun	Sun	Sun		Solar elevation	integration		fb23c1fe8cd83a23977a89578999be3f-solar_elevation
sensor.sun_solar_rising	sun	Sun	Sun		Solar rising	integration		fb23c1fe8cd83a23977a89578999be3f-solar_rising
sensor.swings_battery_level	hue	Hue Bridge 0017882791a0	Piano Lamp	Media area	Battery			f99e8378-aee1-4536-a3ce-309ae8f7f9a1
sensor.swings_zigbee_connectivity	hue	Hue Bridge 0017882791a0	Piano Lamp	Media area	Zigbee connectivity	integration		0a90e8ff-5b3b-472f-8797-412e2f9ffa7e
sensor.switch_351_current_consumption	lightwave2	tongaimaramba@gmail.com	Media Room Spotlights		Media Room Spotlights Current Consumption			5d17143ac42a3075031ca5a8-665f686ff812fb9bda578a74_power
sensor.switch_351_total_consumption	lightwave2	tongaimaramba@gmail.com	Media Room Spotlights		Media Room Spotlights Total Consumption			5d17143ac42a3075031ca5a8-665f686ff812fb9bda578a74_energy
sensor.t_side_zigbee_connectivity	hue	Hue Bridge 0017882791a0	E Window Side	Main Bedroom	Zigbee connectivity	integration		2d6362d4-704e-4781-93eb-7d44161824c0
sensor.tagreader_connected_ssid	esphome	kitchen-nfc	Kitchen-Nfc	Kitchen	TagReader Connected SSID			KITCHEN-NFC-text_sensor-tagreader_connected_ssid
sensor.tagreader_connected_ssid_2	esphome	kitchen-nfc	Kitchen-Nfc	Kitchen	TagReader Connected SSID			40:91:51:4E:DB:EA-text_sensor-tagreader_connected_ssid
sensor.tagreader_esphome_version	esphome	kitchen-nfc	Kitchen-Nfc	Kitchen	TagReader ESPHome Version			KITCHEN-NFC-text_sensor-tagreader_esphome_version
sensor.tagreader_esphome_version_2	esphome	kitchen-nfc	Kitchen-Nfc	Kitchen	TagReader ESPHome Version			40:91:51:4E:DB:EA-text_sensor-tagreader_esphome_version
sensor.tagreader_ip_address	esphome	kitchen-nfc	Kitchen-Nfc	Kitchen	TagReader IP Address			KITCHEN-NFC-text_sensor-tagreader_ip_address
sensor.tagreader_ip_address_2	esphome	kitchen-nfc	Kitchen-Nfc	Kitchen	TagReader IP Address			40:91:51:4E:DB:EA-text_sensor-tagreader_ip_address
sensor.terminal_ssh_cpu_percent	hassio	Supervisor	Terminal & SSH		CPU percent	integration		core_ssh_cpu_percent
sensor.terminal_ssh_memory_percent	hassio	Supervisor	Terminal & SSH		Memory percent	integration		core_ssh_memory_percent
sensor.terminal_ssh_newest_version	hassio	Supervisor	Terminal & SSH		Newest version	integration		core_ssh_version_latest
sensor.terminal_ssh_version	hassio	Supervisor	Terminal & SSH		Version	integration		core_ssh_version
sensor.tojgan_bright_zigbee_connectivity	hue	Hue Bridge 0017882791a0	tojgan bright	Garage	Zigbee connectivity	integration		525e8a22-67d2-44cf-ae0e-daa98e3a9d9a
sensor.tojgan_solar_total_energy_today	growatt_server_api	tojgan-solar	tojgan-solar Total	Garage	tojgan-solar Total Energy Today			2462223-total_energy_today
sensor.tojgan_solar_total_lifetime_energy_output	growatt_server_api	tojgan-solar	tojgan-solar Total	Garage	tojgan-solar Total Lifetime energy output			2462223-total_energy_output
sensor.tojgan_solar_total_maximum_power	growatt_server_api	tojgan-solar	tojgan-solar Total	Garage	tojgan-solar Total Maximum power			2462223-total_maximum_output
sensor.tojgan_solar_total_money_lifetime	growatt_server_api	tojgan-solar	tojgan-solar Total	Garage	tojgan-solar Total Money lifetime			2462223-total_money_total
sensor.tojgan_solar_total_output_power	growatt_server_api	tojgan-solar	tojgan-solar Total	Garage	tojgan-solar Total Output Power			2462223-total_output_power
sensor.tojgan_solar_total_total_money_today	growatt_server_api	tojgan-solar	tojgan-solar Total	Garage	tojgan-solar Total Total money today			2462223-total_money_today
sensor.tongai_locator	places	Tongai Locator 			Tongai Locator 			e7dd9ae3b871d63d2ce68c0f05dde2a8
sensor.tongai_mbp_2_active_audio_input	mobile_app	tongai-mbp (2)	tongai-mbp (2)		tongai-mbp (2) Active Audio Input			f346a7eb50ef87b09b506a5ffaac485cc119eb667b010fe3258006d72dc66614_active_microphone
sensor.tongai_mbp_2_active_audio_output	mobile_app	tongai-mbp (2)	tongai-mbp (2)		tongai-mbp (2) Active Audio Output			f346a7eb50ef87b09b506a5ffaac485cc119eb667b010fe3258006d72dc66614_active_audio_output
sensor.tongai_mbp_2_active_camera	mobile_app	tongai-mbp (2)	tongai-mbp (2)		tongai-mbp (2) Active Camera			f346a7eb50ef87b09b506a5ffaac485cc119eb667b010fe3258006d72dc66614_active_camera
sensor.tongai_mbp_2_app_version	mobile_app	tongai-mbp (2)	tongai-mbp (2)		tongai-mbp (2) App Version			f346a7eb50ef87b09b506a5ffaac485cc119eb667b010fe3258006d72dc66614_app-version
sensor.tongai_mbp_2_audio_output	mobile_app	tongai-mbp (2)	tongai-mbp (2)		tongai-mbp (2) Audio Output			f346a7eb50ef87b09b506a5ffaac485cc119eb667b010fe3258006d72dc66614_iphone-audio-output
sensor.tongai_mbp_2_bssid	mobile_app	tongai-mbp (2)	tongai-mbp (2)		tongai-mbp (2) BSSID			f346a7eb50ef87b09b506a5ffaac485cc119eb667b010fe3258006d72dc66614_connectivity_bssid
sensor.tongai_mbp_2_connection_type	mobile_app	tongai-mbp (2)	tongai-mbp (2)		tongai-mbp (2) Connection Type			f346a7eb50ef87b09b506a5ffaac485cc119eb667b010fe3258006d72dc66614_connectivity_connection_type
sensor.tongai_mbp_2_displays	mobile_app	tongai-mbp (2)	tongai-mbp (2)		tongai-mbp (2) Displays			f346a7eb50ef87b09b506a5ffaac485cc119eb667b010fe3258006d72dc66614_displays_count
sensor.tongai_mbp_2_frontmost_app	mobile_app	tongai-mbp (2)	tongai-mbp (2)		tongai-mbp (2) Frontmost App			f346a7eb50ef87b09b506a5ffaac485cc119eb667b010fe3258006d72dc66614_frontmost_app
sensor.tongai_mbp_2_geocoded_location	mobile_app	tongai-mbp (2)	tongai-mbp (2)		tongai-mbp (2) Geocoded Location			f346a7eb50ef87b09b506a5ffaac485cc119eb667b010fe3258006d72dc66614_geocoded_location
sensor.tongai_mbp_2_internal_battery_level	mobile_app	tongai-mbp (2)	tongai-mbp (2)		tongai-mbp (2) Internal Battery Level			f346a7eb50ef87b09b506a5ffaac485cc119eb667b010fe3258006d72dc66614_F8Y2107HSYTQ1LTA1_level
sensor.tongai_mbp_2_internal_battery_state	mobile_app	tongai-mbp (2)	tongai-mbp (2)		tongai-mbp (2) Internal Battery State			f346a7eb50ef87b09b506a5ffaac485cc119eb667b010fe3258006d72dc66614_F8Y2107HSYTQ1LTA1_state
sensor.tongai_mbp_2_last_update_trigger	mobile_app	tongai-mbp (2)	tongai-mbp (2)		tongai-mbp (2) Last Update Trigger			f346a7eb50ef87b09b506a5ffaac485cc119eb667b010fe3258006d72dc66614_last_update_trigger
sensor.tongai_mbp_2_location_permission	mobile_app	tongai-mbp (2)	tongai-mbp (2)		tongai-mbp (2) Location permission			f346a7eb50ef87b09b506a5ffaac485cc119eb667b010fe3258006d72dc66614_location-permission
sensor.tongai_mbp_2_primary_display_id	mobile_app	tongai-mbp (2)	tongai-mbp (2)		tongai-mbp (2) Primary Display ID			f346a7eb50ef87b09b506a5ffaac485cc119eb667b010fe3258006d72dc66614_primary_display_id
sensor.tongai_mbp_2_primary_display_name	mobile_app	tongai-mbp (2)	tongai-mbp (2)		tongai-mbp (2) Primary Display Name			f346a7eb50ef87b09b506a5ffaac485cc119eb667b010fe3258006d72dc66614_primary_display_name
sensor.tongai_mbp_2_ssid	mobile_app	tongai-mbp (2)	tongai-mbp (2)		tongai-mbp (2) SSID			f346a7eb50ef87b09b506a5ffaac485cc119eb667b010fe3258006d72dc66614_connectivity_ssid
sensor.tongai_mbp_2_storage	mobile_app	tongai-mbp (2)	tongai-mbp (2)		tongai-mbp (2) Storage			f346a7eb50ef87b09b506a5ffaac485cc119eb667b010fe3258006d72dc66614_storage
sensor.tongai_mbp_wk_active_audio_input	mobile_app	tongai-mbp_wk	tongai-mbp_wk		tongai-mbp_wk Active Audio Input			56a2de65e9040f5b37483a13fcd580414ae734ca9ef1b3a919e3f9e40e33cd01_active_microphone
sensor.tongai_mbp_wk_active_audio_output	mobile_app	tongai-mbp_wk	tongai-mbp_wk		tongai-mbp_wk Active Audio Output			56a2de65e9040f5b37483a13fcd580414ae734ca9ef1b3a919e3f9e40e33cd01_active_audio_output
sensor.tongai_mbp_wk_active_camera	mobile_app	tongai-mbp_wk	tongai-mbp_wk		tongai-mbp_wk Active Camera			56a2de65e9040f5b37483a13fcd580414ae734ca9ef1b3a919e3f9e40e33cd01_active_camera
sensor.tongai_mbp_wk_app_version	mobile_app	tongai-mbp_wk	tongai-mbp_wk		tongai-mbp_wk App Version			56a2de65e9040f5b37483a13fcd580414ae734ca9ef1b3a919e3f9e40e33cd01_app-version
sensor.tongai_mbp_wk_audio_output	mobile_app	tongai-mbp_wk	tongai-mbp_wk		tongai-mbp_wk Audio Output			56a2de65e9040f5b37483a13fcd580414ae734ca9ef1b3a919e3f9e40e33cd01_iphone-audio-output
sensor.tongai_mbp_wk_bssid	mobile_app	tongai-mbp_wk	tongai-mbp_wk		tongai-mbp_wk BSSID			56a2de65e9040f5b37483a13fcd580414ae734ca9ef1b3a919e3f9e40e33cd01_connectivity_bssid
sensor.tongai_mbp_wk_connection_type	mobile_app	tongai-mbp_wk	tongai-mbp_wk		tongai-mbp_wk Connection Type			56a2de65e9040f5b37483a13fcd580414ae734ca9ef1b3a919e3f9e40e33cd01_connectivity_connection_type
sensor.tongai_mbp_wk_displays	mobile_app	tongai-mbp_wk	tongai-mbp_wk		tongai-mbp_wk Displays			56a2de65e9040f5b37483a13fcd580414ae734ca9ef1b3a919e3f9e40e33cd01_displays_count
sensor.tongai_mbp_wk_frontmost_app	mobile_app	tongai-mbp_wk	tongai-mbp_wk		tongai-mbp_wk Frontmost App			56a2de65e9040f5b37483a13fcd580414ae734ca9ef1b3a919e3f9e40e33cd01_frontmost_app
sensor.tongai_mbp_wk_geocoded_location	mobile_app	tongai-mbp_wk	tongai-mbp_wk		tongai-mbp_wk Geocoded Location			56a2de65e9040f5b37483a13fcd580414ae734ca9ef1b3a919e3f9e40e33cd01_geocoded_location
sensor.tongai_mbp_wk_internal_battery_level	mobile_app	tongai-mbp_wk	tongai-mbp_wk		tongai-mbp_wk Internal Battery Level			56a2de65e9040f5b37483a13fcd580414ae734ca9ef1b3a919e3f9e40e33cd01_F8Y2107HSYTQ1LTA1_level
sensor.tongai_mbp_wk_internal_battery_state	mobile_app	tongai-mbp_wk	tongai-mbp_wk		tongai-mbp_wk Internal Battery State			56a2de65e9040f5b37483a13fcd580414ae734ca9ef1b3a919e3f9e40e33cd01_F8Y2107HSYTQ1LTA1_state
sensor.tongai_mbp_wk_last_update_trigger	mobile_app	tongai-mbp_wk	tongai-mbp_wk		tongai-mbp_wk Last Update Trigger			56a2de65e9040f5b37483a13fcd580414ae734ca9ef1b3a919e3f9e40e33cd01_last_update_trigger
sensor.tongai_mbp_wk_location_permission	mobile_app	tongai-mbp_wk	tongai-mbp_wk		tongai-mbp_wk Location permission			56a2de65e9040f5b37483a13fcd580414ae734ca9ef1b3a919e3f9e40e33cd01_location-permission
sensor.tongai_mbp_wk_primary_display_id	mobile_app	tongai-mbp_wk	tongai-mbp_wk		tongai-mbp_wk Primary Display ID			56a2de65e9040f5b37483a13fcd580414ae734ca9ef1b3a919e3f9e40e33cd01_primary_display_id
sensor.tongai_mbp_wk_primary_display_name	mobile_app	tongai-mbp_wk	tongai-mbp_wk		tongai-mbp_wk Primary Display Name			56a2de65e9040f5b37483a13fcd580414ae734ca9ef1b3a919e3f9e40e33cd01_primary_display_name
sensor.tongai_mbp_wk_ssid	mobile_app	tongai-mbp_wk	tongai-mbp_wk		tongai-mbp_wk SSID			56a2de65e9040f5b37483a13fcd580414ae734ca9ef1b3a919e3f9e40e33cd01_connectivity_ssid
sensor.tongai_mbp_wk_storage	mobile_app	tongai-mbp_wk	tongai-mbp_wk		tongai-mbp_wk Storage			56a2de65e9040f5b37483a13fcd580414ae734ca9ef1b3a919e3f9e40e33cd01_storage
sensor.tongai_s_sm25_distance_to_loft_controller	bermuda	Bermuda BLE Trilateration	Tongai's SM25		Distance to Loft Controller	integration		94332533261f4c25806d5320a803683b_100_40004_f4:65:0b:07:ab:34_range
sensor.tongai_s_sm25_unfiltered_distance_to_loft_controller	bermuda	Bermuda BLE Trilateration	Tongai's SM25		Unfiltered Distance to Loft Controller	integration		94332533261f4c25806d5320a803683b_100_40004_f4:65:0b:07:ab:34_range_raw
sensor.tongai_samsung25_estimated_distance	ibeacon	iBeacon Tracker	Tongai Samsung25		Estimated distance			94332533-261f-4c25-806d-5320a803683b_100_40004_estimated_distance
sensor.tongaism25_accent_color	mobile_app	TongaiSM25	TongaiSM25		TongaiSM25 Accent color	integration		5b07d3912c117b9060449adc8188884fc897deacdf80162f660eed3dd07f8b74_accent_color
sensor.tongaism25_active_calories_burned	mobile_app	TongaiSM25	TongaiSM25		TongaiSM25 Active calories burned	integration		5b07d3912c117b9060449adc8188884fc897deacdf80162f660eed3dd07f8b74_health_connect_active_calories_burned
sensor.tongaism25_active_notification_count	mobile_app	TongaiSM25	TongaiSM25		TongaiSM25 Active notification count	integration		5b07d3912c117b9060449adc8188884fc897deacdf80162f660eed3dd07f8b74_active_notification_count
sensor.tongaism25_app_importance	mobile_app	TongaiSM25	TongaiSM25		TongaiSM25 App importance	integration		5b07d3912c117b9060449adc8188884fc897deacdf80162f660eed3dd07f8b74_app_importance
sensor.tongaism25_app_memory	mobile_app	TongaiSM25	TongaiSM25		TongaiSM25 App memory	integration		5b07d3912c117b9060449adc8188884fc897deacdf80162f660eed3dd07f8b74_app_memory
sensor.tongaism25_app_rx_gb	mobile_app	TongaiSM25	TongaiSM25		TongaiSM25 App Rx GB	integration		5b07d3912c117b9060449adc8188884fc897deacdf80162f660eed3dd07f8b74_app_rx_gb
sensor.tongaism25_app_standby_bucket	mobile_app	TongaiSM25	TongaiSM25		TongaiSM25 App standby bucket	integration		5b07d3912c117b9060449adc8188884fc897deacdf80162f660eed3dd07f8b74_app_standby_bucket
sensor.tongaism25_app_tx_gb	mobile_app	TongaiSM25	TongaiSM25		TongaiSM25 App Tx GB	integration		5b07d3912c117b9060449adc8188884fc897deacdf80162f660eed3dd07f8b74_app_tx_gb
sensor.tongaism25_audio_mode	mobile_app	TongaiSM25	TongaiSM25		TongaiSM25 Audio mode	integration		5b07d3912c117b9060449adc8188884fc897deacdf80162f660eed3dd07f8b74_audio_mode
sensor.tongaism25_basal_body_temperature	mobile_app	TongaiSM25	TongaiSM25		TongaiSM25 Basal body temperature	integration		5b07d3912c117b9060449adc8188884fc897deacdf80162f660eed3dd07f8b74_health_connect_basal_body_temperature
sensor.tongaism25_basal_metabolic_rate	mobile_app	TongaiSM25	TongaiSM25		TongaiSM25 Basal metabolic rate	integration		5b07d3912c117b9060449adc8188884fc897deacdf80162f660eed3dd07f8b74_health_connect_basal_metabolic_rate
sensor.tongaism25_battery_cycle_count	mobile_app	TongaiSM25	TongaiSM25		TongaiSM25 Battery cycle count	integration		5b07d3912c117b9060449adc8188884fc897deacdf80162f660eed3dd07f8b74_battery_cycles
sensor.tongaism25_battery_health	mobile_app	TongaiSM25	TongaiSM25		TongaiSM25 Battery health	integration		5b07d3912c117b9060449adc8188884fc897deacdf80162f660eed3dd07f8b74_battery_health
sensor.tongaism25_battery_level	mobile_app	TongaiSM25	TongaiSM25		TongaiSM25 Battery level			5b07d3912c117b9060449adc8188884fc897deacdf80162f660eed3dd07f8b74_battery_level
sensor.tongaism25_battery_power	mobile_app	TongaiSM25	TongaiSM25		TongaiSM25 Battery power	integration		5b07d3912c117b9060449adc8188884fc897deacdf80162f660eed3dd07f8b74_battery_power
sensor.tongaism25_battery_state	mobile_app	TongaiSM25	TongaiSM25		TongaiSM25 Battery state			5b07d3912c117b9060449adc8188884fc897deacdf80162f660eed3dd07f8b74_battery_state
sensor.tongaism25_battery_temperature	mobile_app	TongaiSM25	TongaiSM25		TongaiSM25 Battery temperature	integration		5b07d3912c117b9060449adc8188884fc897deacdf80162f660eed3dd07f8b74_battery_temperature
sensor.tongaism25_beacon_monitor	mobile_app	TongaiSM25	TongaiSM25		TongaiSM25 Beacon monitor	integration		5b07d3912c117b9060449adc8188884fc897deacdf80162f660eed3dd07f8b74_beacon_monitor
sensor.tongaism25_ble_transmitter	mobile_app	TongaiSM25	TongaiSM25		TongaiSM25 BLE transmitter			5b07d3912c117b9060449adc8188884fc897deacdf80162f660eed3dd07f8b74_ble_emitter
sensor.tongaism25_blood_glucose	mobile_app	TongaiSM25	TongaiSM25		TongaiSM25 Blood glucose	integration		5b07d3912c117b9060449adc8188884fc897deacdf80162f660eed3dd07f8b74_health_connect_blood_glucose
sensor.tongaism25_bluetooth_connection	mobile_app	TongaiSM25	TongaiSM25		TongaiSM25 Bluetooth connection			5b07d3912c117b9060449adc8188884fc897deacdf80162f660eed3dd07f8b74_bluetooth_connection
sensor.tongaism25_body_fat	mobile_app	TongaiSM25	TongaiSM25		TongaiSM25 Body fat	integration		5b07d3912c117b9060449adc8188884fc897deacdf80162f660eed3dd07f8b74_health_connect_body_fat
sensor.tongaism25_body_temperature	mobile_app	TongaiSM25	TongaiSM25		TongaiSM25 Body temperature	integration		5b07d3912c117b9060449adc8188884fc897deacdf80162f660eed3dd07f8b74_health_connect_body_temperature
sensor.tongaism25_body_water_mass	mobile_app	TongaiSM25	TongaiSM25		TongaiSM25 Body water mass	integration		5b07d3912c117b9060449adc8188884fc897deacdf80162f660eed3dd07f8b74_health_connect_body_water_mass
sensor.tongaism25_bone_mass	mobile_app	TongaiSM25	TongaiSM25		TongaiSM25 Bone mass	integration		5b07d3912c117b9060449adc8188884fc897deacdf80162f660eed3dd07f8b74_health_connect_bone_mass
sensor.tongaism25_car_battery	mobile_app	TongaiSM25	TongaiSM25		TongaiSM25 Car battery	integration		5b07d3912c117b9060449adc8188884fc897deacdf80162f660eed3dd07f8b74_car_battery
sensor.tongaism25_car_charging_status	mobile_app	TongaiSM25	TongaiSM25		TongaiSM25 Car charging status	integration		5b07d3912c117b9060449adc8188884fc897deacdf80162f660eed3dd07f8b74_car_charging_status
sensor.tongaism25_car_ev_connector_type	mobile_app	TongaiSM25	TongaiSM25		TongaiSM25 Car EV connector type	integration		5b07d3912c117b9060449adc8188884fc897deacdf80162f660eed3dd07f8b74_car_ev_connector
sensor.tongaism25_car_fuel	mobile_app	TongaiSM25	TongaiSM25		TongaiSM25 Car fuel	integration		5b07d3912c117b9060449adc8188884fc897deacdf80162f660eed3dd07f8b74_car_fuel
sensor.tongaism25_car_fuel_type	mobile_app	TongaiSM25	TongaiSM25		TongaiSM25 Car fuel type	integration		5b07d3912c117b9060449adc8188884fc897deacdf80162f660eed3dd07f8b74_car_fuel_type
sensor.tongaism25_car_name	mobile_app	TongaiSM25	TongaiSM25		TongaiSM25 Car name	integration		5b07d3912c117b9060449adc8188884fc897deacdf80162f660eed3dd07f8b74_car_name
sensor.tongaism25_car_odometer	mobile_app	TongaiSM25	TongaiSM25		TongaiSM25 Car odometer	integration		5b07d3912c117b9060449adc8188884fc897deacdf80162f660eed3dd07f8b74_car_odometer
sensor.tongaism25_car_range_remaining	mobile_app	TongaiSM25	TongaiSM25		TongaiSM25 Car range remaining	integration		5b07d3912c117b9060449adc8188884fc897deacdf80162f660eed3dd07f8b74_car_range_remaining
sensor.tongaism25_car_speed	mobile_app	TongaiSM25	TongaiSM25		TongaiSM25 Car speed	integration		5b07d3912c117b9060449adc8188884fc897deacdf80162f660eed3dd07f8b74_car_speed
sensor.tongaism25_charger_type	mobile_app	TongaiSM25	TongaiSM25		TongaiSM25 Charger type			5b07d3912c117b9060449adc8188884fc897deacdf80162f660eed3dd07f8b74_charger_type
sensor.tongaism25_current_time_zone	mobile_app	TongaiSM25	TongaiSM25		TongaiSM25 Current time zone	integration		5b07d3912c117b9060449adc8188884fc897deacdf80162f660eed3dd07f8b74_current_time_zone
sensor.tongaism25_current_version	mobile_app	TongaiSM25	TongaiSM25		TongaiSM25 Current version	integration		5b07d3912c117b9060449adc8188884fc897deacdf80162f660eed3dd07f8b74_current_version
sensor.tongaism25_daily_distance	mobile_app	TongaiSM25	TongaiSM25		TongaiSM25 Daily distance	integration		5b07d3912c117b9060449adc8188884fc897deacdf80162f660eed3dd07f8b74_health_connect_distance
sensor.tongaism25_daily_elevation_gained	mobile_app	TongaiSM25	TongaiSM25		TongaiSM25 Daily elevation gained	integration		5b07d3912c117b9060449adc8188884fc897deacdf80162f660eed3dd07f8b74_health_connect_elevation_gained
sensor.tongaism25_daily_floors	mobile_app	TongaiSM25	TongaiSM25		TongaiSM25 Daily floors	integration		5b07d3912c117b9060449adc8188884fc897deacdf80162f660eed3dd07f8b74_health_connect_floors_climbed
sensor.tongaism25_daily_hydration	mobile_app	TongaiSM25	TongaiSM25		TongaiSM25 Daily hydration	integration		5b07d3912c117b9060449adc8188884fc897deacdf80162f660eed3dd07f8b74_health_connect_hydration
sensor.tongaism25_daily_steps	mobile_app	TongaiSM25	TongaiSM25		TongaiSM25 Daily steps	integration		5b07d3912c117b9060449adc8188884fc897deacdf80162f660eed3dd07f8b74_health_connect_steps
sensor.tongaism25_data_network_type_sim_1	mobile_app	TongaiSM25	TongaiSM25		TongaiSM25 Data network type (SIM 1)	integration		5b07d3912c117b9060449adc8188884fc897deacdf80162f660eed3dd07f8b74_sim_1_data_network_type
sensor.tongaism25_data_network_type_sim_2	mobile_app	TongaiSM25	TongaiSM25		TongaiSM25 Data network type (SIM 2)	integration		5b07d3912c117b9060449adc8188884fc897deacdf80162f660eed3dd07f8b74_sim_2_data_network_type
sensor.tongaism25_detected_activity	mobile_app	TongaiSM25	TongaiSM25		TongaiSM25 Detected activity	integration		5b07d3912c117b9060449adc8188884fc897deacdf80162f660eed3dd07f8b74_detected_activity
sensor.tongaism25_diastolic_blood_pressure	mobile_app	TongaiSM25	TongaiSM25		TongaiSM25 Diastolic blood pressure	integration		5b07d3912c117b9060449adc8188884fc897deacdf80162f660eed3dd07f8b74_health_connect_diastolic_blood_pressure
sensor.tongaism25_do_not_disturb_sensor	mobile_app	TongaiSM25	TongaiSM25		TongaiSM25 Do Not Disturb sensor	integration		5b07d3912c117b9060449adc8188884fc897deacdf80162f660eed3dd07f8b74_dnd_sensor
sensor.tongaism25_external_storage	mobile_app	TongaiSM25	TongaiSM25		TongaiSM25 External storage	integration		5b07d3912c117b9060449adc8188884fc897deacdf80162f660eed3dd07f8b74_external_storage
sensor.tongaism25_geocoded_location	mobile_app	TongaiSM25	TongaiSM25		TongaiSM25 Geocoded location			5b07d3912c117b9060449adc8188884fc897deacdf80162f660eed3dd07f8b74_geocoded_location
sensor.tongaism25_heart_rate	mobile_app	TongaiSM25	TongaiSM25		TongaiSM25 Heart rate	integration		5b07d3912c117b9060449adc8188884fc897deacdf80162f660eed3dd07f8b74_health_connect_heart_rate
sensor.tongaism25_heart_rate_variability	mobile_app	TongaiSM25	TongaiSM25		TongaiSM25 Heart rate variability	integration		5b07d3912c117b9060449adc8188884fc897deacdf80162f660eed3dd07f8b74_health_connect_heart_rate_variability
sensor.tongaism25_height	mobile_app	TongaiSM25	TongaiSM25		TongaiSM25 Height	integration		5b07d3912c117b9060449adc8188884fc897deacdf80162f660eed3dd07f8b74_health_connect_height
sensor.tongaism25_high_accuracy_update_interval	mobile_app	TongaiSM25	TongaiSM25		TongaiSM25 High accuracy update interval			5b07d3912c117b9060449adc8188884fc897deacdf80162f660eed3dd07f8b74_high_accuracy_update_interval
sensor.tongaism25_internal_storage	mobile_app	TongaiSM25	TongaiSM25		TongaiSM25 Internal storage	integration		5b07d3912c117b9060449adc8188884fc897deacdf80162f660eed3dd07f8b74_storage_sensor
sensor.tongaism25_ipv6_addresses	mobile_app	TongaiSM25	TongaiSM25		TongaiSM25 IPv6 addresses	integration		5b07d3912c117b9060449adc8188884fc897deacdf80162f660eed3dd07f8b74_ip6_addresses
sensor.tongaism25_last_notification	mobile_app	TongaiSM25	TongaiSM25		TongaiSM25 Last notification	integration		5b07d3912c117b9060449adc8188884fc897deacdf80162f660eed3dd07f8b74_last_notification
sensor.tongaism25_last_reboot	mobile_app	TongaiSM25	TongaiSM25		TongaiSM25 Last reboot	integration		5b07d3912c117b9060449adc8188884fc897deacdf80162f660eed3dd07f8b74_last_reboot
sensor.tongaism25_last_removed_notification	mobile_app	TongaiSM25	TongaiSM25		TongaiSM25 Last removed notification	integration		5b07d3912c117b9060449adc8188884fc897deacdf80162f660eed3dd07f8b74_last_removed_notification
sensor.tongaism25_last_update_trigger	mobile_app	TongaiSM25	TongaiSM25		TongaiSM25 Last update trigger	integration		5b07d3912c117b9060449adc8188884fc897deacdf80162f660eed3dd07f8b74_last_update
sensor.tongaism25_last_used_app	mobile_app	TongaiSM25	TongaiSM25		TongaiSM25 Last used app	integration		5b07d3912c117b9060449adc8188884fc897deacdf80162f660eed3dd07f8b74_last_used_app
sensor.tongaism25_lean_body_mass	mobile_app	TongaiSM25	TongaiSM25		TongaiSM25 Lean body mass	integration		5b07d3912c117b9060449adc8188884fc897deacdf80162f660eed3dd07f8b74_health_connect_lean_body_mass
sensor.tongaism25_light_sensor	mobile_app	TongaiSM25	TongaiSM25		TongaiSM25 Light sensor	integration		5b07d3912c117b9060449adc8188884fc897deacdf80162f660eed3dd07f8b74_light_sensor
sensor.tongaism25_media_session	mobile_app	TongaiSM25	TongaiSM25		TongaiSM25 Media session	integration		5b07d3912c117b9060449adc8188884fc897deacdf80162f660eed3dd07f8b74_media_session
sensor.tongaism25_mobile_rx_gb	mobile_app	TongaiSM25	TongaiSM25		TongaiSM25 Mobile Rx GB	integration		5b07d3912c117b9060449adc8188884fc897deacdf80162f660eed3dd07f8b74_mobile_rx_gb
sensor.tongaism25_mobile_tx_gb	mobile_app	TongaiSM25	TongaiSM25		TongaiSM25 Mobile Tx GB	integration		5b07d3912c117b9060449adc8188884fc897deacdf80162f660eed3dd07f8b74_mobile_tx_gb
sensor.tongaism25_network_type	mobile_app	TongaiSM25	TongaiSM25		TongaiSM25 Network type	integration		5b07d3912c117b9060449adc8188884fc897deacdf80162f660eed3dd07f8b74_network_type
sensor.tongaism25_next_alarm	mobile_app	TongaiSM25	TongaiSM25		TongaiSM25 Next alarm	integration		5b07d3912c117b9060449adc8188884fc897deacdf80162f660eed3dd07f8b74_next_alarm
sensor.tongaism25_os_version	mobile_app	TongaiSM25	TongaiSM25		TongaiSM25 OS version	integration		5b07d3912c117b9060449adc8188884fc897deacdf80162f660eed3dd07f8b74_android_os_version
sensor.tongaism25_oxygen_saturation	mobile_app	TongaiSM25	TongaiSM25		TongaiSM25 Oxygen saturation	integration		5b07d3912c117b9060449adc8188884fc897deacdf80162f660eed3dd07f8b74_health_connect_oxygen_saturation
sensor.tongaism25_phone_state	mobile_app	TongaiSM25	TongaiSM25		TongaiSM25 Phone state	integration		5b07d3912c117b9060449adc8188884fc897deacdf80162f660eed3dd07f8b74_phone_state
sensor.tongaism25_pressure_sensor	mobile_app	TongaiSM25	TongaiSM25		TongaiSM25 Pressure sensor	integration		5b07d3912c117b9060449adc8188884fc897deacdf80162f660eed3dd07f8b74_pressure_sensor
sensor.tongaism25_proximity_sensor	mobile_app	TongaiSM25	TongaiSM25		TongaiSM25 Proximity sensor	integration		5b07d3912c117b9060449adc8188884fc897deacdf80162f660eed3dd07f8b74_proximity_sensor
sensor.tongaism25_public_ip_address	mobile_app	TongaiSM25	TongaiSM25		TongaiSM25 Public IP address	integration		5b07d3912c117b9060449adc8188884fc897deacdf80162f660eed3dd07f8b74_public_ip_address
sensor.tongaism25_remaining_charge_time	mobile_app	TongaiSM25	TongaiSM25		TongaiSM25 Remaining charge time	integration		5b07d3912c117b9060449adc8188884fc897deacdf80162f660eed3dd07f8b74_remaining_charge_time
sensor.tongaism25_respiratory_rate	mobile_app	TongaiSM25	TongaiSM25		TongaiSM25 Respiratory rate	integration		5b07d3912c117b9060449adc8188884fc897deacdf80162f660eed3dd07f8b74_health_connect_respiratory_rate
sensor.tongaism25_resting_heart_rate	mobile_app	TongaiSM25	TongaiSM25		TongaiSM25 Resting heart rate	integration		5b07d3912c117b9060449adc8188884fc897deacdf80162f660eed3dd07f8b74_health_connect_resting_heart_rate
sensor.tongaism25_ringer_mode	mobile_app	TongaiSM25	TongaiSM25		TongaiSM25 Ringer mode	integration		5b07d3912c117b9060449adc8188884fc897deacdf80162f660eed3dd07f8b74_audio_sensor
sensor.tongaism25_screen_brightness	mobile_app	TongaiSM25	TongaiSM25		TongaiSM25 Screen brightness	integration		5b07d3912c117b9060449adc8188884fc897deacdf80162f660eed3dd07f8b74_screen_brightness
sensor.tongaism25_screen_off_timeout	mobile_app	TongaiSM25	TongaiSM25		TongaiSM25 Screen off timeout	integration		5b07d3912c117b9060449adc8188884fc897deacdf80162f660eed3dd07f8b74_screen_off_timeout
sensor.tongaism25_screen_orientation	mobile_app	TongaiSM25	TongaiSM25		TongaiSM25 Screen orientation	integration		5b07d3912c117b9060449adc8188884fc897deacdf80162f660eed3dd07f8b74_screen_orientation
sensor.tongaism25_screen_rotation	mobile_app	TongaiSM25	TongaiSM25		TongaiSM25 Screen rotation	integration		5b07d3912c117b9060449adc8188884fc897deacdf80162f660eed3dd07f8b74_screen_rotation
sensor.tongaism25_security_patch	mobile_app	TongaiSM25	TongaiSM25		TongaiSM25 Security patch	integration		5b07d3912c117b9060449adc8188884fc897deacdf80162f660eed3dd07f8b74_android_os_security_patch
sensor.tongaism25_signal_strength_sim_1	mobile_app	TongaiSM25	TongaiSM25		TongaiSM25 Signal strength (SIM 1)	integration		5b07d3912c117b9060449adc8188884fc897deacdf80162f660eed3dd07f8b74_sim_1_signal_strength
sensor.tongaism25_signal_strength_sim_2	mobile_app	TongaiSM25	TongaiSM25		TongaiSM25 Signal strength (SIM 2)	integration		5b07d3912c117b9060449adc8188884fc897deacdf80162f660eed3dd07f8b74_sim_2_signal_strength
sensor.tongaism25_sim_1	mobile_app	TongaiSM25	TongaiSM25		TongaiSM25 SIM 1	integration		5b07d3912c117b9060449adc8188884fc897deacdf80162f660eed3dd07f8b74_sim_1
sensor.tongaism25_sim_2	mobile_app	TongaiSM25	TongaiSM25		TongaiSM25 SIM 2	integration		5b07d3912c117b9060449adc8188884fc897deacdf80162f660eed3dd07f8b74_sim_2
sensor.tongaism25_sleep_confidence	mobile_app	TongaiSM25	TongaiSM25		TongaiSM25 Sleep confidence	integration		5b07d3912c117b9060449adc8188884fc897deacdf80162f660eed3dd07f8b74_sleep_confidence
sensor.tongaism25_sleep_duration	mobile_app	TongaiSM25	TongaiSM25		TongaiSM25 Sleep duration	integration		5b07d3912c117b9060449adc8188884fc897deacdf80162f660eed3dd07f8b74_health_connect_sleep_duration
sensor.tongaism25_sleep_segment	mobile_app	TongaiSM25	TongaiSM25		TongaiSM25 Sleep segment	integration		5b07d3912c117b9060449adc8188884fc897deacdf80162f660eed3dd07f8b74_sleep_segment
sensor.tongaism25_steps_sensor	mobile_app	TongaiSM25	TongaiSM25		TongaiSM25 Steps sensor	integration		5b07d3912c117b9060449adc8188884fc897deacdf80162f660eed3dd07f8b74_steps_sensor
sensor.tongaism25_systolic_blood_pressure	mobile_app	TongaiSM25	TongaiSM25		TongaiSM25 Systolic blood pressure	integration		5b07d3912c117b9060449adc8188884fc897deacdf80162f660eed3dd07f8b74_health_connect_systolic_blood_pressure
sensor.tongaism25_total_calories_burned	mobile_app	TongaiSM25	TongaiSM25		TongaiSM25 Total calories burned	integration		5b07d3912c117b9060449adc8188884fc897deacdf80162f660eed3dd07f8b74_health_connect_total_calories_burned
sensor.tongaism25_total_rx_gb	mobile_app	TongaiSM25	TongaiSM25		TongaiSM25 Total Rx GB	integration		5b07d3912c117b9060449adc8188884fc897deacdf80162f660eed3dd07f8b74_total_rx_gb
sensor.tongaism25_total_tx_gb	mobile_app	TongaiSM25	TongaiSM25		TongaiSM25 Total Tx GB	integration		5b07d3912c117b9060449adc8188884fc897deacdf80162f660eed3dd07f8b74_total_tx_gb
sensor.tongaism25_vo2_max	mobile_app	TongaiSM25	TongaiSM25		TongaiSM25 VO2 max	integration		5b07d3912c117b9060449adc8188884fc897deacdf80162f660eed3dd07f8b74_health_connect_vo2_max
sensor.tongaism25_volume_level_accessibility	mobile_app	TongaiSM25	TongaiSM25		TongaiSM25 Volume level accessibility	integration		5b07d3912c117b9060449adc8188884fc897deacdf80162f660eed3dd07f8b74_volume_accessibility
sensor.tongaism25_volume_level_alarm	mobile_app	TongaiSM25	TongaiSM25		TongaiSM25 Volume level alarm	integration		5b07d3912c117b9060449adc8188884fc897deacdf80162f660eed3dd07f8b74_volume_alarm
sensor.tongaism25_volume_level_call	mobile_app	TongaiSM25	TongaiSM25		TongaiSM25 Volume level call	integration		5b07d3912c117b9060449adc8188884fc897deacdf80162f660eed3dd07f8b74_volume_call
sensor.tongaism25_volume_level_dtmf	mobile_app	TongaiSM25	TongaiSM25		TongaiSM25 Volume level DTMF	integration		5b07d3912c117b9060449adc8188884fc897deacdf80162f660eed3dd07f8b74_volume_dtmf
sensor.tongaism25_volume_level_music	mobile_app	TongaiSM25	TongaiSM25		TongaiSM25 Volume level music	integration		5b07d3912c117b9060449adc8188884fc897deacdf80162f660eed3dd07f8b74_volume_music
sensor.tongaism25_volume_level_notification	mobile_app	TongaiSM25	TongaiSM25		TongaiSM25 Volume level notification	integration		5b07d3912c117b9060449adc8188884fc897deacdf80162f660eed3dd07f8b74_volume_notification
sensor.tongaism25_volume_level_ringer	mobile_app	TongaiSM25	TongaiSM25		TongaiSM25 Volume level ringer	integration		5b07d3912c117b9060449adc8188884fc897deacdf80162f660eed3dd07f8b74_volume_ring
sensor.tongaism25_volume_level_system	mobile_app	TongaiSM25	TongaiSM25		TongaiSM25 Volume level system	integration		5b07d3912c117b9060449adc8188884fc897deacdf80162f660eed3dd07f8b74_volume_system
sensor.tongaism25_weight	mobile_app	TongaiSM25	TongaiSM25		TongaiSM25 Weight	integration		5b07d3912c117b9060449adc8188884fc897deacdf80162f660eed3dd07f8b74_health_connect_weight
sensor.tongaism25_wi_fi_bssid	mobile_app	TongaiSM25	TongaiSM25		TongaiSM25 Wi-Fi BSSID			5b07d3912c117b9060449adc8188884fc897deacdf80162f660eed3dd07f8b74_wifi_bssid
sensor.tongaism25_wi_fi_connection	mobile_app	TongaiSM25	TongaiSM25		TongaiSM25 Wi-Fi connection			5b07d3912c117b9060449adc8188884fc897deacdf80162f660eed3dd07f8b74_wifi_connection
sensor.tongaism25_wi_fi_frequency	mobile_app	TongaiSM25	TongaiSM25		TongaiSM25 Wi-Fi frequency	integration		5b07d3912c117b9060449adc8188884fc897deacdf80162f660eed3dd07f8b74_wifi_frequency
sensor.tongaism25_wi_fi_ip_address	mobile_app	TongaiSM25	TongaiSM25		TongaiSM25 Wi-Fi IP address	integration		5b07d3912c117b9060449adc8188884fc897deacdf80162f660eed3dd07f8b74_wifi_ip_address
sensor.tongaism25_wi_fi_link_speed	mobile_app	TongaiSM25	TongaiSM25		TongaiSM25 Wi-Fi link speed	integration		5b07d3912c117b9060449adc8188884fc897deacdf80162f660eed3dd07f8b74_wifi_link_speed
sensor.tongaism25_wi_fi_signal_strength	mobile_app	TongaiSM25	TongaiSM25		TongaiSM25 Wi-Fi signal strength			5b07d3912c117b9060449adc8188884fc897deacdf80162f660eed3dd07f8b74_wifi_signal_strength
sensor.total_distance_mtr	garmin_connect	tongaimaramba@gmail.com	Garmin Connect	Home General	Total Distance Mtr			tongaimaramba@gmail.com_totalDistanceMeters
sensor.total_kilocalories	garmin_connect	tongaimaramba@gmail.com	Garmin Connect	Home General	Total KiloCalories			tongaimaramba@gmail.com_totalKilocalories
sensor.total_steps	garmin_connect	tongaimaramba@gmail.com	Garmin Connect	Home General	Total Steps			tongaimaramba@gmail.com_totalSteps
sensor.total_stress_duration	garmin_connect	tongaimaramba@gmail.com	Garmin Connect	Home General	Total Stress Duration			tongaimaramba@gmail.com_totalStressDuration
sensor.uncat_stress_duration	garmin_connect	tongaimaramba@gmail.com	Garmin Connect	Home General	Uncat. Stress Duration			tongaimaramba@gmail.com_uncategorizedStressDuration
sensor.uncat_stress_percentage	garmin_connect	tongaimaramba@gmail.com	Garmin Connect	Home General	Uncat. Stress Percentage	integration		tongaimaramba@gmail.com_uncategorizedStressPercentage
sensor.utility_1_zigbee_connectivity	hue	Hue Bridge 0017882791a0	Utility 1	Utility - Laundry	Zigbee connectivity	integration		837250bb-2402-40ee-82b4-dfae89cd2c32
sensor.utility_2_zigbee_connectivity	hue	Hue Bridge 0017882791a0	Utility 2	Utility - Laundry	Zigbee connectivity	integration		4d4d4572-bbcd-4150-a7ac-b33868cd2e20
sensor.utility_3_zigbee_connectivity	hue	Hue Bridge 0017882791a0	Utility 3	Utility - Laundry	Zigbee connectivity	integration		aaef30ca-89e6-457b-9cf4-9a4de674f55d
sensor.utility_4_zigbee_connectivity	hue	Hue Bridge 0017882791a0	Utility 4	Utility - Laundry	Zigbee connectivity	integration		0192bf64-08b7-4942-929c-752507b559dd
sensor.utility_5_zigbee_connectivity	hue	Hue Bridge 0017882791a0	Utility 5	Utility - Laundry	Zigbee connectivity	integration		02ed863a-f1bc-4a47-99c0-993d5c737747
sensor.utility_6_zigbee_connectivity	hue	Hue Bridge 0017882791a0	Utility 6	Utility	Zigbee connectivity	integration		ac8ea566-4b1a-4f32-aa99-811057d41487
sensor.utility_7_zigbee_connectivity	hue	Hue Bridge 0017882791a0	Utility 7	Utility	Zigbee connectivity	integration		8bc3cc82-efbd-4b70-b11a-0322a81ea91b
sensor.utility_8_zigbee_connectivity	hue	Hue Bridge 0017882791a0	Utility 8	Utility	Zigbee connectivity	integration		58e98c26-4dbd-4291-9e6c-d2d727d23be0
sensor.utility_9_zigbee_connectivity	hue	Hue Bridge 0017882791a0	Utility 9	Utility	Zigbee connectivity	integration		753ec09b-9b3c-4686-a590-24b75019dbcf
sensor.utility_lights_battery_level	hue	Hue Bridge 0017882791a0	Utility Lights	Utility	Battery			1fd1278a-688f-4432-b274-e480c1cfcf27
sensor.utility_lights_zigbee_connectivity	hue	Hue Bridge 0017882791a0	Utility Lights	Utility	Zigbee connectivity	integration		d6e4a3ec-ef68-4d57-aabe-2b7d1d05c33d
sensor.utility_motion_battery	hue	Hue Bridge 0017882791a0	Utility Motion	Utility	Battery			ac6a4eec-bd14-4256-9782-90ef4e07f6e1
sensor.utility_motion_light_level	hue	Hue Bridge 0017882791a0	Utility Motion	Utility	Illuminance			b2dffe1b-e1e8-470c-ac5f-5b6d588c92f1
sensor.utility_motion_temperature	hue	Hue Bridge 0017882791a0	Utility Motion	Utility	Temperature			7c4d1a9a-c19b-4166-9788-e4ae968b9d3c
sensor.utility_motion_zigbee_connectivity	hue	Hue Bridge 0017882791a0	Utility Motion	Utility	Zigbee connectivity	integration		a8815d78-dc30-4aff-b875-672c54224743
sensor.vigorous_intensity	garmin_connect	tongaimaramba@gmail.com	Garmin Connect	Home General	Vigorous Intensity	integration		tongaimaramba@gmail.com_vigorousIntensityMinutes
sensor.visceral_fat	garmin_connect	tongaimaramba@gmail.com	Garmin Connect	Home General	Visceral Fat	integration		tongaimaramba@gmail.com_visceralFat
sensor.volvo_eva_api_request_count	volvo_cars	Volvo EX40 (YV1XZEHR5T2686253)	Eva	Driveway	API request count			volvo_yv1xzehr5t2686253_api_request_count
sensor.volvo_eva_api_status	volvo_cars	Volvo EX40 (YV1XZEHR5T2686253)	Eva	Driveway	API status			volvo_yv1xzehr5t2686253_api_status
sensor.volvo_eva_availability	volvo_cars	Volvo EX40 (YV1XZEHR5T2686253)	Eva	Driveway	Car connection			volvo_yv1xzehr5t2686253_availability
sensor.volvo_eva_average_energy_consumption	volvo_cars	Volvo EX40 (YV1XZEHR5T2686253)	Eva	Driveway	TM Avg. energy consumption			volvo_yv1xzehr5t2686253_average_energy_consumption
sensor.volvo_eva_average_speed	volvo_cars	Volvo EX40 (YV1XZEHR5T2686253)	Eva	Driveway	TM Avg. speed			volvo_yv1xzehr5t2686253_average_speed
sensor.volvo_eva_average_speed_automatic	volvo_cars	Volvo EX40 (YV1XZEHR5T2686253)	Eva	Driveway	TA Avg. speed			volvo_yv1xzehr5t2686253_average_speed_automatic
sensor.volvo_eva_battery_capacity	volvo_cars	Volvo EX40 (YV1XZEHR5T2686253)	Eva	Driveway	Battery capacity			volvo_yv1xzehr5t2686253_battery_capacity
sensor.volvo_eva_battery_charge_level	volvo_cars	Volvo EX40 (YV1XZEHR5T2686253)	Eva	Driveway	Battery charge level			volvo_yv1xzehr5t2686253_battery_charge_level
sensor.volvo_eva_charging_connection_status	volvo_cars	Volvo EX40 (YV1XZEHR5T2686253)	Eva	Driveway	Charging connection status			volvo_yv1xzehr5t2686253_charging_connection_status
sensor.volvo_eva_charging_system_status	volvo_cars	Volvo EX40 (YV1XZEHR5T2686253)	Eva	Driveway	Charging status			volvo_yv1xzehr5t2686253_charging_system_status
sensor.volvo_eva_distance_to_empty_battery	volvo_cars	Volvo EX40 (YV1XZEHR5T2686253)	Eva	Driveway	Distance to empty battery			volvo_yv1xzehr5t2686253_distance_to_empty_battery
sensor.volvo_eva_distance_to_service	volvo_cars	Volvo EX40 (YV1XZEHR5T2686253)	Eva	Driveway	Distance to service			volvo_yv1xzehr5t2686253_distance_to_service
sensor.volvo_eva_engine_time_to_service	volvo_cars	Volvo EX40 (YV1XZEHR5T2686253)	Eva	Driveway	Engine time to service			volvo_yv1xzehr5t2686253_engine_time_to_service
sensor.volvo_eva_estimated_charging_time	volvo_cars	Volvo EX40 (YV1XZEHR5T2686253)	Eva	Driveway	Est. charging time			volvo_yv1xzehr5t2686253_estimated_charging_time
sensor.volvo_eva_odometer	volvo_cars	Volvo EX40 (YV1XZEHR5T2686253)	Eva	Driveway	Odometer			volvo_yv1xzehr5t2686253_odometer
sensor.volvo_eva_time_to_service	volvo_cars	Volvo EX40 (YV1XZEHR5T2686253)	Eva	Driveway	Time to service			volvo_yv1xzehr5t2686253_time_to_service
sensor.volvo_eva_trip_meter_automatic	volvo_cars	Volvo EX40 (YV1XZEHR5T2686253)	Eva	Driveway	TA Distance			volvo_yv1xzehr5t2686253_trip_meter_automatic
sensor.volvo_eva_trip_meter_manual	volvo_cars	Volvo EX40 (YV1XZEHR5T2686253)	Eva	Driveway	TM Distance			volvo_yv1xzehr5t2686253_trip_meter_manual
sensor.weight	garmin_connect	tongaimaramba@gmail.com	Garmin Connect	Home General	Weight	integration		tongaimaramba@gmail.com_weight
sensor.wellness_active_kilocalories	garmin_connect	tongaimaramba@gmail.com	Garmin Connect	Home General	Wellness Active KiloCalories	integration		tongaimaramba@gmail.com_wellnessActiveKilocalories
sensor.wellness_description	garmin_connect	tongaimaramba@gmail.com	Garmin Connect	Home General	Wellness Description	integration		tongaimaramba@gmail.com_wellnessDescription
sensor.wellness_distance_mtr	garmin_connect	tongaimaramba@gmail.com	Garmin Connect	Home General	Wellness Distance Mtr	integration		tongaimaramba@gmail.com_wellnessDistanceMeters
sensor.wellness_end_time	garmin_connect	tongaimaramba@gmail.com	Garmin Connect	Home General	Wellness End Time	integration		tongaimaramba@gmail.com_wellnessEndTimeLocal
sensor.wellness_kilocalories	garmin_connect	tongaimaramba@gmail.com	Garmin Connect	Home General	Wellness KiloCalories	integration		tongaimaramba@gmail.com_wellnessKilocalories
sensor.wellness_start_time	garmin_connect	tongaimaramba@gmail.com	Garmin Connect	Home General	Wellness Start Time	integration		tongaimaramba@gmail.com_wellnessStartTimeLocal
sensor.worktop_sensor_battery	hue	Hue Bridge 0017882791a0	Worktop Sensor	Kitchen	Battery			ffc0a5c5-c680-45c2-ab22-9b27d121da01
sensor.worktop_sensor_light_level	hue	Hue Bridge 0017882791a0	Worktop Sensor	Kitchen	Illuminance			1b2f8d80-ed29-40c1-9b7b-e5b9b9ab9cad
sensor.worktop_sensor_temperature	hue	Hue Bridge 0017882791a0	Worktop Sensor	Kitchen	Temperature			847ae1e3-f56d-49f0-922a-9462c545511c
sensor.worktop_sensor_zigbee_connectivity	hue	Hue Bridge 0017882791a0	Worktop Sensor	Kitchen	Zigbee connectivity	integration		46de2556-e87d-4675-bda2-0533e4a38495
sensor.wsbc002015575t_1b05_estimated_distance	ibeacon	iBeacon Tracker	WSBC002015575T 1B05		Estimated distance			54555242-4f48-4d49-3230-313701000000_55100_13062_D0:66:BD:77:1B:05_estimated_distance
sensor.wsbc002015575t_1b05_power	ibeacon	iBeacon Tracker	WSBC002015575T 1B05		Power	integration		54555242-4f48-4d49-3230-313701000000_55100_13062_D0:66:BD:77:1B:05_power
sensor.wsbc002015575t_1b05_signal_strength	ibeacon	iBeacon Tracker	WSBC002015575T 1B05		Signal strength	integration		54555242-4f48-4d49-3230-313701000000_55100_13062_D0:66:BD:77:1B:05_rssi
sensor.wsbc002015575t_1b05_vendor	ibeacon	iBeacon Tracker	WSBC002015575T 1B05		Vendor	integration		54555242-4f48-4d49-3230-313701000000_55100_13062_D0:66:BD:77:1B:05_vendor
sensor.wsbc014415574v_7026_estimated_distance	ibeacon	iBeacon Tracker	WSBC014415574V 7026		Estimated distance			54555242-4f48-4d49-3230-313701000000_54844_13063_F7:EF:23:EF:70:26_estimated_distance
sensor.wsbc014415574v_7026_power	ibeacon	iBeacon Tracker	WSBC014415574V 7026		Power	integration		54555242-4f48-4d49-3230-313701000000_54844_13063_F7:EF:23:EF:70:26_power
sensor.wsbc014415574v_7026_signal_strength	ibeacon	iBeacon Tracker	WSBC014415574V 7026		Signal strength	integration		54555242-4f48-4d49-3230-313701000000_54844_13063_F7:EF:23:EF:70:26_rssi
sensor.wsbc014415574v_7026_vendor	ibeacon	iBeacon Tracker	WSBC014415574V 7026		Vendor	integration		54555242-4f48-4d49-3230-313701000000_54844_13063_F7:EF:23:EF:70:26_vendor
sensor.wsbc025073760v_36c0_estimated_distance	ibeacon	iBeacon Tracker	WSBC025073760V 36C0		Estimated distance			54555242-4f48-4d49-3230-313701000000_45070_13062_D0:A1:98:7A:36:C0_estimated_distance
sensor.wsbc025073760v_36c0_power	ibeacon	iBeacon Tracker	WSBC025073760V 36C0		Power	integration		54555242-4f48-4d49-3230-313701000000_45070_13062_D0:A1:98:7A:36:C0_power
sensor.wsbc025073760v_36c0_signal_strength	ibeacon	iBeacon Tracker	WSBC025073760V 36C0		Signal strength	integration		54555242-4f48-4d49-3230-313701000000_45070_13062_D0:A1:98:7A:36:C0_rssi
sensor.wsbc025073760v_36c0_vendor	ibeacon	iBeacon Tracker	WSBC025073760V 36C0		Vendor	integration		54555242-4f48-4d49-3230-313701000000_45070_13062_D0:A1:98:7A:36:C0_vendor
sensor.wsbc025088514v_0bbd_estimated_distance	ibeacon	iBeacon Tracker	WSBC025088514V 0BBD		Estimated distance			54555242-4f48-4d49-3230-313701000000_16929_13062_D9:0A:33:2E:0B:BD_estimated_distance
sensor.wsbc025088514v_0bbd_power	ibeacon	iBeacon Tracker	WSBC025088514V 0BBD		Power	integration		54555242-4f48-4d49-3230-313701000000_16929_13062_D9:0A:33:2E:0B:BD_power
sensor.wsbc025088514v_0bbd_signal_strength	ibeacon	iBeacon Tracker	WSBC025088514V 0BBD		Signal strength	integration		54555242-4f48-4d49-3230-313701000000_16929_13062_D9:0A:33:2E:0B:BD_rssi
sensor.wsbc025088514v_0bbd_vendor	ibeacon	iBeacon Tracker	WSBC025088514V 0BBD		Vendor	integration		54555242-4f48-4d49-3230-313701000000_16929_13062_D9:0A:33:2E:0B:BD_vendor
sensor.wsbc025100240t_b362_estimated_distance	ibeacon	iBeacon Tracker	WSBC025100240T B362		Estimated distance			54555242-4f48-4d49-3230-313701000000_61440_13062_CB:A1:E8:B9:B3:62_estimated_distance
sensor.wsbc025100240t_b362_power	ibeacon	iBeacon Tracker	WSBC025100240T B362		Power	integration		54555242-4f48-4d49-3230-313701000000_61440_13062_CB:A1:E8:B9:B3:62_power
sensor.wsbc025100240t_b362_signal_strength	ibeacon	iBeacon Tracker	WSBC025100240T B362		Signal strength	integration		54555242-4f48-4d49-3230-313701000000_61440_13062_CB:A1:E8:B9:B3:62_rssi
sensor.wsbc025100240t_b362_vendor	ibeacon	iBeacon Tracker	WSBC025100240T B362		Vendor	integration		54555242-4f48-4d49-3230-313701000000_61440_13062_CB:A1:E8:B9:B3:62_vendor
sensor.z_wave_js_cpu_percent	hassio	Supervisor	Z-Wave JS		CPU percent	integration		core_zwave_js_cpu_percent
sensor.z_wave_js_memory_percent	hassio	Supervisor	Z-Wave JS		Memory percent	integration		core_zwave_js_memory_percent
sensor.z_wave_js_newest_version	hassio	Supervisor	Z-Wave JS		Newest version	integration		core_zwave_js_version_latest
sensor.z_wave_js_version	hassio	Supervisor	Z-Wave JS		Version	integration		core_zwave_js_version
siren.aarlo_all_arlo_sirens	aarlo	Aarlo for tongai.maramba@gmail.com	ARLO CONTROLLER		All Arlo Sirens			aarlo_all_sirens
siren.aarlo_garden_c_siren	aarlo	Aarlo for tongai.maramba@gmail.com	Garden C		Garden C Siren			aarlo_siren_A433197NA3BFB
siren.aarlo_swings_siren	aarlo	Aarlo for tongai.maramba@gmail.com	swings		swings Siren			aarlo_siren_5GG39B73A4B6E
switch.aarlo_all_sirens	aarlo	Aarlo for tongai.maramba@gmail.com	ARLO CONTROLLER		All Sirens			all_sirens
switch.aarlo_siren_garden_c	aarlo	Aarlo for tongai.maramba@gmail.com	Garden C		Garden C Siren			siren_garden_c
switch.aarlo_siren_swings	aarlo	Aarlo for tongai.maramba@gmail.com	swings		swings Siren			siren_swings
switch.aarlo_snapshot_garden_c	aarlo	Aarlo for tongai.maramba@gmail.com	Garden C		Garden C Snapshot			snapshot_garden_c
switch.aarlo_snapshot_swings	aarlo	Aarlo for tongai.maramba@gmail.com	swings		swings Snapshot			snapshot_swings
switch.advanced_ssh_web_terminal	hassio	Supervisor	Advanced SSH & Web Terminal			integration		ccf28a08_ssh_state
switch.alexa_media_player_pre_release	hacs		Alexa Media Player		Pre-release	integration		139664351
switch.appdaemon	hassio	Supervisor	AppDaemon			integration		a0d7b954_appdaemon_state
switch.arlo_camera_support_pre_release	hacs		Arlo Camera Support		Pre-release			167885769
switch.attributes_extractor_pre_release	hacs		Attributes extractor		Pre-release	integration		196057008
switch.auto_entities_pre_release	hacs		auto-entities		Pre-release	integration		167744584
switch.automation_audio	hue	Hue Bridge 0017882791a0	tojgan bright	Garage	Automation: Piano Lamp			ae09bb8a-a1d4-4e1f-aa81-8c9d14dc74a7
switch.automation_christmas_2	hue	Hue Bridge 0017882791a0	tojgan bright	Garage	Automation: Christmas 2			bceb46d4-a09c-4212-92a5-8dad0ad925e0
switch.automation_christmas_lights_times	hue	Hue Bridge 0017882791a0	tojgan bright	Garage	Automation: Christmas Lights Times			9e0f8e03-ff84-4761-9bbe-c18bbfd38cb8
switch.automation_ellie_switch	hue	Hue Bridge 0017882791a0	tojgan bright	Garage	Automation: Piano Lamp Dimmer			549486c6-3dfd-41f8-bda8-daa06cc472de
switch.automation_hue_dimmer_switch_1	hue	Hue Bridge 0017882791a0	tojgan bright	Garage	Automation: Hannah Hue Dimmer 			35c24415-bc18-45bc-97f5-1638c48c1910
switch.automation_hue_dimmer_switch_2	hue	Hue Bridge 0017882791a0	tojgan bright	Garage	Automation: Ellie Hue Dimmer			c7b11701-3305-4c83-8a32-8d41e9d933fe
switch.automation_hue_tap_dial_switch_1	hue	Hue Bridge 0017882791a0	tojgan bright	Garage	Automation: Lamps Dial			22684437-3862-420c-9032-2d4a57cf67e3
switch.automation_later	hue	Hue Bridge 0017882791a0	tojgan bright	Garage	Automation: Later			d673e81a-3554-489d-90f8-a11523df9607
switch.automation_loft_bathroom	hue	Hue Bridge 0017882791a0	tojgan bright	Garage	Automation: Loft Bathroom 			2404c0df-da70-456e-ae7b-4c443c88189f
switch.automation_m_bedside_light	hue	Hue Bridge 0017882791a0	tojgan bright	Garage	Automation: M Bedside Light			7e6fd503-af28-4a16-af65-5726bcc5f2d6
switch.automation_utility_motion	hue	Hue Bridge 0017882791a0	tojgan bright	Garage	Automation: Utility Motion			3abaf33b-eeba-4520-ab20-ab0118da1f00
switch.automation_wake	hue	Hue Bridge 0017882791a0	tojgan bright	Garage	Automation: Wake			f20e4670-ee1e-42eb-a85b-07622fcf7d13
switch.automation_whole_kitchen	hue	Hue Bridge 0017882791a0	tojgan bright	Garage	Automation: Garage Laundry			28b8cd60-df8f-4d59-98ea-b7748e086890
switch.automation_worktop_sensor	hue	Hue Bridge 0017882791a0	tojgan bright	Garage	Automation: Worktop Sensor			22462386-df78-41e5-9307-ee2a0f23b7c3
switch.badge_card_pre_release	hacs		badge-card		Pre-release	integration		281453608
switch.bathroom_sink_illuminance	hue	Hue Bridge 0017882791a0	Bathroom Sink	Bathroom	Light sensor enabled			c1de4baa-3de2-4e43-be91-9da473e6e39f
switch.bathroom_sink_motion	hue	Hue Bridge 0017882791a0	Bathroom Sink	Bathroom	Motion sensor enabled			dffb3e3d-9480-4c62-a7a6-6f492fef6439
switch.battery_entity_row_pre_release	hacs		Battery Entity Row		Pre-release	integration		303857065
switch.bermuda_ble_trilateration_pre_release	hacs		Bermuda BLE Trilateration		Pre-release	integration		676091897
switch.bha_icon_pack_pre_release	hacs		BHA Icon Pack		Pre-release	integration		179808576
switch.card_mod_pre_release	hacs		card-mod		Pre-release	integration		190927524
switch.charger_card_pre_release	hacs		Charger Card		Pre-release	integration		308752409
switch.cloudflared	hassio	Supervisor	Cloudflared			integration		9074a9fa_cloudflared_state
switch.coats_illuminance	hue	Hue Bridge 0017882791a0	Coats	Hallway	Light sensor enabled			4b473d2e-c819-41da-bf57-1abe2cbeff56
switch.coats_motion	hue	Hue Bridge 0017882791a0	Coats	Hallway	Motion sensor enabled			265cef33-851c-4bc0-98b9-5d436059dd82
switch.config_template_card_pre_release	hacs		Config Template Card		Pre-release	integration		172177543
switch.dyson_cloud_pre_release	hacs		Dyson Cloud		Pre-release	integration		338244244
switch.dyson_local_pre_release	hacs		Dyson Local		Pre-release	integration		334928907
switch.edgeos_ubiquiti_pre_release	hacs		EdgeOS (Ubiquiti)		Pre-release	integration		169467285
switch.entities_button_group_pre_release	hacs		Entities Button Group		Pre-release	integration		373857882
switch.entity_attributes_card_pre_release	hacs		Entity Attributes Card		Pre-release	integration		187245461
switch.esphome_device_builder	hassio	Supervisor	ESPHome Device Builder			integration		5c53de3b_esphome_state
switch.event_sensor_pre_release	hacs		Event sensor		Pre-release	integration		250866164
switch.fan_control_entity_row_pre_release	hacs		Fan Control Entity Row		Pre-release	integration		191663150
switch.fan_percent_button_row_pre_release	hacs		Fan Percent Button Row		Pre-release	integration		345753205
switch.file_editor	hassio	Supervisor	File editor			integration		core_configurator_state
switch.flex_table_highly_customizable_data_visualization_pre_release	hacs		Flex Table - Highly customizable, Data visualization		Pre-release	integration		156292058
switch.fujitsu_airstage_home_assistant_component_pre_release	hacs		Fujitsu Airstage Home Assistant component		Pre-release	integration		665025312
switch.fully_kiosk_browser_pre_release	hacs		Fully Kiosk Browser		Pre-release	integration		257988102
switch.garmin_connect_pre_release	hacs		Garmin Connect		Pre-release	integration		383732864
switch.get_hacs	hassio	Supervisor	Get HACS			integration		cb646a50_get_state
switch.group_card_pre_release	hacs		group-card		Pre-release	integration		187245511
switch.group_element_pre_release	hacs		Group Element		Pre-release	integration		179491130
switch.growatt_server_api_pre_release	hacs		Growatt Server API		Pre-release	integration		585307805
switch.growatt_sph_battery_first_slot_1_enabled	mqtt	Mosquitto broker	Growatt SPH		Battery first slot 1 enabled			inverter_1_battery_first_slot_1_enabled
switch.growatt_sph_battery_first_slot_2_enabled	mqtt	Mosquitto broker	Growatt SPH		Battery first slot 2 enabled			inverter_1_battery_first_slot_2_enabled
switch.growatt_sph_battery_first_slot_3_enabled	mqtt	Mosquitto broker	Growatt SPH		Battery first slot 3 enabled			inverter_1_battery_first_slot_3_enabled
switch.growatt_sph_grid_first_slot_1_enabled	mqtt	Mosquitto broker	Growatt SPH		Grid first slot 1 enabled			inverter_1_grid_first_slot_1_enabled
switch.growatt_sph_grid_first_slot_2_enabled	mqtt	Mosquitto broker	Growatt SPH		Grid first slot 2 enabled			inverter_1_grid_first_slot_2_enabled
switch.growatt_sph_grid_first_slot_3_enabled	mqtt	Mosquitto broker	Growatt SPH		Grid first slot 3 enabled			inverter_1_grid_first_slot_3_enabled
switch.ha_dashboard_pre_release	hacs		HA Dashboard		Pre-release	integration		329411371
switch.ha_floorplan_your_imagination_almost_defines_the_limits_pre_release	hacs		ha-floorplan 🖌🎨 | Your imagination (almost) defines the limits		Pre-release	integration		188323494
switch.hacs_pre_release	hacs		HACS		Pre-release	integration		172733314
switch.home_assistant_google_drive_backup	hassio	Supervisor	Home Assistant Google Drive Backup			integration		cebe7a76_hassio_google_drive_backup_state
switch.hue_motion_sensor_1_illuminance	hue	Hue Bridge 0017882791a0	Loft Bathroom 	Loft Bathroom	Light sensor enabled			df9dca41-453d-4a8a-9a20-807ac9f91f59
switch.hue_motion_sensor_1_motion	hue	Hue Bridge 0017882791a0	Loft Bathroom 	Loft Bathroom	Motion sensor enabled			2b9c5f43-f5a8-49b6-af8f-a7a0eda29240
switch.hue_motion_sensor_2_light_sensor_enabled	hue	Hue Bridge 0017882791a0	Garage Laundry	Kitchen	Light sensor enabled			a7ac884d-0226-4959-8542-7b7e08227cf1
switch.hue_motion_sensor_2_motion_sensor_enabled	hue	Hue Bridge 0017882791a0	Garage Laundry	Kitchen	Motion sensor enabled			f16b3ee0-4986-45d1-b8ca-ad76fb0053d6
switch.keymaster_pre_release	hacs		keymaster		Pre-release	integration		318359434
switch.landing_blind_close_landing_blind	esphome	landing-blind	landing-blind	Loft	Close - Landing Blind			34:85:18:03:D8:A8-switch-close_-_landing_blind
switch.landing_blind_open_landing_blind	esphome	landing-blind	landing-blind	Loft	Open - Landing Blind			34:85:18:03:D8:A8-switch-open_-_landing_blind
switch.landing_blind_stop_landing_blind	esphome	landing-blind	landing-blind	Loft	Stop - Landing Blind			34:85:18:03:D8:A8-switch-stop_-_landing_blind
switch.lg_webos_remote_control_pre_release	hacs		LG WebOS Remote Control		Pre-release	integration		257005990
switch.light_entity_card_pre_release	hacs		Light Entity Card		Pre-release	integration		168744428
switch.lightwave_rf_pre_release	hacs		Lightwave RF		Pre-release	integration		162808336
switch.lock_nuki	rpi_gpio				Lock Nuki			nuki_lock_switch_port_17
switch.loft_blind_close_loft_suite_blind	esphome	loft-blind	loft-blind		Close - Loft Suite Blind			AC:0B:FB:D7:F6:97-switch-close_-_loft_suite_blind
switch.loft_blind_open_loft_suite_blind	esphome	loft-blind	loft-blind		Open - Loft Suite Blind			AC:0B:FB:D7:F6:97-switch-open_-_loft_suite_blind
switch.loft_blind_stop_loft_suite_blind	esphome	loft-blind	loft-blind		Stop - Loft Suite Blind			AC:0B:FB:D7:F6:97-switch-stop_-_loft_suite_blind
switch.loft_controller_close_loft_suite_blind	esphome	Loft Controller	Loft Controller	Loft	Close - Loft Suite Blind			F4:65:0B:07:AB:34-switch-close_-_loft_suite_blind
switch.loft_controller_open_loft_suite_blind	esphome	Loft Controller	Loft Controller	Loft	Open - Loft Suite Blind			F4:65:0B:07:AB:34-switch-open_-_loft_suite_blind
switch.loft_controller_stop_loft_suite_blind	esphome	Loft Controller	Loft Controller	Loft	Stop - Loft Suite Blind			F4:65:0B:07:AB:34-switch-stop_-_loft_suite_blind
switch.lovelace_card_templater_pre_release	hacs		Lovelace Card Templater		Pre-release	integration		184333163
switch.lovelace_hass_aarlo_pre_release	hacs		Lovelace Hass Aarlo		Pre-release	integration		197245179
switch.lovelace_text_input_row_pre_release	hacs		Lovelace Text Input Row		Pre-release	integration		182113743
switch.matter_server	hassio	Supervisor	Matter Server			integration		core_matter_server_state
switch.miele_integration_pre_release	hacs		Miele integration		Pre-release	integration		316807165
switch.miele_pre_release	hacs		Miele		Pre-release	integration		439944813
switch.mini_graph_card_pre_release	hacs		mini-graph-card		Pre-release	integration		151280062
switch.mini_media_player_pre_release	hacs		Mini Media Player		Pre-release	integration		148520838
switch.momentary_empty_house_trigger	momentary							empty_house_trigger
switch.monitor_app_pre_release	hacs		Monitor-App		Pre-release	integration		188970295
switch.monitor_docker_pre_release	hacs		Monitor Docker		Pre-release	integration		272140589
switch.more_info_card_pre_release	hacs		more-info-card		Pre-release	integration		180528950
switch.mosquitto_broker	hassio	Supervisor	Mosquitto broker			integration		core_mosquitto_state
switch.multiline_entity_card_pre_release	hacs		Multiline Entity Card		Pre-release	integration		351472550
switch.multiple_entity_row_pre_release	hacs		Multiple Entity Row		Pre-release	integration		178921037
switch.mushroom_pre_release	hacs		Mushroom		Pre-release	integration		444350375
switch.myskoda_pre_release	hacs		MySkoda		Pre-release	integration		856542767
switch.nest_protect_pre_release	hacs		Nest Protect		Pre-release			448323715
switch.network_ups_tools	hassio	Supervisor	Network UPS Tools			integration		ccf28a08_nut_state
switch.nginx_home_assistant_ssl_proxy	hassio	Supervisor	NGINX Home Assistant SSL proxy			integration		core_nginx_proxy_state
switch.notify_card_pre_release	hacs		Notify Card		Pre-release	integration		358962656
switch.nuki_power	rpi_gpio				Nuki Power			nuki_en_switch_port_4
switch.octopus_agile_pre_release	hacs		Octopus Agile		Pre-release	integration		259739166
switch.octopus_energy_rates_card_pre_release	hacs		octopus-energy-rates-card		Pre-release	integration		596085141
switch.open_nuki	rpi_gpio				Open Nuki			nuki_open_switch_port_27
switch.passive_ble_monitor_integration_pre_release	hacs		Passive BLE monitor integration		Pre-release	integration		223993584
switch.places_pre_release	hacs		Places		Pre-release	integration		131915802
switch.portainer_pre_release	hacs		Portainer		Pre-release	integration		636943975
switch.pure_cool_continuous_monitoring	dyson_local	Pure Cool	Pure Cool	Main Bedroom	Pure Cool Continuous Monitoring			VS7-UK-MFA2757A-continuous_monitoring
switch.pure_cool_night_mode	dyson_local	Pure Cool	Pure Cool	Main Bedroom	Pure Cool Night Mode			VS7-UK-MFA2757A-night_mode
switch.pure_hot_cool_continuous_monitoring	dyson_local	Pure Hot+Cool	Pure Hot+Cool	Isla	Pure Hot+Cool Continuous Monitoring			ZZ9-UK-NEA5537A-continuous_monitoring
switch.pure_hot_cool_night_mode	dyson_local	Pure Hot+Cool	Pure Hot+Cool	Isla	Pure Hot+Cool Night Mode			ZZ9-UK-NEA5537A-night_mode
switch.raspberry_pi_gpio_pre_release	hacs		Raspberry Pi GPIO		Pre-release	integration		454951296
switch.roku_card_pre_release	hacs		Roku Card		Pre-release	integration		164367214
switch.room_card_pre_release	hacs		Room Card		Pre-release	integration		454440949
switch.rpi_rebooter_reboot_switch	esphome	rpi_rebooter	rpi_rebooter	Hallway	Reboot Switch			08:D1:F9:EB:E5:90-switch-reboot_switch
switch.rpi_rebooter_wlan0_restart	esphome	rpi_rebooter	rpi_rebooter	Hallway	WLAN0 Restart			08:D1:F9:EB:E5:90-switch-wlan0_restart
switch.samba_share	hassio	Supervisor	Samba share			integration		core_samba_state
switch.simple_clock_card_pre_release	hacs		Simple Clock Card		Pre-release	integration		341931266
switch.simple_thermostat_pre_release	hacs		Simple Thermostat		Pre-release	integration		158654878
switch.skoda_connect_pre_release	hacs		Skoda Connect		Pre-release	integration		312896602
switch.sonoff_1000eced8f	sonoff	tongaimaramba@gmail.com	Fan	Garden	Pump			1000eced8f
switch.sonoff_1000eced8f_led	sonoff	tongaimaramba@gmail.com	Fan		Fan LED	integration		1000eced8f_led
switch.sonoff_1000eced8f_pulse	sonoff	tongaimaramba@gmail.com	Fan		Fan INCHING	integration		1000eced8f_pulse
switch.sonoff_100125dac5	sonoff	tongaimaramba@gmail.com	patio lights	Garden	Patio Lights			100125dac5
switch.sonoff_100125dac5_led	sonoff	tongaimaramba@gmail.com	patio lights		patio lights LED	integration		100125dac5_led
switch.sonoff_100125dac5_pulse	sonoff	tongaimaramba@gmail.com	patio lights		patio lights INCHING	integration		100125dac5_pulse
switch.sonoff_100140291c	sonoff	tongaimaramba@gmail.com	Garage	Garage	Garage Light			100140291c
switch.sonoff_100140291c_led	sonoff	tongaimaramba@gmail.com	Garage		Garage LED	integration		100140291c_led
switch.sonoff_100140291c_pulse	sonoff	tongaimaramba@gmail.com	Garage		Garage INCHING	integration		100140291c_pulse
switch.sonoff_lan_pre_release	hacs		Sonoff LAN		Pre-release	integration		222118751
switch.sonoff_lights	group	Sonoff Lights			Sonoff Lights			a532b39561cfbbf37cdb7ddd6cb8b0f6
switch.speedtest	hassio	Supervisor	Speedtest			integration		6b87c29e_speedtest_addon_state
switch.sqlite_web	hassio	Supervisor	SQLite Web			integration		a0d7b954_sqlite-web_state
switch.tagreader_buzzer_enabled	esphome	kitchen-nfc	Kitchen-Nfc	Kitchen	TagReader Buzzer Enabled			KITCHEN-NFC-switch-tagreader_buzzer_enabled
switch.tagreader_buzzer_enabled_2	esphome	kitchen-nfc	Kitchen-Nfc	Kitchen	TagReader Buzzer Enabled			40:91:51:4E:DB:EA-switch-tagreader_buzzer_enabled
switch.tagreader_led_enabled	esphome	kitchen-nfc	Kitchen-Nfc	Kitchen	TagReader LED enabled			KITCHEN-NFC-switch-tagreader_led_enabled
switch.tagreader_led_enabled_2	esphome	kitchen-nfc	Kitchen-Nfc	Kitchen	TagReader LED enabled			40:91:51:4E:DB:EA-switch-tagreader_led_enabled
switch.template_entity_row_pre_release	hacs		template-entity-row		Pre-release	integration		231674882
switch.terminal_ssh	hassio	Supervisor	Terminal & SSH			integration		core_ssh_state
switch.timer_bar_card_pre_release	hacs		Timer Bar Card		Pre-release	integration		376904517
switch.toggle_control_button_row_pre_release	hacs		Toggle Control Button Row		Pre-release	integration		326033921
switch.tv_remote_card_with_touchpad_and_haptic_feedback_pre_release	hacs		TV Remote Card (with touchpad and haptic feedback)		Pre-release	integration		505459170
switch.unlock_nuki	rpi_gpio				Unlock Nuki			nuki_unlock_switch_port_22
switch.utility_motion_illuminance	hue	Hue Bridge 0017882791a0	Utility Motion	Utility	Light sensor enabled			b2dffe1b-e1e8-470c-ac5f-5b6d588c92f1
switch.utility_motion_motion	hue	Hue Bridge 0017882791a0	Utility Motion	Utility	Motion sensor enabled			fe4b2176-fd5d-4c3c-a0c2-5a3e302ab64c
switch.volvo_cars_pre_release	hacs		Volvo Cars		Pre-release	integration		899977910
switch.whatspie_pre_release	hacs		WhatsPie		Pre-release	integration		556789449
switch.worktop_sensor_illuminance	hue	Hue Bridge 0017882791a0	Worktop Sensor	Kitchen	Light sensor enabled			1b2f8d80-ed29-40c1-9b7b-e5b9b9ab9cad
switch.worktop_sensor_motion	hue	Hue Bridge 0017882791a0	Worktop Sensor	Kitchen	Motion sensor enabled			e069b5fc-2ed4-477d-93f3-9a0beeb0806f
switch.z_wave_js	hassio	Supervisor	Z-Wave JS			integration		core_zwave_js_state
tag.04_51_f5_01_b4_02_03	tag				Tag 04-51-F5-01-B4-02-03			04-51-F5-01-B4-02-03
tag.04_61_21_01_86_02_03	tag				Tag 04-61-21-01-86-02-03			04-61-21-01-86-02-03
tag.04_61_28_01_ae_02_03	tag				Tag 04-61-28-01-AE-02-03			04-61-28-01-AE-02-03
tag.04_a1_39_da_70_00_00	tag				Tag 04-A1-39-DA-70-00-00			04-A1-39-DA-70-00-00
tag.boost_main	tag				Boost main			c589f1a6-b88d-4869-9265-59dce024b7ab
tag.downstairs_lights_off	tag				Downstairs Lights Off			80a36f97-2779-4e1b-adc9-ef93c1895868
tag.dsl	tag				Dsl			b2165dbb-5b8d-496d-bdbc-519da9bf0cbb
tag.fave_playlist	tag				Fave Playlist			59f194cc-4db6-4d5d-b2e4-a8c02fc33e31
tag.front	tag				Front			5f18e4cc-d48f-4a65-ab45-02658781dac9
tag.t_light	tag				T-light			54805471-50ef-43f7-8c19-452ec2e5d80e
tag.testand	tag				Testand			f81e769d-b89c-4940-9a3d-46bb9bdbeb82
update.advanced_ssh_web_terminal_update	hassio	Supervisor	Advanced SSH & Web Terminal		Update			ccf28a08_ssh_version_latest
update.alexa_media_player_update	hacs		Alexa Media Player		Alexa Media Player update			139664351
update.appdaemon_4_update	hassio	Supervisor	AppDaemon		Update			a0d7b954_appdaemon_version_latest
update.arlo_camera_support_update	hacs		Arlo Camera Support		Arlo Camera Support update			167885769
update.attributes_extractor_update	hacs		Attributes extractor		Attributes extractor update			196057008
update.auto_entities_update	hacs		auto-entities		auto-entities update			167744584
update.badge_card_update	hacs		badge-card		badge-card update			281453608
update.battery_entity_row_update	hacs		Battery Entity Row		Battery Entity Row update			303857065
update.bedroom_presence_firmware	esphome	Bedroom Presence	Bedroom Presence	Loft	Firmware	integration		D8:3B:DA:75:E6:90
update.bermuda_ble_trilateration_update	hacs		Bermuda BLE Trilateration		Bermuda BLE Trilateration update			676091897
update.bha_icon_pack_update	hacs		BHA Icon Pack		BHA Icon Pack update			179808576
update.card_mod_update	hacs		card-mod		card-mod update			190927524
update.charger_card_update	hacs		Charger Card		Charger Card update			308752409
update.cloudflared_update	hassio	Supervisor	Cloudflared		Update			9074a9fa_cloudflared_version_latest
update.config_template_card_update	hacs		Config Template Card		Config Template Card update			172177543
update.doorstep_presence_firmware	esphome	doorstep presence	study presence	Study	Firmware			58:BF:25:D7:20:71
update.driveway_detector_firmware	esphome	driveway detector	driveway detector	Garage	Firmware			FC:B4:67:93:64:5C
update.dyson_cloud_update	hacs		Dyson Cloud		Dyson Cloud update			338244244
update.dyson_local_update	hacs		Dyson Local		Dyson Local update			334928907
update.edgeos_ubiquiti_update	hacs		EdgeOS (Ubiquiti)		EdgeOS (Ubiquiti) update			169467285
update.entities_button_group_update	hacs		Entities Button Group		Entities Button Group update			373857882
update.entity_attributes_card_update	hacs		Entity Attributes Card		Entity Attributes Card update			187245461
update.esphome_device_builder_update	hassio	Supervisor	ESPHome Device Builder		Update			5c53de3b_esphome_version_latest
update.event_sensor_update	hacs		Event sensor		Event sensor update			250866164
update.fan_control_entity_row_update	hacs		Fan Control Entity Row		Fan Control Entity Row update			191663150
update.fan_percent_button_row_update	hacs		Fan Percent Button Row		Fan Percent Button Row update			345753205
update.file_editor_update	hassio	Supervisor	File editor		Update			core_configurator_version_latest
update.fingerprint_authoriser_firmware	esphome	Fingerprint Authoriser	Fingerprint Authoriser	Hallway	Firmware	integration		C8:F0:9E:4E:4A:5C
update.fingerprint_authoriser_firmware_2	esphome	c3	Fingerprint Authoriser	Garage	Firmware	integration		D8:3B:DA:73:D9:F4
update.flex_table_highly_customizable_data_visualization_update	hacs		Flex Table - Highly customizable, Data visualization		Flex Table - Highly customizable, Data visualization update			156292058
update.front_door_proxy_firmware	esphome	zane-proxy	zane-proxy	Dining Area	Firmware	integration		D8:3B:DA:73:D6:BC
update.fujitsu_airstage_home_assistant_component_update	hacs		Fujitsu Airstage Home Assistant component		Fujitsu Airstage Home Assistant component update			665025312
update.fully_kiosk_browser_update	hacs		Fully Kiosk Browser		Fully Kiosk Browser update			257988102
update.garmin_connect_update	hacs		Garmin Connect		Garmin Connect update			383732864
update.get_hacs_update	hassio	Supervisor	Get HACS		Update			cb646a50_get_version_latest
update.group_card_update	hacs		group-card		group-card update			187245511
update.group_element_update	hacs		Group Element		Group Element update			179491130
update.growatt_server_api_update	hacs		Growatt Server API		Growatt Server API update			585307805
update.ha_dashboard_update	hacs		HA Dashboard		HA Dashboard update			329411371
update.ha_floorplan_your_imagination_almost_defines_the_limits_update	hacs		ha-floorplan 🖌🎨 | Your imagination (almost) defines the limits		ha-floorplan 🖌🎨 | Your imagination (almost) defines the limits update			188323494
update.hacs_update	hacs		HACS		HACS update			172733314
update.home_assistant_core_update	hassio	Supervisor	Home Assistant Core		Update			home_assistant_core_version_latest
update.home_assistant_google_drive_backup_update	hassio	Supervisor	Home Assistant Google Drive Backup		Update			cebe7a76_hassio_google_drive_backup_version_latest
update.home_assistant_operating_system_update	hassio	Supervisor	Home Assistant Operating System		Update			home_assistant_os_version_latest
update.home_assistant_supervisor_update	hassio	Supervisor	Home Assistant Supervisor		Update			home_assistant_supervisor_version_latest
update.kai_proxy_firmware	esphome	kai_proxy	kai_proxy	Hallway	Firmware	integration		F4:65:0B:08:8B:88
update.keymaster_update	hacs		keymaster		keymaster update			318359434
update.kitchen_nfc_firmware	esphome	kitchen-nfc	Kitchen-Nfc	Kitchen	Firmware			40:91:51:4E:DB:EA
update.landing_blind_firmware	esphome	landing-blind	landing-blind	Loft	Firmware	integration		34:85:18:03:D8:A8
update.lg_webos_remote_control_update	hacs		LG WebOS Remote Control		LG WebOS Remote Control update			257005990
update.light_entity_card_update	hacs		Light Entity Card		Light Entity Card update			168744428
update.lightwave_rf_update	hacs		Lightwave RF		Lightwave RF update			162808336
update.loft32_firmware	esphome	study work status	work status	Study	Firmware			94:3C:C6:37:67:84
update.loft_blind_firmware	esphome	loft-blind	loft-blind		Firmware			AC:0B:FB:D7:F6:97
update.loft_controller_firmware	esphome	Loft Controller	Loft Controller	Loft	Firmware	integration		F4:65:0B:07:AB:34
update.lovelace_card_templater_update	hacs		Lovelace Card Templater		Lovelace Card Templater update			184333163
update.lovelace_hass_aarlo_update	hacs		Lovelace Hass Aarlo		Lovelace Hass Aarlo update			197245179
update.lovelace_text_input_row_update	hacs		Lovelace Text Input Row		Lovelace Text Input Row update			182113743
update.matter_server_update	hassio	Supervisor	Matter Server		Update			core_matter_server_version_latest
update.miele_integration_update	hacs		Miele integration		Miele integration update			316807165
update.miele_update	hacs		Miele		Miele update			439944813
update.mini_graph_card_update	hacs		mini-graph-card		mini-graph-card update			151280062
update.mini_media_player_update	hacs		Mini Media Player		Mini Media Player update			148520838
update.monitor_app_update	hacs		Monitor-App		Monitor-App update			188970295
update.monitor_docker_update	hacs		Monitor Docker		Monitor Docker update			272140589
update.more_info_card_update	hacs		more-info-card		more-info-card update			180528950
update.mosquitto_broker_update	hassio	Supervisor	Mosquitto broker		Update			core_mosquitto_version_latest
update.multiline_entity_card_update	hacs		Multiline Entity Card		Multiline Entity Card update			351472550
update.multiple_entity_row_update	hacs		Multiple Entity Row		Multiple Entity Row update			178921037
update.mushroom_update	hacs		Mushroom		Mushroom update			444350375
update.myskoda_update	hacs		MySkoda		MySkoda update			856542767
update.nest_protect_update	hacs		Nest Protect		Nest Protect update			448323715
update.network_ups_tools_update	hassio	Supervisor	Network UPS Tools		Update			ccf28a08_nut_version_latest
update.nginx_home_assistant_ssl_proxy_update	hassio	Supervisor	NGINX Home Assistant SSL proxy		Update			core_nginx_proxy_version_latest
update.notify_card_update	hacs		Notify Card		Notify Card update			358962656
update.nya_proxy_firmware	esphome	nya-proxy	nya-proxy	Garage	Firmware	integration		F4:65:0B:07:70:84
update.octopus_agile_update	hacs		Octopus Agile		Octopus Agile update			259739166
update.octopus_energy_rates_card_update	hacs		octopus-energy-rates-card		octopus-energy-rates-card update			596085141
update.passive_ble_monitor_integration_update	hacs		Passive BLE monitor integration		Passive BLE monitor integration update			223993584
update.places_update	hacs		Places		Places update			131915802
update.portainer_update	hacs		Portainer		Portainer update			636943975
update.raspberry_pi_gpio_update	hacs		Raspberry Pi GPIO		Raspberry Pi GPIO update			454951296
update.roku_card_update	hacs		Roku Card		Roku Card update			164367214
update.room_card_update	hacs		Room Card		Room Card update			454440949
update.rpi_rebooter_firmware	esphome	rpi_rebooter	rpi_rebooter	Hallway	Firmware			08:D1:F9:EB:E5:90
update.samba_share_update	hassio	Supervisor	Samba share		Update			core_samba_version_latest
update.simple_clock_card_update	hacs		Simple Clock Card		Simple Clock Card update			341931266
update.simple_thermostat_update	hacs		Simple Thermostat		Simple Thermostat update			158654878
update.skoda_connect_update	hacs		Skoda Connect		Skoda Connect update			312896602
update.sonoff_lan_update	hacs		Sonoff LAN		Sonoff LAN update			222118751
update.speedtest_update	hassio	Supervisor	Speedtest		Update			6b87c29e_speedtest_addon_version_latest
update.sqlite_web_update	hassio	Supervisor	SQLite Web		Update			a0d7b954_sqlite-web_version_latest
update.template_entity_row_update	hacs		template-entity-row		template-entity-row update			231674882
update.terminal_ssh_update	hassio	Supervisor	Terminal & SSH		Update			core_ssh_version_latest
update.timer_bar_card_update	hacs		Timer Bar Card		Timer Bar Card update			376904517
update.toggle_control_button_row_update	hacs		Toggle Control Button Row		Toggle Control Button Row update			326033921
update.tv_remote_card_with_touchpad_and_haptic_feedback_update	hacs		TV Remote Card (with touchpad and haptic feedback)		TV Remote Card (with touchpad and haptic feedback) update			505459170
update.volvo_cars_update	hacs		Volvo Cars		Volvo Cars update			899977910
update.whatspie_update	hacs		WhatsPie		WhatsPie update			556789449
update.z_wave_js_update	hassio	Supervisor	Z-Wave JS		Update			core_zwave_js_version_latest
vacuum.robert	roomba	Robert	Robert					roomba_4320C0BC4988426D9ADA72F6C3CD8499
weather.alexandra_drive	accuweather	Alexandra_Drive	Alexandra_Drive	Home General				323328
zone.m_work	zone				Maple Works			m_work
zone.school	zone				School			school
zone.t_work	zone				Meta Office Kings Cross			t_work
